{"total":21140,"data":{"header":["Rank","Pokemon","Usage Percentage","Usage Raw","Usage Raw Percentage"],"rows":[[1,"Galvantula",5.08933,1170,5.535],[2,"Forretress",3.91011,869,4.111],[3,"Nidoqueen",3.62046,621,2.938],[4,"Donphan",3.57911,635,3.004],[5,"Espeon",3.47525,607,2.871],[6,"Bronzong",2.93863,617,2.919],[7,"Metagross",2.77615,537,2.54],[8,"Araquanid",2.76461,574,2.715],[9,"Registeel",2.49548,474,2.242],[10,"Roserade",2.1876,390,1.845],[11,"Blastoise-Mega",2.14429,392,1.854],[12,"Cloyster",1.96968,443,2.096],[13,"Jolteon",1.9588,378,1.788],[14,"Drapion",1.69966,360,1.703],[15,"Noivern",1.60914,322,1.523],[16,"Uxie",1.54113,317,1.5],[17,"Golisopod",1.47617,270,1.277],[18,"Ambipom",1.45976,313,1.481],[19,"Flygon",1.45646,299,1.414],[20,"Gigalith",1.40545,327,1.547],[21,"Torkoal",1.37103,243,1.149],[22,"Machamp",1.32796,255,1.206],[23,"Arcanine",1.2576,278,1.315],[24,"Mandibuzz",1.25518,248,1.173],[25,"Milotic",1.15195,225,1.064],[26,"Rotom-Mow",1.11558,190,0.899],[27,"Salazzle",1.03085,257,1.216],[28,"Diancie",1.00026,271,1.282],[29,"Passimian",0.96235,174,0.823],[30,"Ribombee",0.94904,215,1.017],[31,"Yanmega",0.93461,184,0.87],[32,"Porygon2",0.90128,175,0.828],[33,"Ninetales",0.88349,184,0.87],[34,"Necrozma",0.8511,149,0.705],[35,"Raikou",0.82087,161,0.762],[36,"Banette-Mega",0.81898,188,0.889],[37,"Rhyperior",0.81683,180,0.851],[38,"Goodra",0.77589,150,0.71],[39,"Snorlax",0.74518,186,0.88],[40,"Druddigon",0.69018,113,0.535],[41,"Swellow",0.64209,129,0.61],[42,"Marowak-Alola",0.62258,154,0.728],[43,"Slurpuff",0.62221,105,0.497],[44,"Tyrantrum",0.56599,132,0.624],[45,"Scyther",0.54526,98,0.464],[46,"Cinccino",0.54451,107,0.506],[47,"Honchkrow",0.53572,133,0.629],[48,"Zygarde-10%",0.53441,93,0.44],[49,"Sceptile-Mega",0.53438,123,0.582],[50,"Gardevoir",0.52004,111,0.525],[51,"Ampharos-Mega",0.5195,117,0.553],[52,"Escavalier",0.5047,97,0.459],[53,"Lycanroc-Dusk",0.47894,134,0.634],[54,"Sableye",0.4705,63,0.298],[55,"Steelix",0.46866,93,0.44],[56,"Aerodactyl",0.41584,92,0.435],[57,"Toxicroak",0.41158,115,0.544],[58,"Florges",0.39783,87,0.412],[59,"Dragalge",0.39466,83,0.393],[60,"Slowbro",0.38268,87,0.412],[61,"Togedemaru",0.37652,68,0.322],[62,"Umbreon",0.37304,96,0.454],[63,"Cresselia",0.35167,81,0.383],[64,"Mantine",0.34325,73,0.345],[65,"Virizion",0.3406,65,0.307],[66,"Venusaur",0.33887,85,0.402],[67,"Hariyama",0.3374,61,0.289],[68,"Shuckle",0.32567,83,0.393],[69,"Xatu",0.31035,75,0.355],[70,"Accelgor",0.29348,55,0.26],[71,"Tsareena",0.28724,58,0.274],[72,"Omastar",0.28636,61,0.289],[73,"Cofagrigus",0.28614,64,0.303],[74,"Decidueye",0.28065,54,0.255],[75,"Whimsicott",0.2806,69,0.326],[76,"Typhlosion",0.27708,56,0.265],[77,"Palossand",0.26831,73,0.345],[78,"Electrode",0.26569,70,0.331],[79,"Emboar",0.25955,54,0.255],[80,"Vaporeon",0.25676,42,0.199],[81,"Kingdra",0.25276,73,0.345],[82,"Malamar",0.25076,49,0.232],[83,"Charizard",0.22828,56,0.265],[84,"Bruxish",0.22655,37,0.175],[85,"Magcargo",0.21864,57,0.27],[86,"Pangoro",0.21587,41,0.194],[87,"Mismagius",0.21568,61,0.289],[88,"Archeops",0.21486,53,0.251],[89,"Bewear",0.20528,58,0.274],[90,"Camerupt-Mega",0.20265,49,0.232],[91,"Incineroar",0.20145,47,0.222],[92,"Kingler",0.19038,37,0.175],[93,"Drifblim",0.18729,39,0.184],[94,"Smeargle",0.18378,49,0.232],[95,"Garbodor",0.18246,59,0.279],[96,"Regirock",0.17929,51,0.241],[97,"Seismitoad",0.17832,30,0.142],[98,"Shedinja",0.178,37,0.175],[99,"Dusclops",0.16973,43,0.203],[100,"Scrafty",0.16645,33,0.156],[101,"Abomasnow-Mega",0.16518,35,0.166],[102,"Delphox",0.16411,37,0.175],[103,"Torterra",0.16076,37,0.175],[104,"Luxray",0.1589,26,0.123],[105,"Liepard",0.1578,37,0.175],[106,"Glalie-Mega",0.15366,32,0.151],[107,"Hoopa",0.15305,39,0.184],[108,"Articuno",0.14774,29,0.137],[109,"Persian-Alola",0.14446,36,0.17],[110,"Vanilluxe",0.14067,31,0.147],[111,"Purugly",0.13832,27,0.128],[112,"Jynx",0.13535,27,0.128],[113,"Cradily",0.13477,50,0.237],[114,"Houndoom",0.13381,25,0.118],[115,"Hitmontop",0.13351,31,0.147],[116,"Hitmonlee",0.13234,39,0.184],[117,"Shaymin",0.13132,32,0.151],[118,"Kecleon",0.13126,29,0.137],[119,"Exploud",0.12985,26,0.123],[120,"Gastrodon",0.12932,21,0.099],[121,"Meowstic",0.12535,39,0.184],[122,"Heliolisk",0.12474,22,0.104],[123,"Golem-Alola",0.12278,23,0.109],[124,"Dhelmise",0.11641,31,0.147],[125,"Ludicolo",0.11406,27,0.128],[126,"Regice",0.11292,21,0.099],[127,"Trevenant",0.11235,39,0.184],[128,"Sigilyph",0.11115,25,0.118],[129,"Leavanny",0.10925,19,0.09],[130,"Rotom",0.10808,26,0.123],[131,"Dusknoir",0.107,24,0.114],[132,"Aggron",0.10236,30,0.142],[133,"Audino-Mega",0.10177,14,0.066],[134,"Golurk",0.0988,27,0.128],[135,"Claydol",0.09816,29,0.137],[136,"Vivillon",0.09802,16,0.076],[137,"Piloswine",0.094,22,0.104],[138,"Barbaracle",0.09325,23,0.109],[139,"Vileplume",0.08823,20,0.095],[140,"Wormadam-Trash",0.08798,24,0.114],[141,"Golbat",0.08472,13,0.061],[142,"Lycanroc",0.08421,16,0.076],[143,"Pikachu",0.08395,21,0.099],[144,"Flareon",0.08395,18,0.085],[145,"Weezing",0.08253,22,0.104],[146,"Pyukumuku",0.07917,16,0.076],[147,"Minior",0.07891,20,0.095],[148,"Eelektross",0.07774,25,0.118],[149,"Magmortar",0.07485,22,0.104],[150,"Manectric",0.07418,14,0.066],[151,"Ditto",0.07418,40,0.189],[152,"Vikavolt",0.07329,11,0.052],[153,"Golem",0.07246,21,0.099],[154,"Leafeon",0.07023,14,0.066],[155,"Clawitzer",0.06982,17,0.08],[156,"Raichu",0.06825,19,0.09],[157,"Comfey",0.06711,16,0.076],[158,"Miltank",0.06665,21,0.099],[159,"Poliwrath",0.06589,21,0.099],[160,"Raticate",0.06561,15,0.071],[161,"Unfezant",0.06499,15,0.071],[162,"Sawk",0.06406,11,0.052],[163,"Klinklang",0.06399,12,0.057],[164,"Onix",0.06347,18,0.085],[165,"Avalugg",0.06219,12,0.057],[166,"Mudsdale",0.0607,16,0.076],[167,"Qwilfish",0.05919,12,0.057],[168,"Braviary",0.05728,13,0.061],[169,"Lopunny",0.05432,27,0.128],[170,"Ninjask",0.05401,14,0.066],[171,"Dodrio",0.05285,21,0.099],[172,"Ariados",0.05264,21,0.099],[173,"Mr. Mime",0.05166,22,0.104],[174,"Furret",0.05163,11,0.052],[175,"Lapras",0.05066,11,0.052],[176,"Musharna",0.05055,13,0.061],[177,"Camerupt",0.0505,11,0.052],[178,"Electivire",0.04938,14,0.066],[179,"Sneasel",0.04815,12,0.057],[180,"Gallade",0.04771,12,0.057],[181,"Medicham",0.04742,12,0.057],[182,"Mesprit",0.04709,15,0.071],[183,"Araquanid-Totem",0.04648,9,0.043],[184,"Masquerain",0.04602,24,0.114],[185,"Exeggutor-Alola",0.04495,9,0.043],[186,"Exeggutor",0.04461,14,0.066],[187,"Blastoise",0.04434,11,0.052],[188,"Sandslash",0.04176,11,0.052],[189,"Ferroseed",0.04175,11,0.052],[190,"Aurorus",0.04161,16,0.076],[191,"Prinplup",0.04089,25,0.118],[192,"Cryogonal",0.04028,10,0.047],[193,"Absol",0.04015,8,0.038],[194,"Stunfisk",0.04015,9,0.043],[195,"Drampa",0.04004,9,0.043],[196,"Rhydon",0.03938,9,0.043],[197,"Shiftry",0.03856,8,0.038],[198,"Swoobat",0.03729,6,0.028],[199,"Lycanroc-Midnight",0.03721,10,0.047],[200,"Relicanth",0.03617,8,0.038],[201,"Aipom",0.03594,10,0.047],[202,"Bastiodon",0.03481,16,0.076],[203,"Turtonator",0.03414,10,0.047],[204,"Eevee",0.03014,8,0.038],[205,"Cacturne",0.02976,7,0.033],[206,"Golduck",0.02976,6,0.028],[207,"Tangela",0.02959,7,0.033],[208,"Beartic",0.02947,8,0.038],[209,"Spinda",0.0289,8,0.038],[210,"Gourgeist",0.02782,6,0.028],[211,"Rotom-Fan",0.0276,5,0.024],[212,"Persian",0.0265,6,0.028],[213,"Meowth",0.02564,7,0.033],[214,"Tauros",0.02445,6,0.028],[215,"Koffing",0.02389,6,0.028],[216,"Omanyte",0.02357,7,0.033],[217,"Armaldo",0.0231,8,0.038],[218,"Jellicent",0.02305,7,0.033],[219,"Rapidash",0.02302,10,0.047],[220,"Floatzel",0.02283,6,0.028],[221,"Crustle",0.02187,5,0.024],[222,"Pyroar",0.02167,5,0.024],[223,"Kangaskhan",0.02161,8,0.038],[224,"Wigglytuff",0.0216,6,0.028],[225,"Skuntank",0.02155,4,0.019],[226,"Hypno",0.02145,5,0.024],[227,"Type: Null",0.0212,5,0.024],[228,"Emolga",0.02045,13,0.061],[229,"Wobbuffet",0.02034,9,0.043],[230,"Aromatisse",0.02004,5,0.024],[231,"Corsola",0.01913,5,0.024],[232,"Primeape",0.01911,5,0.024],[233,"Samurott",0.019,6,0.028],[234,"Hitmonchan",0.01884,5,0.024],[235,"Dugtrio-Alola",0.01855,10,0.047],[236,