{"total":3245700,"data":{"header":["Rank","Pokemon","Usage Percentage","Usage Raw","Usage Raw Percentage"],"rows":[[1,"Dragapult",4.89344,142502,4.39],[2,"Seismitoad",4.58557,144690,4.458],[3,"Excadrill",4.4759,130851,4.032],[4,"Zeraora",4.05117,119238,3.674],[5,"Ferrothorn",3.64735,132671,4.088],[6,"Cinderace",3.37408,106802,3.291],[7,"Rotom-Heat",2.87578,84406,2.601],[8,"Clefable",2.66983,75749,2.334],[9,"Torkoal",2.57403,85207,2.625],[10,"Grimmsnarl",2.47232,83471,2.572],[11,"Kommo-o",2.31882,60583,1.867],[12,"Mew",2.24232,65749,2.026],[13,"Hydreigon",2.19079,60993,1.879],[14,"Dracovish",2.18926,63409,1.954],[15,"Pelipper",2.17173,69058,2.128],[16,"Hippowdon",2.1489,64825,1.997],[17,"Kyurem",2.10679,51481,1.586],[18,"Darmanitan",1.92593,57022,1.757],[19,"Conkeldurr",1.89712,52715,1.624],[20,"Rotom-Wash",1.79596,55836,1.72],[21,"Corviknight",1.68258,49326,1.52],[22,"Toxapex",1.58034,53785,1.657],[23,"Dugtrio",1.29013,39671,1.222],[24,"Tyranitar",1.28395,47917,1.476],[25,"Aegislash",1.26033,35766,1.102],[26,"Jirachi",1.25463,36953,1.139],[27,"Shuckle",1.25136,40602,1.251],[28,"Cloyster",1.17815,45938,1.415],[29,"Terrakion",1.14094,30758,0.948],[30,"Ribombee",1.13837,35136,1.083],[31,"Togekiss",1.11709,35963,1.108],[32,"Hatterene",1.11327,39792,1.226],[33,"Gengar",0.99547,33946,1.046],[34,"Mamoswine",0.96834,25896,0.798],[35,"Incineroar",0.94531,28954,0.892],[36,"Keldeo",0.88511,24187,0.745],[37,"Galvantula",0.85379,32767,1.01],[38,"Obstagoon",0.82238,27914,0.86],[39,"Bisharp",0.79905,25026,0.771],[40,"Ninetales-Alola",0.79593,25888,0.798],[41,"Primarina",0.65929,17026,0.525],[42,"Mandibuzz",0.62306,17795,0.548],[43,"Vikavolt",0.60128,16881,0.52],[44,"Rotom-Mow",0.58235,18265,0.563],[45,"Crawdaunt",0.56921,16938,0.522],[46,"Chandelure",0.5214,17289,0.533],[47,"Weavile",0.51303,16770,0.517],[48,"Corsola-Galar",0.47706,19692,0.607],[49,"Araquanid",0.47413,16899,0.521],[50,"Toxtricity",0.45497,16766,0.517],[51,"Ditto",0.45059,17314,0.533],[52,"Runerigus",0.41205,15091,0.465],[53,"Gyarados",0.39159,15035,0.463],[54,"Mimikyu",0.36344,15318,0.472],[55,"Sylveon",0.33089,10859,0.335],[56,"Salazzle",0.32873,12339,0.38],[57,"Diggersby",0.30856,9822,0.303],[58,"Ninetales",0.2773,11852,0.365],[59,"Weezing-Galar",0.26727,9123,0.281],[60,"Celebi",0.26592,8492,0.262],[61,"Sirfetch'd",0.25498,8332,0.257],[62,"Sandaconda",0.25211,8194,0.252],[63,"Necrozma",0.24653,7106,0.219],[64,"Flygon",0.23366,8804,0.271],[65,"Bronzong",0.23112,8367,0.258],[66,"Dracozolt",0.21601,7397,0.228],[67,"Haxorus",0.21516,7912,0.244],[68,"Whimsicott",0.21499,9324,0.287],[69,"Durant",0.21372,9113,0.281],[70,"Arcanine",0.20584,8630,0.266],[71,"Espeon",0.20283,9756,0.301],[72,"Gardevoir",0.20004,7354,0.227],[73,"Centiskorch",0.19833,7860,0.242],[74,"Polteageist",0.19234,9630,0.297],[75,"Machamp",0.1906,7011,0.216],[76,"Heliolisk",0.1898,6566,0.202],[77,"Sableye",0.18836,7025,0.216],[78,"Golisopod",0.17736,6435,0.198],[79,"Accelgor",0.17704,7552,0.233],[80,"Orbeetle",0.17003,7640,0.235],[81,"Slurpuff",0.16878,6751,0.208],[82,"Gigalith",0.16554,6693,0.206],[83,"Gastrodon",0.16485,6070,0.187],[84,"Venusaur",0.16379,7206,0.222],[85,"Hawlucha",0.16347,6392,0.197],[86,"Pincurchin",0.15996,6621,0.204],[87,"Cobalion",0.15419,5267,0.162],[88,"Blastoise",0.15387,7049,0.217],[89,"Roserade",0.15284,6571,0.202],[90,"Duraludon",0.1445,6010,0.185],[91,"Rhyperior",0.14127,5178,0.16],[92,"Charizard",0.13924,6294,0.194],[93,"Froslass",0.13438,5125,0.158],[94,"Reuniclus",0.12837,4586,0.141],[95,"Indeedee",0.12735,4301,0.133],[96,"Drapion",0.1261,5840,0.18],[97,"Snorlax",0.12354,5545,0.171],[98,"Inteleon",0.12297,5740,0.177],[99,"Goodra",0.10968,4641,0.143],[100,"Persian-Alola",0.10849,5311,0.164],[101,"Noivern",0.10811,4289,0.132],[102,"Rillaboom",0.10755,4712,0.145],[103,"Morpeko",0.10747,4997,0.154],[104,"Lucario",0.10422,5151,0.159],[105,"Milotic",0.10257,4522,0.139],[106,"Copperajah",0.09945,3624,0.112],[107,"Jolteon",0.09858,5047,0.155],[108,"Claydol",0.0983,4167,0.128],[109,"Vanilluxe",0.09154,3832,0.118],[110,"Vaporeon",0.08744,3294,0.101],[111,"Sigilyph",0.08463,3009,0.093],[112,"Cramorant",0.08209,3608,0.111],[113,"Umbreon",0.07695,3774,0.116],[114,"Decidueye",0.07637,3215,0.099],[115,"Cursola",0.0744,2581,0.08],[116,"Coalossal",0.0732,3710,0.114],[117,"Jellicent",0.06874,2699,0.083],[118,"Tsareena",0.06789,2513,0.077],[119,"Cinccino",0.06777,3389,0.104],[120,"Quagsire",0.06596,2775,0.085],[121,"Steelix",0.06595,3635,0.112],[122,"Dusclops",0.06586,3522,0.109],[123,"Mudsdale",0.06536,2586,0.08],[124,"Malamar",0.0621,3087,0.095],[125,"Lapras",0.0621,2980,0.092],[126,"Xatu",0.06029,3256,0.1],[127,"Butterfree",0.05866,2912,0.09],[128,"Mantine",0.05821,1818,0.056],[129,"Frosmoth",0.05349,2498,0.077],[130,"Braviary",0.05308,2247,0.069],[131,"Golurk",0.05178,2217,0.068],[132,"Barraskewda",0.05159,2205,0.068],[133,"Toxicroak",0.05066,2475,0.076],[134,"Togedemaru",0.05021,2161,0.067],[135,"Gallade",0.04863,2045,0.063],[136,"Rotom-Fan",0.04697,1540,0.047],[137,"Boltund",0.04514,2349,0.072],[138,"Virizion",0.04504,1932,0.06],[139,"Hitmonlee",0.04318,2543,0.078],[140,"Appletun",0.04239,1976,0.061],[141,"Pyukumuku",0.04195,2205,0.068],[142,"Liepard",0.04166,2261,0.07],[143,"Indeedee-F",0.0412,1715,0.053],[144,"Linoone",0.03954,2932,0.09],[145,"Abomasnow",0.0388,1758,0.054],[146,"Raichu-Alola",0.03815,1788,0.055],[147,"Pangoro",0.038,1440,0.044],[148,"Cofagrigus",0.03791,2102,0.065],[149,"Clefairy",0.03728,1091,0.034],[150,"Shiinotic",0.03718,1371,0.042],[151,"Eldegoss",0.03714,1513,0.047],[152,"Scrafty",0.03643,1739,0.054],[153,"Hitmontop",0.0364,1555,0.048],[154,"Eiscue",0.03599,1878,0.058],[155,"Meowstic",0.03522,1725,0.053],[156,"Lanturn",0.0342,1225,0.038],[157,"Rhydon",0.0321,1656,0.051],[158,"Ninjask",0.03177,2150,0.066],[159,"Grapploct",0.0316,1732,0.053],[160,"Swoobat",0.0305,1991,0.061],[161,"Pikachu",0.03036,1683,0.052],[162,"Dusknoir",0.03012,1574,0.048],[163,"Avalugg",0.02925,1273,0.039],[164,"Passimian",0.02913,980,0.03],[165,"Garbodor",0.02852,1793,0.055],[166,"Rapidash",0.02837,1086,0.033],[167,"Shedinja",0.02811,1771,0.055],[168,"Drampa",0.02755,1172,0.036],[169,"Stunfisk",0.02744,1092,0.034],[170,"Ludicolo",0.02666,1505,0.046],[171,"Weezing",0.02664,1368,0.042],[172,"Vileplume",0.02628,1179,0.036],[173,"Qwilfish",0.02612,1297,0.04],[174,"Flapple",0.02584,1319,0.041],[175,"Manectric",0.02542,1205,0.037],[176,"Barbaracle",0.0252,1242,0.038],[177,"Dubwool",0.02469,1634,0.05],[178,"Silvally",0.02428,969,0.03],[179,"Crustle",0.02402,1505,0.046],[180,"Kingler",0.02398,1072,0.033],[181,"Piloswine",0.02331,981,0.03],[182,"Escavalier",0.02255,1064,0.033],[183,"Bewear",0.02211,935,0.029],[184,"Stonjourner",0.02174,1108,0.034],[185,"Trevenant",0.02107,1488,0.046],[186,"Turtonator",0.0205,1195,0.037],[187,"Mr. Rime",0.02044,1082,0.033],[188,"Dhelmise",0.02032,934,0.029],[189,"Raichu",0.02001,1054,0.032],[190,"Drednaw",0.01961,1088,0.034],[191,"Drifblim",0.01932,1247,0.038],[192,"Falinks",0.01931,1208,0.037],[193,"Solrock",0.01905,708,0.022],[194,"Flareon",0.01867,1092,0.034],[195,"Sawk",0.01861,834,0.026],[196,"Leafeon",0.01809,976,0.03],[197,"Dugtrio-Alola",0.01779,940,0.029],[198,"Rapidash-Galar",0.01745,1013,0.031],[199,"Alcremie",0.01649,965,0.03],[200,"Silvally-Fairy",0.01581,623,0.019],[201,"Perrserker",0.01564,805,0.025],[202,"Glaceon",0.01554,671,0.021],[203,"Sudowoodo",0.01551,789,0.024],[204,"Greedent",0.01404,874,0.027],[205,"Shiftry",0.014,674,0.021],[206,"Arctozolt",0.01384,595,0.018],[207,"Mr. Mime",0.01372,813,0.025],[208,"Doublade",0.01336,732,0.023],[209,"Stunfisk-Galar",0.01317,722,0.022],[210,"Hitmonchan",0.01284,809,0.025],[211,"Rotom",0.01254,510,0.016],[212,"Rotom-Frost",0.01248,557,0.017],[213,"Gourgeist-Super",0.0119,503,0.015],[214,"Type: Null",0.01188,630,0.019],[215,"Persian",0.01179,854,0.026],[216,"Mr. Mime-Galar",0.01158,614,0.019],[217,"Corsola",0.01124,660,0.02],[218,"Aromatisse",0.01093,516,0.016],[219,"Unfezant",0.01034,585,0.018],[220,"Klinklang",0.0103,766,0.024],[221,