{"total":2583564,"data":{"header":["Rank","Pokemon","Usage Percentage","Usage Raw","Usage Raw Percentage"],"rows":[[1,"Darmanitan-Galar",10.81482,258272,9.997],[2,"Excadrill",7.31117,167842,6.497],[3,"Dragapult",4.77644,117052,4.531],[4,"Ferrothorn",4.3615,114970,4.45],[5,"Rotom-Wash",3.87435,87503,3.387],[6,"Pelipper",3.64526,88590,3.429],[7,"Corsola-Galar",3.56087,92160,3.567],[8,"Cinderace",3.12917,79338,3.071],[9,"Grimmsnarl",2.37564,63666,2.464],[10,"Ribombee",2.15311,52530,2.033],[11,"Dracovish",1.75254,41355,1.601],[12,"Tyranitar",1.64963,42260,1.636],[13,"Hydreigon",1.57291,35773,1.385],[14,"Galvantula",1.56665,44658,1.729],[15,"Seismitoad",1.56608,34801,1.347],[16,"Hatterene",1.36596,36659,1.419],[17,"Toxtricity",1.35384,35900,1.39],[18,"Corviknight",1.2802,34551,1.337],[19,"Ditto",1.2741,30812,1.193],[20,"Runerigus",1.19988,34360,1.33],[21,"Toxapex",1.17643,31646,1.225],[22,"Mew",1.11412,26074,1.009],[23,"Rotom-Heat",1.09844,25717,0.995],[24,"Araquanid",1.02704,25689,0.994],[25,"Dugtrio",0.98178,24094,0.933],[26,"Clefable",0.97915,21988,0.851],[27,"Conkeldurr",0.942,21370,0.827],[28,"Shuckle",0.85578,25870,1.001],[29,"Aegislash",0.82657,20406,0.79],[30,"Orbeetle",0.79902,22999,0.89],[31,"Obstagoon",0.79618,22449,0.869],[32,"Duraludon",0.78699,21883,0.847],[33,"Gyarados",0.75242,19579,0.758],[34,"Coalossal",0.73839,22743,0.88],[35,"Mamoswine",0.728,17649,0.683],[36,"Polteageist",0.68513,20065,0.777],[37,"Hippowdon",0.67496,17002,0.658],[38,"Torkoal",0.63087,15518,0.601],[39,"Dracozolt",0.6276,15492,0.6],[40,"Centiskorch",0.59809,17750,0.687],[41,"Gengar",0.54953,14627,0.566],[42,"Copperajah",0.52097,14142,0.547],[43,"Arcanine",0.52075,14162,0.548],[44,"Sirfetch'd",0.50926,13920,0.539],[45,"Inteleon",0.49985,15351,0.594],[46,"Pincurchin",0.47448,13359,0.517],[47,"Cloyster",0.46798,13400,0.519],[48,"Barraskewda",0.45205,13204,0.511],[49,"Kommo-o",0.45184,11800,0.457],[50,"Charizard",0.44818,12937,0.501],[51,"Weezing-Galar",0.44097,12772,0.494],[52,"Eiscue",0.43972,14490,0.561],[53,"Bronzong",0.41169,11398,0.441],[54,"Sandaconda",0.4113,12243,0.474],[55,"Toxtricity-Low-Key",0.40794,10542,0.408],[56,"Togekiss",0.38578,10358,0.401],[57,"Crawdaunt",0.36291,8623,0.334],[58,"Chandelure",0.35913,10114,0.391],[59,"Morpeko",0.34425,9680,0.375],[60,"Mandibuzz",0.30099,7021,0.272],[61,"Boltund",0.29715,9455,0.366],[62,"Accelgor",0.28347,7738,0.3],[63,"Jellicent",0.28182,6563,0.254],[64,"Rillaboom",0.28058,8595,0.333],[65,"Salazzle",0.28031,8091,0.313],[66,"Jolteon",0.27941,7871,0.305],[67,"Cursola",0.27138,8430,0.326],[68,"Appletun",0.26579,8682,0.336],[69,"Vanilluxe",0.26546,7214,0.279],[70,"Golisopod",0.26297,6775,0.262],[71,"Whimsicott",0.25692,7402,0.287],[72,"Durant",0.24703,6159,0.238],[73,"Drednaw",0.23762,7095,0.275],[74,"Indeedee",0.23154,5767,0.223],[75,"Machamp",0.22102,6167,0.239],[76,"Hawlucha",0.21747,6011,0.233],[77,"Falinks",0.21679,7492,0.29],[78,"Frosmoth",0.21603,7091,0.274],[79,"Claydol",0.20654,5790,0.224],[80,"Heliolisk",0.20652,5056,0.196],[81,"Froslass",0.20413,5699,0.221],[82,"Bisharp",0.20348,5348,0.207],[83,"Mimikyu",0.19481,5768,0.223],[84,"Gardevoir",0.18425,4990,0.193],[85,"Flapple",0.16983,5619,0.217],[86,"Abomasnow",0.16922,5508,0.213],[87,"Flygon",0.16293,4702,0.182],[88,"Rotom-Mow",0.16287,3920,0.152],[89,"Espeon",0.16183,5285,0.205],[90,"Diggersby",0.15506,3765,0.146],[91,"Grapploct",0.14984,4891,0.189],[92,"Cofagrigus",0.1483,4290,0.166],[93,"Milotic",0.1472,3835,0.148],[94,"Ninetales",0.1432,4384,0.17],[95,"Eldegoss",0.14257,4243,0.164],[96,"Cramorant",0.14198,4987,0.193],[97,"Weavile",0.14179,4116,0.159],[98,"Goodra",0.14081,3991,0.154],[99,"Vikavolt",0.14044,3741,0.145],[100,"Noivern",0.13828,4021,0.156],[101,"Steelix",0.13653,3986,0.154],[102,"Roserade",0.13579,4077,0.158],[103,"Rhyperior",0.13366,3722,0.144],[104,"Cinccino",0.13108,3863,0.15],[105,"Reuniclus",0.13081,3604,0.139],[106,"Haxorus",0.12808,3745,0.145],[107,"Lucario",0.12581,3968,0.154],[108,"Gigalith",0.12475,3722,0.144],[109,"Sableye",0.11512,3459,0.134],[110,"Butterfree",0.11188,3731,0.144],[111,"Sylveon",0.10512,2704,0.105],[112,"Hitmontop",0.10193,2970,0.115],[113,"Stonjourner",0.10179,3069,0.119],[114,"Mr. Rime",0.0977,3099,0.12],[115,"Quagsire",0.09369,2498,0.097],[116,"Tsareena",0.09074,2487,0.096],[117,"Dubwool",0.09006,3196,0.124],[118,"Lapras",0.08902,2602,0.101],[119,"Gastrodon",0.08841,2366,0.092],[120,"Drapion",0.08735,2964,0.115],[121,"Rapidash-Galar",0.08689,2767,0.107],[122,"Alcremie",0.08676,2887,0.112],[123,"Snorlax",0.08418,2690,0.104],[124,"Xatu",0.08127,2370,0.092],[125,"Perrserker",0.07652,2672,0.103],[126,"Dhelmise",0.07169,1933,0.075],[127,"Garbodor",0.07093,2783,0.108],[128,"Crustle",0.06839,2150,0.083],[129,"Dusclops",0.06663,2098,0.081],[130,"Pyukumuku",0.06254,1925,0.075],[131,"Bewear",0.06203,1878,0.073],[132,"Avalugg",0.0615,1638,0.063],[133,"Slurpuff",0.06117,1614,0.062],[134,"Thievul",0.06085,1996,0.077],[135,"Gallade",0.05969,1888,0.073],[136,"Scrafty",0.05739,1846,0.071],[137,"Braviary",0.05619,1676,0.065],[138,"Greedent",0.05546,1977,0.077],[139,"Barbaracle",0.05457,1826,0.071],[140,"Mudsdale",0.05347,1714,0.066],[141,"Togedemaru",0.05322,1517,0.059],[142,"Arctozolt",0.05125,1619,0.063],[143,"Ninjask",0.05047,1846,0.071],[144,"Dusknoir",0.04824,1604,0.062],[145,"Malamar",0.04725,1528,0.059],[146,"Silvally",0.04678,1353,0.052],[147,"Indeedee-F",0.04613,1354,0.052],[148,"Ludicolo",0.04532,1339,0.052],[149,"Manectric",0.04518,1329,0.051],[150,"Stunfisk-Galar",0.04314,1392,0.054],[151,"Hitmonlee",0.04311,1445,0.056],[152,"Umbreon",0.04243,1354,0.052],[153,"Qwilfish",0.0418,1225,0.047],[154,"Kingler",0.04139,1323,0.051],[155,"Vaporeon",0.03734,1051,0.041],[156,"Ninetales-Alola",0.03621,994,0.038],[157,"Drifblim",0.03409,962,0.037],[158,"Turtonator",0.03393,1136,0.044],[159,"Mr. Mime-Galar",0.03356,987,0.038],[160,"Arctovish",0.03229,1034,0.04],[161,"Sigilyph",0.03204,948,0.037],[162,"Golurk",0.0319,1018,0.039],[163,"Swoobat",0.02966,838,0.032],[164,"Escavalier",0.02802,905,0.035],[165,"Toxicroak",0.02663,845,0.033],[166,"Meowstic",0.02528,813,0.031],[167,"Trevenant",0.02508,777,0.03],[168,"Hitmonchan",0.0245,789,0.031],[169,"Raichu",0.02417,854,0.033],[170,"Rotom-Fan",0.02383,562,0.022],[171,"Drampa",0.02228,668,0.026],[172,"Lanturn",0.02205,650,0.025],[173,"Passimian",0.02198,608,0.024],[174,"Gourgeist-Super",0.02157,610,0.024],[175,"Onix",0.02122,753,0.029],[176,"Rhydon",0.02114,661,0.026],[177,"Pangoro",0.02099,679,0.026],[178,"Silvally-Fairy",0.02018,537,0.021],[179,"Shiinotic",0.02014,660,0.026],[180,"Liepard",0.02011,710,0.027],[181,"Mantine",0.01923,549,0.021],[182,"Solrock",0.01885,457,0.018],[183,"Pikachu",0.01882,690,0.027],[184,"Shedinja",0.01793,675,0.026],[185,"Aromatisse",0.01608,547,0.021],[186,"Klinklang",0.01582,533,0.021],[187,"Piloswine",0.01529,463,0.018],[188,"Glalie",0.01474,394,0.015],[189,"Rotom-Frost",0.01465,434,0.017],[190,"Doublade",0.0146,453,0.018],[191,"Vileplume",0.01458,536,0.021],[192,"Shiftry",0.01434,451,0.017],[193,"Glaceon",0.01366,469,0.018],[194,"Gothitelle",0.01324,457,0.018],[195,"Silvally-Ground",0.01291,388,0.015],[196,"Musharna",0.01238,421,0.016],[197,"Silvally-Steel",0.01227,356,0.014],[198,"Silvally-Water",0.01216,308,0.012],[199,"Mawile",0.01209,415,0.016],[200,"Flareon",0.01201,412,0.016],[201,"Type: Null",0.0117,344,0.013],[202,"Persian",0.01148,431,0.017],[203,"Dottler",0.01116,374,0.014],[204,"Unfezant",0.01115,389,0.015],[205,"Wishiwashi",0.01107,341,0.013],[206,"Silvally-Fire",0.01098,363,0.014],[207,"Sudowoodo",0.01078,290,0.011],[208,"Oranguru",0.01058,363,0.014],[209,"Delibird",0.01051,392,0.015],[210,"Silvally-Electric",0.00968,274,0.011],[211,"Blipbug",0.00937,392,0.015],[212,"Maractus",0.00916,271,0.01],[213,"Linoone-Galar",0.00901,316,0.012],[214,"Leafeon",0.00898,345,0.013],[215,"Carkol",0.00895,288,0.011],[216,"Rotom",0.00868,294,0.011],[217,"Octillery",0.0086,280,0.011],[218,"Beartic",0.00856,339,0.013],[219,"Bellossom",0.00851,352,0.014],[220,"Wailord",