{"total":2886718,"data":{"header":["Rank","Pokemon","Usage Percentage","Usage Raw","Usage Raw Percentage"],"rows":[[1,"Ferrothorn",4.34438,135420,4.691],[2,"Seismitoad",4.32561,122295,4.236],[3,"Dragapult",4.2395,112582,3.9],[4,"Excadrill",3.88655,103210,3.575],[5,"Zeraora",3.62161,97143,3.365],[6,"Rotom-Heat",3.50344,94342,3.268],[7,"Mew",3.47853,93193,3.228],[8,"Cinderace",3.25197,90475,3.134],[9,"Dracovish",3.07958,79778,2.764],[10,"Grimmsnarl",2.51174,73264,2.538],[11,"Shuckle",2.24256,59716,2.069],[12,"Hippowdon",2.22683,62758,2.174],[13,"Clefable",2.17621,57618,1.996],[14,"Hydreigon",2.12721,54718,1.896],[15,"Pelipper",2.03559,58815,2.037],[16,"Conkeldurr",2.02024,52919,1.833],[17,"Torkoal",1.99005,59282,2.054],[18,"Toxapex",1.9264,55706,1.93],[19,"Terrakion",1.79508,43176,1.496],[20,"Tyranitar",1.78576,54857,1.9],[21,"Kyurem",1.61234,37982,1.316],[22,"Kommo-o",1.53836,39463,1.367],[23,"Gengar",1.51264,42942,1.488],[24,"Corviknight",1.29989,36725,1.272],[25,"Togekiss",1.28567,36991,1.281],[26,"Accelgor",1.2365,30680,1.063],[27,"Cloyster",1.21136,40269,1.395],[28,"Aegislash",1.21085,31369,1.087],[29,"Jirachi",1.19338,31622,1.095],[30,"Hatterene",1.07343,34535,1.196],[31,"Galvantula",0.94146,31680,1.097],[32,"Bisharp",0.9144,25602,0.887],[33,"Ribombee",0.91207,26676,0.924],[34,"Darmanitan",0.9094,25433,0.881],[35,"Mamoswine",0.87352,22925,0.794],[36,"Ninetales-Alola",0.83995,23832,0.826],[37,"Incineroar",0.83813,23698,0.821],[38,"Rotom-Wash",0.83472,24376,0.844],[39,"Chandelure",0.71206,21403,0.741],[40,"Keldeo",0.69643,17985,0.623],[41,"Salazzle",0.67359,18928,0.656],[42,"Primarina",0.64167,15787,0.547],[43,"Crawdaunt",0.57198,15778,0.547],[44,"Mandibuzz",0.56897,15459,0.536],[45,"Weavile",0.53499,15762,0.546],[46,"Obstagoon",0.50861,15150,0.525],[47,"Gyarados",0.47813,15076,0.522],[48,"Araquanid",0.46727,14071,0.487],[49,"Toxtricity",0.46668,13988,0.485],[50,"Vikavolt",0.45333,11353,0.393],[51,"Diggersby",0.43596,11545,0.4],[52,"Sirfetch'd",0.39723,11069,0.383],[53,"Mimikyu",0.38984,13908,0.482],[54,"Rotom-Mow",0.36225,10394,0.36],[55,"Ninetales",0.32904,11178,0.387],[56,"Corsola-Galar",0.32736,12123,0.42],[57,"Hawlucha",0.32185,11340,0.393],[58,"Arcanine",0.31714,10456,0.362],[59,"Reuniclus",0.29701,7967,0.276],[60,"Espeon",0.26328,10071,0.349],[61,"Gardevoir",0.26307,8050,0.279],[62,"Runerigus",0.26136,8978,0.311],[63,"Ditto",0.25429,8366,0.29],[64,"Whimsicott",0.25268,8271,0.287],[65,"Meowstic",0.2524,6835,0.237],[66,"Weezing-Galar",0.24889,7545,0.261],[67,"Venusaur",0.24668,8551,0.296],[68,"Celebi",0.23866,6609,0.229],[69,"Dracozolt",0.2368,7085,0.245],[70,"Flygon",0.22056,7137,0.247],[71,"Polteageist",0.20842,7528,0.261],[72,"Haxorus",0.20622,6626,0.23],[73,"Bronzong",0.2036,6752,0.234],[74,"Machamp",0.20272,6559,0.227],[75,"Centiskorch",0.20063,6306,0.218],[76,"Necrozma",0.19444,5461,0.189],[77,"Rhyperior",0.19243,6133,0.212],[78,"Snorlax",0.18954,6350,0.22],[79,"Roserade",0.18829,6722,0.233],[80,"Heliolisk",0.18775,5920,0.205],[81,"Charizard",0.18485,6600,0.229],[82,"Cobalion",0.18063,4964,0.172],[83,"Durant",0.17607,6182,0.214],[84,"Duraludon",0.17139,5521,0.191],[85,"Gastrodon",0.16101,5366,0.186],[86,"Sableye",0.15501,5846,0.203],[87,"Pincurchin",0.15307,5292,0.183],[88,"Orbeetle",0.14933,5332,0.185],[89,"Sandaconda",0.14886,4714,0.163],[90,"Lucario",0.14811,5561,0.193],[91,"Slurpuff",0.14656,4936,0.171],[92,"Sylveon",0.14583,4643,0.161],[93,"Rillaboom",0.14419,4766,0.165],[94,"Golisopod",0.13945,4541,0.157],[95,"Indeedee",0.13341,3941,0.137],[96,"Froslass",0.13293,3941,0.137],[97,"Drapion",0.13186,4738,0.164],[98,"Gigalith",0.13121,4681,0.162],[99,"Goodra",0.12919,4776,0.165],[100,"Inteleon",0.12387,4554,0.158],[101,"Xatu",0.12115,4631,0.16],[102,"Jellicent",0.11281,3310,0.115],[103,"Morpeko",0.1104,4183,0.145],[104,"Noivern",0.10997,3985,0.138],[105,"Blastoise",0.10811,4129,0.143],[106,"Umbreon",0.1076,3968,0.137],[107,"Bewear",0.10458,3001,0.104],[108,"Vaporeon",0.10233,3081,0.107],[109,"Milotic",0.09824,3828,0.133],[110,"Pangoro",0.0944,2685,0.093],[111,"Jolteon",0.0885,3477,0.12],[112,"Sigilyph",0.08338,2673,0.093],[113,"Tsareena",0.08225,2695,0.093],[114,"Dugtrio",0.08212,2949,0.102],[115,"Vanilluxe",0.08143,2707,0.094],[116,"Coalossal",0.08033,3351,0.116],[117,"Steelix",0.0797,3085,0.107],[118,"Copperajah",0.07715,2305,0.08],[119,"Lapras",0.07277,2949,0.102],[120,"Togedemaru",0.06713,2789,0.097],[121,"Cursola",0.06668,2140,0.074],[122,"Malamar",0.06619,3032,0.105],[123,"Gallade",0.0659,2602,0.09],[124,"Frosmoth",0.06528,2296,0.08],[125,"Claydol",0.06521,2451,0.085],[126,"Persian-Alola",0.0651,2202,0.076],[127,"Pikachu",0.06345,2554,0.088],[128,"Mantine",0.0618,1792,0.062],[129,"Toxicroak",0.06108,2230,0.077],[130,"Dusclops",0.06105,2602,0.09],[131,"Mudsdale",0.06069,2328,0.081],[132,"Butterfree",0.05771,2426,0.084],[133,"Cinccino",0.05683,2436,0.084],[134,"Appletun",0.05388,2027,0.07],[135,"Quagsire",0.05382,1993,0.069],[136,"Palpitoad",0.05281,1423,0.049],[137,"Arctovish",0.0526,1665,0.058],[138,"Hitmonlee",0.04965,1925,0.067],[139,"Scrafty",0.04792,1991,0.069],[140,"Barbaracle",0.04654,1675,0.058],[141,"Liepard",0.04623,2091,0.072],[142,"Golurk",0.04621,1679,0.058],[143,"Ninjask",0.04502,2205,0.076],[144,"Dubwool",0.04473,2058,0.071],[145,"Braviary",0.04225,1652,0.057],[146,"Linoone",0.04206,2125,0.074],[147,"Barraskewda",0.04168,1623,0.056],[148,"Pyukumuku",0.04145,1655,0.057],[149,"Boltund",0.04098,1786,0.062],[150,"Cofagrigus",0.03957,1597,0.055],[151,"Cramorant",0.03939,1625,0.056],[152,"Decidueye",0.03861,1543,0.053],[153,"Flapple",0.03751,1328,0.046],[154,"Swoobat",0.03728,1733,0.06],[155,"Vileplume",0.03544,1090,0.038],[156,"Abomasnow",0.03515,1592,0.055],[157,"Escavalier",0.03465,1202,0.042],[158,"Raichu-Alola",0.03281,1351,0.047],[159,"Ludicolo",0.03221,1291,0.045],[160,"Crustle",0.03199,1357,0.047],[161,"Grapploct",0.03111,1302,0.045],[162,"Trevenant",0.03086,1766,0.061],[163,"Shedinja",0.02981,1448,0.05],[164,"Indeedee-F",0.02883,1069,0.037],[165,"Eiscue",0.02793,1334,0.046],[166,"Lanturn",0.02785,999,0.035],[167,"Rotom-Fan",0.02732,1040,0.036],[168,"Sawk",0.02726,998,0.035],[169,"Stunfisk",0.02708,906,0.031],[170,"Rhydon",0.02706,1066,0.037],[171,"Virizion",0.02674,950,0.033],[172,"Eldegoss",0.02585,918,0.032],[173,"Shiinotic",0.02557,976,0.034],[174,"Garbodor",0.02524,1059,0.037],[175,"Perrserker",0.02514,943,0.033],[176,"Dhelmise",0.02505,1063,0.037],[177,"Drampa",0.02466,1051,0.036],[178,"Qwilfish",0.02457,900,0.031],[179,"Raichu",0.02448,1004,0.035],[180,"Dusknoir",0.02428,1000,0.035],[181,"Passimian",0.02423,795,0.028],[182,"Silvally",0.024,885,0.031],[183,"Turtonator",0.02304,1079,0.037],[184,"Stonjourner",0.02289,768,0.027],[185,"Weezing",0.02178,1071,0.037],[186,"Maractus",0.02151,786,0.027],[187,"Hitmontop",0.02123,842,0.029],[188,"Rapidash-Galar",0.01965,833,0.029],[189,"Avalugg",0.01962,808,0.028],[190,"Falinks",0.01958,996,0.035],[191,"Mr. Rime",0.01912,773,0.027],[192,"Drifblim",0.01906,918,0.032],[193,"Flareon",0.01898,862,0.03],[194,"Leafeon",0.01864,797,0.028],[195,"Piloswine",0.01838,677,0.023],[196,"Mr. Mime-Galar",0.01827,766,0.027],[197,"Manectric",0.01746,749,0.026],[198,"Dugtrio-Alola",0.01736,646,0.022],[199,"Beheeyem",0.0173,732,0.025],[200,"Kingler",0.01686,671,0.023],[201,"Drednaw",0.01656,684,0.024],[202,"Clefairy",0.01651,506,0.018],[203,"Shiftry",0.0163,633,0.022],[204,"Persian",0.01616,843,0.029],[205,"Hitmonchan",0.016,865,0.03],[206,"Greedent",0.0159,778,0.027],[207,"Noctowl",0.01576,677,0.023],[208,"Stunfisk-Galar",0.0155,696,0.024],[209,"Unfezant",0.015,591,0.02],[210,"Doublade",0.01492,653,0.023],[211,"Alcremie",0.01473,699,0.024],[212,"Arctozolt",0.01435,528,0.018],[213,"Gourgeist-Super",0.01428,568,0.02],[214,"Rapidash",0.01378,515,0.018],[215,"Mawile",0.01365,623,0.022],[216,"Glaceon",0.01346,580,0.02],[217,"Silvally-Fairy",0.01332,418,0.014],[218,"Silvally-Ghost",0.01331,397,0.014],[219,"Swirlix",0.01301,620,0.021],[220,"Linoone-Galar",0.01223,580,0.02],[221,"Sudowoodo",