{"total":39274,"data":{"header":["Rank","Pokemon","Usage Percentage","Usage Raw","Usage Raw Percentage"],"rows":[[1,"Landorus-Therian",11.96719,3824,9.737],[2,"Tornadus-Therian",5.92112,1121,2.854],[3,"Dragapult",4.80939,1488,3.789],[4,"Mew",4.76276,1232,3.137],[5,"Clefable",4.36532,959,2.442],[6,"Weavile",3.9806,1032,2.628],[7,"Urshifu-Rapid-Strike",3.73257,1152,2.933],[8,"Tapu Fini",3.63954,834,2.124],[9,"Toxapex",3.48335,884,2.251],[10,"Heatran",3.37204,1311,3.338],[11,"Garchomp",3.23673,1251,3.185],[12,"Zapdos",2.54196,584,1.487],[13,"Tapu Lele",2.45259,822,2.093],[14,"Rotom-Wash",2.35496,698,1.777],[15,"Slowbro",2.25669,459,1.169],[16,"Ferrothorn",2.1949,1744,4.441],[17,"Melmetal",1.9835,583,1.484],[18,"Slowking-Galar",1.9811,462,1.176],[19,"Tapu Koko",1.80028,707,1.8],[20,"Rillaboom",1.62544,488,1.243],[21,"Ninetales-Alola",1.5277,653,1.663],[22,"Hippowdon",1.51347,364,0.927],[23,"Tyranitar",1.4723,725,1.846],[24,"Pelipper",1.45562,993,2.528],[25,"Kartana",1.41278,443,1.128],[26,"Volcanion",1.2579,291,0.741],[27,"Primarina",1.25391,303,0.772],[28,"Zeraora",1.17099,337,0.858],[29,"Blacephalon",1.05471,372,0.947],[30,"Nidoking",0.90606,362,0.922],[31,"Buzzwole",0.73372,233,0.593],[32,"Hydreigon",0.54508,144,0.367],[33,"Swampert",0.47045,173,0.44],[34,"Hatterene",0.46053,371,0.945],[35,"Keldeo",0.45974,75,0.191],[36,"Torkoal",0.4558,488,1.243],[37,"Blissey",0.42812,248,0.631],[38,"Bisharp",0.397,132,0.336],[39,"Corviknight",0.39061,255,0.649],[40,"Slowking",0.38335,109,0.278],[41,"Crawdaunt",0.34473,80,0.204],[42,"Scizor",0.31889,136,0.346],[43,"Seismitoad",0.3165,77,0.196],[44,"Terrakion",0.31324,59,0.15],[45,"Skarmory",0.29755,226,0.575],[46,"Gastrodon",0.28928,155,0.395],[47,"Conkeldurr",0.28669,72,0.183],[48,"Excadrill",0.26724,162,0.412],[49,"Victini",0.24661,219,0.558],[50,"Barraskewda",0.23722,150,0.382],[51,"Blaziken",0.23528,156,0.397],[52,"Grimmsnarl",0.20361,257,0.654],[53,"Aegislash",0.20124,105,0.267],[54,"Zapdos-Galar",0.2007,91,0.232],[55,"Araquanid",0.19529,153,0.39],[56,"Inteleon",0.18469,72,0.183],[57,"Shuckle",0.18329,337,0.858],[58,"Ribombee",0.18263,245,0.624],[59,"Ditto",0.18236,50,0.127],[60,"Diggersby",0.17183,48,0.122],[61,"Nihilego",0.16634,75,0.191],[62,"Dragonite",0.16458,190,0.484],[63,"Gengar",0.15729,130,0.331],[64,"Magnezone",0.14814,87,0.222],[65,"Celesteela",0.14057,57,0.145],[66,"Suicune",0.13851,61,0.155],[67,"Indeedee",0.13819,39,0.099],[68,"Mamoswine",0.13643,62,0.158],[69,"Regieleki",0.13487,146,0.372],[70,"Lycanroc-Dusk",0.13391,105,0.267],[71,"Volcarona",0.13095,177,0.451],[72,"Latios",0.13025,71,0.181],[73,"Aerodactyl",0.12779,77,0.196],[74,"Sirfetch'd",0.1271,35,0.089],[75,"Spiritomb",0.1236,193,0.491],[76,"Froslass",0.11882,26,0.066],[77,"Moltres-Galar",0.10212,59,0.15],[78,"Cradily",0.09186,22,0.056],[79,"Tangrowth",0.08501,53,0.135],[80,"Metagross",0.08443,45,0.115],[81,"Azelf",0.08275,43,0.109],[82,"Togekiss",0.08036,105,0.267],[83,"Porygon2",0.07997,127,0.323],[84,"Chansey",0.0647,36,0.092],[85,"Weezing-Galar",0.06165,26,0.066],[86,"Amoonguss",0.06105,38,0.097],[87,"Reuniclus",0.05903,14,0.036],[88,"Politoed",0.05852,67,0.171],[89,"Klefki",0.05168,55,0.14],[90,"Ninetales",0.05133,49,0.125],[91,"Slurpuff",0.04967,49,0.125],[92,"Snorlax",0.04734,37,0.094],[93,"Regidrago",0.04645,17,0.043],[94,"Entei",0.04588,18,0.046],[95,"Golisopod",0.04385,49,0.125],[96,"Goodra",0.04189,33,0.084],[97,"Tapu Bulu",0.04032,17,0.043],[98,"Moltres",0.03815,18,0.046],[99,"Arctozolt",0.03798,26,0.066],[100,"Thundurus-Therian",0.03793,11,0.028],[101,"Quagsire",0.03587,69,0.176],[102,"Mudsdale",0.03463,49,0.125],[103,"Kommo-o",0.03284,46,0.117],[104,"Golurk",0.0317,48,0.122],[105,"Venusaur",0.03068,19,0.048],[106,"Mienshao",0.03062,32,0.081],[107,"Lycanroc",0.03004,17,0.043],[108,"Marowak-Alola",0.02785,31,0.079],[109,"Dracozolt",0.02767,25,0.064],[110,"Azumarill",0.02753,27,0.069],[111,"Obstagoon",0.02694,68,0.173],[112,"Scolipede",0.02649,47,0.12],[113,"Necrozma",0.02564,22,0.056],[114,"Cobalion",0.02553,15,0.038],[115,"Corsola-Galar",0.02503,23,0.059],[116,"Mandibuzz",0.02473,25,0.064],[117,"Crobat",0.02463,48,0.122],[118,"Kingdra",0.02393,19,0.048],[119,"Roserade",0.02353,68,0.173],[120,"Rotom-Heat",0.02341,79,0.201],[121,"Milotic",0.0233,68,0.173],[122,"Zoroark",0.02151,27,0.069],[123,"Druddigon",0.02137,14,0.036],[124,"Archeops",0.02042,45,0.115],[125,"Tyrantrum",0.02039,55,0.14],[126,"Jirachi",0.02037,54,0.137],[127,"Starmie",0.0187,134,0.341],[128,"Zygarde-10%",0.01851,16,0.041],[129,"Alakazam",0.01848,67,0.171],[130,"Porygon-Z",0.01838,19,0.048],[131,"Cresselia",0.01686,118,0.3],[132,"Uxie",0.01641,30,0.076],[133,"Cloyster",0.01634,71,0.181],[134,"Lanturn",0.01599,6,0.015],[135,"Lucario",0.01537,35,0.089],[136,"Polteageist",0.01507,36,0.092],[137,"Exeggutor-Alola",0.01415,9,0.023],[138,"Charizard",0.01335,60,0.153],[139,"Articuno-Galar",0.01244,7,0.018],[140,"Thievul",0.01176,23,0.059],[141,"Hawlucha",0.01175,32,0.081],[142,"Xurkitree",0.01167,27,0.069],[143,"Lapras",0.01131,46,0.117],[144,"Krookodile",0.01128,66,0.168],[145,"Vikavolt",0.01005,17,0.043],[146,"Exploud",0.00914,22,0.056],[147,"Glastrier",0.00902,4,0.01],[148,"Coalossal",0.00891,33,0.084],[149,"Rapidash-Galar",0.00849,18,0.046],[150,"Drapion",0.00834,10,0.025],[151,"Latias",0.00816,31,0.079],[152,"Centiskorch",0.00812,18,0.046],[153,"Galvantula",0.00763,148,0.377],[154,"Blastoise",0.00752,61,0.155],[155,"Kingler",0.00749,15,0.038],[156,"Machamp",0.0072,35,0.089],[157,"Bronzong",0.00718,53,0.135],[158,"Altaria",0.00708,6,0.015],[159,"Jellicent",0.0065,17,0.043],[160,"Toxtricity",0.00618,34,0.087],[161,"Dragalge",0.00612,7,0.018],[162,"Tentacruel",0.00571,8,0.02],[163,"Steelix",0.00563,30,0.076],[164,"Rotom-Mow",0.00563,25,0.064],[165,"Clawitzer",0.00549,11,0.028],[166,"Piloswine",0.00521,6,0.015],[167,"Gardevoir",0.00502,27,0.069],[168,"Duraludon",0.00502,12,0.031],[169,"Raichu-Alola",0.00494,4,0.01],[170,"Salazzle",0.00482,34,0.087],[171,"Scyther",0.00469,35,0.089],[172,"Cottonee",0.00452,14,0.036],[173,"Mr. Rime",0.00449,8,0.02],[174,"Tornadus",0.00447,1,0.003],[175,"Orbeetle",0.00388,35,0.089],[176,"Raikou",0.00356,1,0.003],[177,"Chandelure",0.00352,89,0.227],[178,"Incineroar",0.00351,67,0.171],[179,"Zarude",0.00332,5,0.013],[180,"Gigalith",0.00323,21,0.053],[181,"Haxorus",0.00315,46,0.117],[182,"Stakataka",0.00313,20,0.051],[183,"Stunfisk",0.00304,4,0.01],[184,"Runerigus",0.00286,17,0.043],[185,"Solrock",0.00277,2,0.005],[186,"Decidueye",0.00273,12,0.031],[187,"Lycanroc-Midnight",0.00254,14,0.036],[188,"Dusclops",0.00247,11,0.028],[189,"Darmanitan",0.00231,13,0.033],[190,"Togedemaru",0.00228,29,0.074],[191,"Gyarados",0.00224,59,0.15],[192,"Charjabug",0.00222,4,0.01],[193,"Musharna",0.0022,1,0.003],[194,"Electivire",0.00216,26,0.066],[195,"Pyukumuku",0.0021,14,0.036],[196,"Sableye",0.00206,16,0.041],[197,"Avalugg",0.00203,10,0.025],[198,"Aggron",0.00201,26,0.066],[199,"Sandaconda",0.00199,34,0.087],[200,"Noivern",0.00198,6,0.015],[201,"Espeon",0.00188,50,0.127],[202,"Rhyperior",0.00188,27,0.069],[203,"Crustle",0.00179,30,0.076],[204,"Rhydon",0.00173,24,0.061],[205,"Abomasnow",0.00171,23,0.059],[206,"Regigigas",0.00167,27,0.069],[207,"Accelgor",0.00165,64,0.163],[208,"Silvally-Fairy",0.00158,5,0.013],[209,"Comfey",0.00157,2,0.005],[210,"Ferroseed",0.00144,5,0.013],[211,"Miltank",0.00144,22,0.056],[212,"Vanilluxe",0.00136,83,0.211],[213,"Gallade",0.00135,10,0.025],[214,"Sawk",0.00135,4,0.01],[215,"Omastar",0.00124,6,0.015],[216,"Heracross",0.00123,9,0.023],[217,"Persian-Alola",0.00121,13,0.033],[218,"Scrafty",0.00112,3,0.008],[219,"Cofagrigus",0.00111,42,0.107],[220,"Swoobat",0.00107,2,0.005],[221,"Poliwrath",0.00107,3,0.008],[222,"Rapidash",0.00101,3,0.008],[223,"Jolteon",0.00091,12,0.031],[224,"Arcanine",0.00084,36,0.092],[225,"Haunter",0.0007,5,0.013],[226,"Nidoqueen",0.00066,62,0.158],[227,"Pikachu",0.00063,32,0.081],[228,"Toxicroak",0.00063,3,0.008],[229,"Wobbuffet",0.00056,20,0.051],[230,"Butterfree",0.00056,11,0.028],[231,"Lilligant",0.0005,2,