{"total":79948,"data":{"header":["Rank","Pokemon","Usage Percentage","Usage Raw","Usage Raw Percentage"],"rows":[[1,"Landorus-Therian",11.47335,8582,10.734],[2,"Mew",6.12366,3733,4.669],[3,"Dragapult",5.69685,4533,5.67],[4,"Tornadus-Therian",5.63259,3118,3.9],[5,"Weavile",4.80038,3017,3.774],[6,"Heatran",4.47384,3291,4.116],[7,"Urshifu-Rapid-Strike",4.20614,2907,3.636],[8,"Zapdos",3.97237,2473,3.093],[9,"Garchomp",3.82337,3030,3.79],[10,"Clefable",3.7288,2236,2.797],[11,"Pelipper",3.62518,2903,3.631],[12,"Tapu Lele",3.55023,2406,3.009],[13,"Toxapex",3.16418,1871,2.34],[14,"Tapu Fini",2.04898,1490,1.864],[15,"Melmetal",2.03834,1394,1.744],[16,"Tapu Koko",1.99802,1405,1.757],[17,"Ninetales-Alola",1.88379,1571,1.965],[18,"Rotom-Wash",1.8131,1263,1.58],[19,"Blacephalon",1.69747,1158,1.448],[20,"Ferrothorn",1.5459,2024,2.532],[21,"Slowking-Galar",1.51774,980,1.226],[22,"Hippowdon",1.46812,1107,1.385],[23,"Tyranitar",1.43914,1254,1.569],[24,"Slowbro",1.30082,814,1.018],[25,"Kartana",1.24025,909,1.137],[26,"Volcanion",1.23652,828,1.036],[27,"Rillaboom",1.05273,985,1.232],[28,"Zeraora",0.67431,454,0.568],[29,"Slowking",0.60839,286,0.358],[30,"Shuckle",0.59081,740,0.926],[31,"Crawdaunt",0.55748,348,0.435],[32,"Nidoking",0.54013,623,0.779],[33,"Buzzwole",0.50273,413,0.517],[34,"Bisharp",0.42932,341,0.427],[35,"Torkoal",0.40994,607,0.759],[36,"Skarmory",0.38155,275,0.344],[37,"Barraskewda",0.37721,374,0.468],[38,"Blaziken",0.36549,302,0.378],[39,"Zapdos-Galar",0.33539,302,0.378],[40,"Gastrodon",0.32691,398,0.498],[41,"Victini",0.29846,400,0.5],[42,"Excadrill",0.28587,281,0.351],[43,"Corviknight",0.28257,312,0.39],[44,"Aerodactyl",0.27763,201,0.251],[45,"Hydreigon",0.26323,232,0.29],[46,"Hatterene",0.24893,380,0.475],[47,"Blissey",0.24434,335,0.419],[48,"Ribombee",0.22446,445,0.557],[49,"Scizor",0.20114,134,0.168],[50,"Keldeo",0.19802,114,0.143],[51,"Lycanroc-Dusk",0.17949,138,0.173],[52,"Aegislash",0.16016,166,0.208],[53,"Dragonite",0.15936,207,0.259],[54,"Nihilego",0.15049,139,0.174],[55,"Swampert",0.14462,219,0.274],[56,"Ditto",0.14063,133,0.166],[57,"Volcarona",0.13109,302,0.378],[58,"Slurpuff",0.13089,129,0.161],[59,"Suicune",0.12938,101,0.126],[60,"Mamoswine",0.12296,145,0.181],[61,"Magnezone",0.11601,148,0.185],[62,"Latios",0.11519,134,0.168],[63,"Sandaconda",0.11349,49,0.061],[64,"Moltres-Galar",0.11343,105,0.131],[65,"Porygon2",0.09562,146,0.183],[66,"Seismitoad",0.09559,109,0.136],[67,"Azelf",0.09552,107,0.134],[68,"Galvantula",0.09222,216,0.27],[69,"Cobalion",0.08782,195,0.244],[70,"Arctozolt",0.08329,60,0.075],[71,"Tapu Bulu",0.07935,64,0.08],[72,"Cloyster",0.07698,204,0.255],[73,"Celesteela",0.07255,106,0.133],[74,"Terrakion",0.07114,85,0.106],[75,"Necrozma",0.07051,24,0.03],[76,"Primarina",0.06873,67,0.084],[77,"Grimmsnarl",0.06828,201,0.251],[78,"Entei",0.06583,50,0.063],[79,"Togekiss",0.06571,158,0.198],[80,"Araquanid",0.06026,172,0.215],[81,"Gengar",0.06026,124,0.155],[82,"Tangrowth",0.05768,70,0.088],[83,"Regieleki",0.0537,210,0.263],[84,"Kommo-o",0.05312,55,0.069],[85,"Starmie",0.04832,134,0.168],[86,"Azumarill",0.04762,58,0.073],[87,"Kingdra",0.0473,34,0.043],[88,"Jirachi",0.04725,72,0.09],[89,"Cresselia",0.04659,49,0.061],[90,"Diggersby",0.04625,22,0.028],[91,"Xatu",0.04579,297,0.371],[92,"Thundurus-Therian",0.04494,34,0.043],[93,"Froslass",0.04458,60,0.075],[94,"Rotom-Heat",0.04121,128,0.16],[95,"Quagsire",0.04106,55,0.069],[96,"Mandibuzz",0.03777,40,0.05],[97,"Toxtricity",0.03726,47,0.059],[98,"Druddigon",0.03476,47,0.059],[99,"Conkeldurr",0.03356,41,0.051],[100,"Snorlax",0.03322,69,0.086],[101,"Reuniclus",0.03252,36,0.045],[102,"Regidrago",0.0314,23,0.029],[103,"Vanilluxe",0.02808,52,0.065],[104,"Obstagoon",0.02788,72,0.09],[105,"Golurk",0.02474,46,0.058],[106,"Chansey",0.02234,55,0.069],[107,"Rhyperior",0.02184,39,0.049],[108,"Weezing-Galar",0.02178,36,0.045],[109,"Drampa",0.01983,32,0.04],[110,"Archeops",0.01657,20,0.025],[111,"Pangoro",0.01633,40,0.05],[112,"Marowak-Alola",0.01574,35,0.044],[113,"Latias",0.01449,30,0.038],[114,"Porygon-Z",0.01427,64,0.08],[115,"Sableye",0.01427,25,0.031],[116,"Marill",0.0139,5,0.006],[117,"Slowbro-Galar",0.01346,15,0.019],[118,"Milotic",0.01337,54,0.068],[119,"Lucario",0.01283,62,0.078],[120,"Uxie",0.01236,14,0.018],[121,"Omastar",0.01204,10,0.013],[122,"Krookodile",0.01125,32,0.04],[123,"Mienshao",0.01093,75,0.094],[124,"Cursola",0.01085,16,0.02],[125,"Haxorus",0.01018,18,0.023],[126,"Politoed",0.01,68,0.085],[127,"Gabite",0.00974,5,0.006],[128,"Audino",0.00908,4,0.005],[129,"Inteleon",0.00897,69,0.086],[130,"Shedinja",0.00867,39,0.049],[131,"Tyrantrum",0.00866,20,0.025],[132,"Articuno-Galar",0.00796,21,0.026],[133,"Raikou",0.0077,9,0.011],[134,"Dracozolt",0.00735,32,0.04],[135,"Darmanitan",0.00704,72,0.09],[136,"Glastrier",0.00698,5,0.006],[137,"Zygarde-10%",0.00694,26,0.033],[138,"Alakazam",0.00674,57,0.071],[139,"Ninetales",0.00648,66,0.083],[140,"Gigalith",0.00605,13,0.016],[141,"Roserade",0.006,65,0.081],[142,"Stunfisk",0.00597,6,0.008],[143,"Exeggutor-Alola",0.00584,10,0.013],[144,"Hawlucha",0.00576,16,0.02],[145,"Incineroar",0.00573,101,0.126],[146,"Golisopod",0.00524,44,0.055],[147,"Moltres",0.00519,47,0.059],[148,"Exploud",0.00502,10,0.013],[149,"Scolipede",0.00497,43,0.054],[150,"Stakataka",0.00491,24,0.03],[151,"Polteageist",0.00484,43,0.054],[152,"Blastoise",0.00452,34,0.043],[153,"Escavalier",0.00452,8,0.01],[154,"Sirfetch'd",0.00402,20,0.025],[155,"Metagross",0.00395,19,0.024],[156,"Mudsdale",0.00393,39,0.049],[157,"Tentacruel",0.00377,18,0.023],[158,"Bronzong",0.00371,102,0.128],[159,"Venusaur",0.00363,34,0.043],[160,"Silvally-Electric",0.00359,6,0.008],[161,"Dhelmise",0.00346,19,0.024],[162,"Kingler",0.00345,9,0.011],[163,"Glaceon",0.00343,4,0.005],[164,"Dragalge",0.0031,5,0.006],[165,"Vaporeon",0.00302,12,0.015],[166,"Munchlax",0.00292,1,0.001],[167,"Whimsicott",0.0029,46,0.058],[168,"Heliolisk",0.00288,21,0.026],[169,"Gyarados",0.00285,68,0.085],[170,"Durant",0.00284,46,0.058],[171,"Silvally-Fairy",0.00277,7,0.009],[172,"Espeon",0.00271,35,0.044],[173,"Orbeetle",0.00271,14,0.018],[174,"Copperajah",0.00269,3,0.004],[175,"Lycanroc",0.00267,5,0.006],[176,"Silvally-Water",0.00259,6,0.008],[177,"Pikachu",0.00252,20,0.025],[178,"Frosmoth",0.00245,21,0.026],[179,"Rotom-Frost",0.00234,6,0.008],[180,"Xurkitree",0.00232,22,0.028],[181,"Registeel",0.00225,18,0.023],[182,"Sharpedo",0.00214,28,0.035],[183,"Crobat",0.00209,34,0.043],[184,"Talonflame",0.00205,17,0.021],[185,"Zarude",0.00192,15,0.019],[186,"Raboot",0.00191,7,0.009],[187,"Regigigas",0.00191,10,0.013],[188,"Indeedee",0.00188,40,0.05],[189,"Amoonguss",0.00179,21,0.026],[190,"Gardevoir",0.00177,20,0.025],[191,"Thundurus",0.00157,11,0.014],[192,"Jynx",0.00156,6,0.008],[193,"Carbink",0.00152,19,0.024],[194,"Klefki",0.00146,62,0.078],[195,"Mimikyu",0.00145,33,0.041],[196,"Turtonator",0.00112,11,0.014],[197,"Beheeyem",0.00109,3,0.004],[198,"Gallade",0.00107,7,0.009],[199,"Corsola-Galar",0.00103,26,0.033],[200,"Carkol",0.00098,4,0.005],[201,"Crustle",0.00093,27,0.034],[202,"Umbreon",0.00091,11,0.014],[203,"Nidoqueen",0.00086,38,0.048],[204,"Lapras",0.00086,43,0.054],[205,"Kangaskhan",0.00068,4,0.005],[206,"Guzzlord",0.00067,3,0.004],[207,"Bewear",0.00063,16,0.02],[208,"Toxicroak",0.00063,5,0.006],[209,"Passimian",0.00061,2,0.003],[210,"Doublade",0.00057,3,0.004],[211,"Aron",0.00056,35,0.044],[212,"Arctovish",0.00052,3,0.004],[213,"Aggron",0.00049,49,0.061],[214,"Zoroark",0.00048,15,0.019],[215,"Arcanine",0.00047,16,0.02],[216,"Duraludon",0.00047,12,0.015],[217,"Barbaracle",0.00045,5,0.006],[218,"Indeedee-F",0.0004,17,0.021],[219,"Pincurchin",0.00039,15,0.019],[220,"Rotom-Mow",0.00036,31,0.039],[221,"Sigilyph",0.00036,36,0.045],[222,"Regirock",0.00036,9,0.011],[223,"Spiritomb",0.00035,66,0.083],[224,"Silvally",0.00032,1,0.001],[225,"Steelix",0.00032,25,0.031],[226,"Ninjask",0.0003,17,0.021],[227,"Chandelure",0.0003,20,0.025],[228,"Stunfisk-Galar",0.0003,7,0.009],[229,"Silvally-Fire",0.00029,1,0.001],[230,"Claydol",0.00028,18,0.023],[231,