{"total":3433298,"data":{"header":["Rank","Pokemon","Usage Percentage","Usage Raw","Usage Raw Percentage"],"rows":[[1,"Dragapult",6.53093,189302,5.514],[2,"Excadrill",4.83814,149075,4.342],[3,"Seismitoad",4.54533,142438,4.149],[4,"Cinderace",3.9812,129290,3.766],[5,"Rotom-Heat",3.41382,104378,3.04],[6,"Ferrothorn",3.26423,129145,3.762],[7,"Torkoal",3.15219,102539,2.987],[8,"Zeraora",2.58538,76021,2.214],[9,"Pelipper",2.55599,85152,2.48],[10,"Clefable",2.4671,72020,2.098],[11,"Hydreigon",2.36177,67195,1.957],[12,"Grimmsnarl",2.3488,87614,2.552],[13,"Rotom-Wash",2.14268,68329,1.99],[14,"Mew",2.12849,67411,1.963],[15,"Dracovish",1.76279,56038,1.632],[16,"Kommo-o",1.7129,48145,1.402],[17,"Conkeldurr",1.69722,50464,1.47],[18,"Dugtrio",1.6772,53591,1.561],[19,"Corviknight",1.52954,48689,1.418],[20,"Darmanitan",1.47388,44822,1.306],[21,"Obstagoon",1.39473,46346,1.35],[22,"Tyranitar",1.32936,52307,1.524],[23,"Rotom-Mow",1.31734,40414,1.177],[24,"Incineroar",1.15591,37543,1.093],[25,"Toxapex",1.15338,44994,1.311],[26,"Cloyster",1.14839,47958,1.397],[27,"Terrakion",1.12614,31089,0.906],[28,"Togekiss",1.10707,38267,1.115],[29,"Hatterene",1.04601,40305,1.174],[30,"Mandibuzz",1.03381,29824,0.869],[31,"Ribombee",1.02987,35479,1.033],[32,"Galvantula",1.02414,41433,1.207],[33,"Jirachi",1.01516,31041,0.904],[34,"Aegislash",0.99933,31020,0.904],[35,"Shuckle",0.92832,34460,1.004],[36,"Gengar",0.92004,31512,0.918],[37,"Toxtricity",0.90331,34779,1.013],[38,"Vikavolt",0.81887,22857,0.666],[39,"Keldeo",0.79343,22073,0.643],[40,"Hippowdon",0.74169,23447,0.683],[41,"Kyurem",0.73166,18932,0.551],[42,"Crawdaunt",0.71458,23934,0.697],[43,"Corsola-Galar",0.66588,29121,0.848],[44,"Mamoswine",0.66198,19527,0.569],[45,"Ninetales-Alola",0.626,21950,0.639],[46,"Melmetal",0.58652,17929,0.522],[47,"Primarina",0.54837,14945,0.435],[48,"Bisharp",0.5331,18890,0.55],[49,"Araquanid",0.50132,18503,0.539],[50,"Weavile",0.50115,17838,0.52],[51,"Gyarados",0.48937,19660,0.573],[52,"Ninetales",0.39238,16614,0.484],[53,"Ditto",0.38635,16692,0.486],[54,"Celebi",0.38353,12968,0.378],[55,"Chandelure",0.37857,14531,0.423],[56,"Sylveon",0.36547,12321,0.359],[57,"Necrozma",0.36373,11180,0.326],[58,"Salazzle",0.33952,13909,0.405],[59,"Runerigus",0.33684,15204,0.443],[60,"Sirfetch'd",0.3216,10702,0.312],[61,"Weezing-Galar",0.32126,12328,0.359],[62,"Kyurem-Black",0.31365,9890,0.288],[63,"Blastoise",0.29053,13306,0.388],[64,"Mimikyu",0.28912,13888,0.405],[65,"Sandaconda",0.28281,9619,0.28],[66,"Heliolisk",0.27068,9000,0.262],[67,"Dracozolt",0.26112,9776,0.285],[68,"Cobalion",0.24923,8371,0.244],[69,"Orbeetle",0.23282,11153,0.325],[70,"Centiskorch",0.22869,9129,0.266],[71,"Vanilluxe",0.22305,8465,0.247],[72,"Whimsicott",0.2172,10632,0.31],[73,"Polteageist",0.21215,11566,0.337],[74,"Pincurchin",0.19978,9001,0.262],[75,"Bronzong",0.195,8182,0.238],[76,"Arcanine",0.19162,8677,0.253],[77,"Diggersby",0.18095,6282,0.183],[78,"Gardevoir",0.17726,6883,0.2],[79,"Indeedee",0.17381,6421,0.187],[80,"Reuniclus",0.16837,6051,0.176],[81,"Venusaur",0.16787,7457,0.217],[82,"Haxorus",0.16516,6766,0.197],[83,"Gastrodon",0.16486,5924,0.173],[84,"Hawlucha",0.16449,7204,0.21],[85,"Rhyperior",0.15907,6077,0.177],[86,"Espeon",0.15798,8564,0.249],[87,"Flygon",0.15788,6100,0.178],[88,"Duraludon",0.15545,6839,0.199],[89,"Inteleon",0.15476,7291,0.212],[90,"Golisopod",0.14907,6045,0.176],[91,"Roserade",0.14897,7190,0.209],[92,"Durant",0.14459,6868,0.2],[93,"Morpeko",0.14236,7266,0.212],[94,"Accelgor",0.13933,6677,0.194],[95,"Charizard",0.13785,5984,0.174],[96,"Noivern",0.13237,5775,0.168],[97,"Vaporeon",0.13046,4522,0.132],[98,"Slurpuff",0.13042,5466,0.159],[99,"Machamp",0.13021,5282,0.154],[100,"Rillaboom",0.11878,5740,0.167],[101,"Jolteon",0.11359,5459,0.159],[102,"Decidueye",0.11148,4917,0.143],[103,"Cursola",0.10964,4141,0.121],[104,"Drapion",0.10934,5988,0.174],[105,"Gigalith",0.1092,4284,0.125],[106,"Goodra",0.10834,4682,0.136],[107,"Coalossal",0.1075,5829,0.17],[108,"Froslass",0.10744,4602,0.134],[109,"Sigilyph",0.10656,3524,0.103],[110,"Milotic",0.1064,4630,0.135],[111,"Cramorant",0.10376,5333,0.155],[112,"Lucario",0.09645,5357,0.156],[113,"Persian-Alola",0.09597,5109,0.149],[114,"Cinccino",0.09488,4586,0.134],[115,"Copperajah",0.09376,4097,0.119],[116,"Jellicent",0.09315,3489,0.102],[117,"Snorlax",0.09043,4915,0.143],[118,"Claydol",0.08911,4259,0.124],[119,"Sableye",0.0811,5008,0.146],[120,"Tsareena",0.07589,2972,0.087],[121,"Quagsire",0.07394,3049,0.089],[122,"Braviary",0.07056,2987,0.087],[123,"Xatu",0.07053,3929,0.114],[124,"Steelix",0.06868,3721,0.108],[125,"Frosmoth",0.06793,3308,0.096],[126,"Umbreon",0.06146,3215,0.094],[127,"Mudsdale",0.06053,2634,0.077],[128,"Lapras",0.05584,2889,0.084],[129,"Abomasnow",0.05562,2956,0.086],[130,"Gallade",0.05488,2395,0.07],[131,"Barraskewda",0.05392,2731,0.08],[132,"Pangoro",0.05089,2011,0.059],[133,"Appletun",0.05062,2690,0.078],[134,"Boltund",0.04976,2758,0.08],[135,"Raichu-Alola",0.0493,2674,0.078],[136,"Virizion",0.04761,1943,0.057],[137,"Dusclops",0.04605,2756,0.08],[138,"Indeedee-F",0.04593,1955,0.057],[139,"Linoone",0.04473,3159,0.092],[140,"Eldegoss",0.04464,2248,0.065],[141,"Passimian",0.04418,1571,0.046],[142,"Toxicroak",0.04383,2269,0.066],[143,"Cofagrigus",0.04381,2680,0.078],[144,"Weezing",0.04294,2568,0.075],[145,"Scrafty",0.04234,1981,0.058],[146,"Silvally",0.04127,1459,0.042],[147,"Hitmontop",0.04032,1958,0.057],[148,"Mantine",0.03958,1290,0.038],[149,"Butterfree",0.03876,2302,0.067],[150,"Pyukumuku",0.03846,2280,0.066],[151,"Hitmonlee",0.03808,2803,0.082],[152,"Grapploct",0.0366,2187,0.064],[153,"Pikachu",0.03515,1889,0.055],[154,"Ninjask",0.03306,2619,0.076],[155,"Silvally-Fairy",0.03287,910,0.027],[156,"Togedemaru",0.03175,1741,0.051],[157,"Malamar",0.03169,2433,0.071],[158,"Stunfisk",0.03166,1521,0.044],[159,"Swoobat",0.03147,2251,0.066],[160,"Glaceon",0.03118,1191,0.035],[161,"Bewear",0.03084,1163,0.034],[162,"Rotom-Fan",0.03064,1483,0.043],[163,"Eiscue",0.03062,2316,0.067],[164,"Golurk",0.02897,1563,0.046],[165,"Flapple",0.02798,1697,0.049],[166,"Corsola",0.02698,1703,0.05],[167,"Ludicolo",0.02619,1470,0.043],[168,"Avalugg",0.02611,1294,0.038],[169,"Crustle",0.02583,1612,0.047],[170,"Dubwool",0.02452,1785,0.052],[171,"Mr. Rime",0.02431,1589,0.046],[172,"Rhydon",0.02311,1236,0.036],[173,"Turtonator",0.02303,1352,0.039],[174,"Falinks",0.02294,1764,0.051],[175,"Stonjourner",0.0225,1211,0.035],[176,"Vileplume",0.02243,1158,0.034],[177,"Manectric",0.02235,1171,0.034],[178,"Raichu",0.02207,1193,0.035],[179,"Arctozolt",0.02184,1061,0.031],[180,"Liepard",0.02177,1653,0.048],[181,"Piloswine",0.02159,974,0.028],[182,"Escavalier",0.02158,1176,0.034],[183,"Dhelmise",0.02135,1114,0.032],[184,"Flareon",0.02118,1194,0.035],[185,"Dusknoir",0.02067,1301,0.038],[186,"Dugtrio-Alola",0.02045,1359,0.04],[187,"Drednaw",0.0202,1381,0.04],[188,"Drampa",0.01992,1073,0.031],[189,"Rapidash-Galar",0.01962,1264,0.037],[190,"Qwilfish",0.01933,1112,0.032],[191,"Perrserker",0.0193,1165,0.034],[192,"Shedinja",0.01913,1446,0.042],[193,"Shiinotic",0.01907,1011,0.029],[194,"Meowstic",0.01902,1326,0.039],[195,"Leafeon",0.0188,1008,0.029],[196,"Rotom-Frost",0.01878,839,0.024],[197,"Rapidash",0.01871,975,0.028],[198,"Trevenant",0.01825,1455,0.042],[199,"Mr. Mime-Galar",0.01806,1363,0.04],[200,"Barbaracle",0.01794,1220,0.036],[201,"Alcremie",0.01678,1346,0.039],[202,"Drifblim",0.01663,966,0.028],[203,"Lanturn",0.01617,757,0.022],[204,"Stunfisk-Galar",0.01565,956,0.028],[205,"Rotom",0.0153,638,0.019],[206,"Shiftry",0.01454,744,0.022],[207,"Greedent",0.01382,1012,0.029],[208,"Doublade",0.0137,762,0.022],[209,"Arctovish",0.01326,659,0.019],[210,"Diglett",0.01287,435,0.013],[211,"Garbodor",0.01282,956,0.028],[212,"Kingler",0.01265,634,0.018],[213,"Type: Null",0.01135,639,0.019],[214,"Unfezant",0.01113,602,0.018],[215,"Gourgeist-Super",0.0108,517,0.015],[216,"Hitmonchan",0.01016,728,0.021],[217,"Mawile",0.00952,767,0.022],[218,"Sawk",0.00908,511,0.015],[219,"Swirlix",0.00903,547,0.016],[220,"Musharna",