{"total":29934,"data":{"header":["Rank","Pokemon","Usage Percentage","Usage Raw","Usage Raw Percentage"],"rows":[[1,"Landorus-Therian",10.74389,2781,9.29],[2,"Tornadus-Therian",6.36609,816,2.726],[3,"Dragapult",4.80145,1210,4.042],[4,"Tapu Fini",4.36955,463,1.547],[5,"Pelipper",4.1213,936,3.127],[6,"Clefable",3.71152,553,1.847],[7,"Ferrothorn",3.33844,1370,4.577],[8,"Urshifu-Rapid-Strike",3.16412,773,2.582],[9,"Garchomp",2.99441,935,3.124],[10,"Zapdos",2.97507,476,1.59],[11,"Heatran",2.9178,854,2.853],[12,"Mew",2.55387,691,2.308],[13,"Weavile",2.55211,587,1.961],[14,"Tapu Lele",2.51172,540,1.804],[15,"Rillaboom",2.47333,461,1.54],[16,"Tapu Koko",2.42506,595,1.988],[17,"Slowking-Galar",2.33864,303,1.012],[18,"Rotom-Wash",2.22865,460,1.537],[19,"Toxapex",2.18111,672,2.245],[20,"Tyranitar",2.07537,540,1.804],[21,"Hippowdon",1.39532,310,1.036],[22,"Melmetal",1.36387,339,1.132],[23,"Ninetales-Alola",1.27242,491,1.64],[24,"Blacephalon",1.18829,263,0.879],[25,"Keldeo",1.16742,97,0.324],[26,"Slowbro",1.04649,235,0.785],[27,"Nidoking",1.02062,286,0.955],[28,"Zeraora",0.87642,189,0.631],[29,"Kartana",0.87514,234,0.782],[30,"Buzzwole",0.77666,131,0.438],[31,"Blissey",0.75902,170,0.568],[32,"Barraskewda",0.74106,207,0.692],[33,"Diggersby",0.72721,85,0.284],[34,"Primarina",0.67453,160,0.535],[35,"Swampert",0.65679,324,1.082],[36,"Conkeldurr",0.54026,78,0.261],[37,"Slowking",0.51258,83,0.277],[38,"Volcanion",0.48817,111,0.371],[39,"Torkoal",0.48197,471,1.573],[40,"Grimmsnarl",0.4646,199,0.665],[41,"Hatterene",0.45858,255,0.852],[42,"Aegislash",0.42364,127,0.424],[43,"Suicune",0.39132,54,0.18],[44,"Hydreigon",0.38486,109,0.364],[45,"Victini",0.37832,126,0.421],[46,"Skarmory",0.37566,180,0.601],[47,"Corviknight",0.36942,245,0.818],[48,"Lycanroc-Dusk",0.35388,58,0.194],[49,"Excadrill",0.33249,206,0.688],[50,"Scizor",0.29326,80,0.267],[51,"Araquanid",0.29249,69,0.231],[52,"Dragonite",0.28998,102,0.341],[53,"Gastrodon",0.28809,61,0.204],[54,"Bisharp",0.28539,93,0.311],[55,"Blaziken",0.26532,160,0.535],[56,"Klefki",0.24813,43,0.144],[57,"Tangrowth",0.24452,55,0.184],[58,"Inteleon",0.23677,72,0.241],[59,"Indeedee",0.22823,48,0.16],[60,"Regieleki",0.22417,134,0.448],[61,"Shuckle",0.21622,252,0.842],[62,"Ditto",0.20285,29,0.097],[63,"Azelf",0.19943,69,0.231],[64,"Volcarona",0.19785,122,0.408],[65,"Thundurus",0.18995,50,0.167],[66,"Crawdaunt",0.18585,62,0.207],[67,"Zapdos-Galar",0.17136,58,0.194],[68,"Snorlax",0.16368,68,0.227],[69,"Magnezone",0.15572,65,0.217],[70,"Darmanitan",0.14977,56,0.187],[71,"Latios",0.13008,67,0.224],[72,"Toxtricity",0.12469,42,0.14],[73,"Togekiss",0.12161,77,0.257],[74,"Porygon2",0.11692,139,0.464],[75,"Gengar",0.11643,105,0.351],[76,"Rotom-Frost",0.11631,19,0.063],[77,"Tapu Bulu",0.10693,14,0.047],[78,"Moltres-Galar",0.09758,42,0.14],[79,"Exploud",0.09191,27,0.09],[80,"Reuniclus",0.09177,29,0.097],[81,"Druddigon",0.08853,23,0.077],[82,"Rotom-Heat",0.08046,76,0.254],[83,"Celesteela",0.07752,60,0.2],[84,"Aerodactyl",0.07727,34,0.114],[85,"Moltres",0.07714,28,0.094],[86,"Ribombee",0.07604,101,0.337],[87,"Entei",0.07544,9,0.03],[88,"Latias",0.07477,30,0.1],[89,"Seismitoad",0.07148,42,0.14],[90,"Regidrago",0.06916,11,0.037],[91,"Nihilego",0.06906,38,0.127],[92,"Terrakion",0.06672,19,0.063],[93,"Milotic",0.06586,93,0.311],[94,"Mandibuzz",0.06406,19,0.063],[95,"Sirfetch'd",0.0602,37,0.124],[96,"Ninetales",0.05609,53,0.177],[97,"Chansey",0.05408,36,0.12],[98,"Sableye",0.05371,43,0.144],[99,"Cloyster",0.05012,156,0.521],[100,"Kommo-o",0.04971,33,0.11],[101,"Amoonguss",0.04297,87,0.291],[102,"Necrozma",0.04239,14,0.047],[103,"Thundurus-Therian",0.04194,22,0.073],[104,"Zygarde-10%",0.04117,12,0.04],[105,"Aggron",0.04108,34,0.114],[106,"Audino",0.03987,18,0.06],[107,"Arctozolt",0.03825,19,0.063],[108,"Dracozolt",0.03784,25,0.084],[109,"Azumarill",0.03556,43,0.144],[110,"Bronzong",0.0345,86,0.287],[111,"Pangoro",0.0332,17,0.057],[112,"Alakazam",0.03282,43,0.144],[113,"Mienshao",0.03259,15,0.05],[114,"Jellicent",0.03106,14,0.047],[115,"Marowak-Alola",0.03085,22,0.073],[116,"Quagsire",0.03007,26,0.087],[117,"Porygon-Z",0.02946,22,0.073],[118,"Umbreon",0.0285,27,0.09],[119,"Cresselia",0.02741,17,0.057],[120,"Xatu",0.02489,210,0.702],[121,"Whimsicott",0.02432,58,0.194],[122,"Gardevoir",0.02388,36,0.12],[123,"Galvantula",0.02381,101,0.337],[124,"Spiritomb",0.02186,208,0.695],[125,"Krookodile",0.02129,32,0.107],[126,"Jirachi",0.02114,29,0.097],[127,"Glastrier",0.02093,5,0.017],[128,"Tentacruel",0.0203,14,0.047],[129,"Hitmontop",0.01999,5,0.017],[130,"Articuno-Galar",0.01971,4,0.013],[131,"Chandelure",0.01836,41,0.137],[132,"Mudsdale",0.01778,36,0.12],[133,"Obstagoon",0.01588,42,0.14],[134,"Crobat",0.01489,52,0.174],[135,"Roserade",0.01439,84,0.281],[136,"Raichu-Alola",0.01413,12,0.04],[137,"Kabutops",0.01413,2,0.007],[138,"Metagross",0.01362,39,0.13],[139,"Heliolisk",0.01232,19,0.063],[140,"Golurk",0.01208,17,0.057],[141,"Raikou",0.01195,21,0.07],[142,"Slowbro-Galar",0.01171,9,0.03],[143,"Froslass",0.01124,14,0.047],[144,"Dragonair",0.01063,3,0.01],[145,"Kingler",0.01017,13,0.043],[146,"Crustle",0.0095,35,0.117],[147,"Gyarados",0.0092,53,0.177],[148,"Stakataka",0.00887,19,0.063],[149,"Weezing-Galar",0.0087,19,0.063],[150,"Mimikyu",0.00847,41,0.137],[151,"Politoed",0.00828,37,0.124],[152,"Incineroar",0.00804,79,0.264],[153,"Tornadus",0.008,16,0.053],[154,"Escavalier",0.00776,19,0.063],[155,"Centiskorch",0.00749,8,0.027],[156,"Hawlucha",0.00734,21,0.07],[157,"Starmie",0.00726,122,0.408],[158,"Cobalion",0.00684,3,0.01],[159,"Goodra",0.00683,46,0.154],[160,"Tyrantrum",0.0068,19,0.063],[161,"Kingdra",0.00673,14,0.047],[162,"Sigilyph",0.00664,13,0.043],[163,"Walrein",0.00645,5,0.017],[164,"Omastar",0.00632,12,0.04],[165,"Golisopod",0.00584,54,0.18],[166,"Clawitzer",0.00582,6,0.02],[167,"Vikavolt",0.00567,12,0.04],[168,"Rotom-Mow",0.00534,18,0.06],[169,"Sceptile",0.00528,12,0.04],[170,"Talonflame",0.00512,12,0.04],[171,"Cinccino",0.00506,9,0.03],[172,"Claydol",0.00502,11,0.037],[173,"Sharpedo",0.00493,35,0.117],[174,"Sylveon",0.00492,18,0.06],[175,"Xurkitree",0.00485,12,0.04],[176,"Falinks",0.00478,6,0.02],[177,"Stunfisk-Galar",0.00477,11,0.037],[178,"Sandaconda",0.00467,21,0.07],[179,"Durant",0.00463,8,0.027],[180,"Shedinja",0.00448,59,0.197],[181,"Lopunny",0.00444,19,0.063],[182,"Manectric",0.00431,25,0.084],[183,"Aurorus",0.00423,27,0.09],[184,"Scolipede",0.00414,47,0.157],[185,"Corsola-Galar",0.0038,27,0.09],[186,"Noivern",0.00369,11,0.037],[187,"Sandslash-Alola",0.00363,8,0.027],[188,"Noctowl",0.00359,2,0.007],[189,"Eldegoss",0.00328,5,0.017],[190,"Dusclops",0.00316,22,0.073],[191,"Salazzle",0.00309,30,0.1],[192,"Raichu",0.00303,18,0.06],[193,"Diancie",0.0027,14,0.047],[194,"Thwackey",0.00269,4,0.013],[195,"Sandshrew",0.00267,9,0.03],[196,"Mamoswine",0.00259,16,0.053],[197,"Zarude",0.00252,6,0.02],[198,"Weezing",0.00249,68,0.227],[199,"Orbeetle",0.00245,19,0.063],[200,"Haxorus",0.00226,27,0.09],[201,"Slurpuff",0.00222,12,0.04],[202,"Accelgor",0.00221,19,0.063],[203,"Dusknoir",0.0021,16,0.053],[204,"Venusaur",0.00198,29,0.097],[205,"Rhyperior",0.0019,7,0.023],[206,"Linoone",0.0018,5,0.017],[207,"Electivire",0.00153,22,0.073],[208,"Ludicolo",0.0015,9,0.03],[209,"Butterfree",0.00137,13,0.043],[210,"Mantine",0.00128,9,0.03],[211,"Jolteon",0.0012,29,0.097],[212,"Musharna",0.00117,4,0.013],[213,"Pinsir",0.00117,21,0.07],[214,"Duraludon",0.00114,9,0.03],[215,"Arctovish",0.00109,4,0.013],[216,"Arcanine",0.00108,16,0.053],[217,"Dunsparce",0.00108,13,0.043],[218,"Gigalith",0.00107,16,0.053],[219,"Dhelmise",0.00104,3,0.01],[220,"Exeggutor-Alola",0.00095,6,0.02],[221,"Steelix",0.00095,31,0.104],[222,"Flygon",0.00086,39,0.13],[223,"Mesprit",0.00085,2,0.007],[224,"Machamp",0.00081,16,0.053],[225,"Lucario",0.00079,46,0.154],[226,"Corphish",0.00077,6,0.02],[227,"Celebi",0.00077,13,0.043],[228,"Boltund",0.00073,6,0.02],[229,"Piloswine",0.00069,20,0.067],[230,"Registeel",0.00068,1,0.003],[231,"Charizard",0.00065,32,0.107],[232,"Rapidash-Galar",0.00061,7,0.023],[233,"Turtonator",