{"total":1829006,"data":{"header":["Rank","Pokemon","Usage Percentage","Usage Raw","Usage Raw Percentage"],"rows":[[1,"Cinderace",6.06208,105231,5.753],[2,"Urshifu",3.76987,58079,3.175],[3,"Excadrill",3.49847,58834,3.217],[4,"Pelipper",3.0301,50367,2.754],[5,"Dragapult",2.87451,49255,2.693],[6,"Marowak-Alola",2.86264,48574,2.656],[7,"Rillaboom",2.68319,45413,2.483],[8,"Urshifu-Rapid-Strike",2.5552,41758,2.283],[9,"Magearna",2.40894,38535,2.107],[10,"Mew",2.26921,38494,2.105],[11,"Ferrothorn",2.06561,42492,2.323],[12,"Magnezone",1.854,30863,1.687],[13,"Zeraora",1.8186,32328,1.768],[14,"Hippowdon",1.81376,31313,1.712],[15,"Toxapex",1.70029,29752,1.627],[16,"Terrakion",1.70026,26800,1.465],[17,"Kommo-o",1.68239,28193,1.541],[18,"Rotom-Heat",1.67168,29562,1.616],[19,"Grimmsnarl",1.39125,27104,1.482],[20,"Shuckle",1.38357,27967,1.529],[21,"Lycanroc-Dusk",1.36677,24306,1.329],[22,"Krookodile",1.36065,25058,1.37],[23,"Hydreigon",1.26563,21263,1.163],[24,"Azumarill",1.22941,21244,1.162],[25,"Volcarona",1.21355,23320,1.275],[26,"Skarmory",1.10875,20923,1.144],[27,"Slowbro",1.09009,17599,0.962],[28,"Scizor",1.07786,18860,1.031],[29,"Bronzong",1.03612,17984,0.983],[30,"Clefable",1.03197,17734,0.97],[31,"Accelgor",1.01656,17845,0.976],[32,"Seismitoad",1.0019,19448,1.063],[33,"Torkoal",0.93033,17424,0.953],[34,"Rotom-Wash",0.91975,15688,0.858],[35,"Tangrowth",0.87691,14460,0.791],[36,"Druddigon",0.87381,14903,0.815],[37,"Pincurchin",0.86117,16337,0.893],[38,"Mandibuzz",0.81215,12658,0.692],[39,"Indeedee",0.78745,13895,0.76],[40,"Hatterene",0.75228,14961,0.818],[41,"Togekiss",0.74711,13489,0.738],[42,"Klefki",0.74327,15264,0.835],[43,"Tyranitar",0.71597,15313,0.837],[44,"Mienshao",0.70655,13334,0.729],[45,"Alakazam",0.66017,12920,0.706],[46,"Corviknight",0.64754,12144,0.664],[47,"Weavile",0.63243,11771,0.644],[48,"Jirachi",0.6255,10893,0.596],[49,"Ninetales-Alola",0.62135,12276,0.671],[50,"Chansey",0.60559,10445,0.571],[51,"Conkeldurr",0.60282,10885,0.595],[52,"Gengar",0.53174,10350,0.566],[53,"Barraskewda",0.52313,8322,0.455],[54,"Galvantula",0.51942,12156,0.665],[55,"Slowbro-Galar",0.50821,10251,0.56],[56,"Primarina",0.46967,7871,0.43],[57,"Amoonguss",0.46837,8881,0.486],[58,"Cloyster",0.45999,10424,0.57],[59,"Talonflame",0.45032,9252,0.506],[60,"Ribombee",0.44744,8282,0.453],[61,"Mamoswine",0.42485,7503,0.41],[62,"Kyurem",0.41674,6787,0.371],[63,"Starmie",0.41034,7554,0.413],[64,"Darmanitan",0.38881,7302,0.399],[65,"Lycanroc",0.3831,6372,0.348],[66,"Scyther",0.37092,7186,0.393],[67,"Politoed",0.36513,8218,0.449],[68,"Crawdaunt",0.35232,5866,0.321],[69,"Porygon2",0.35208,6210,0.34],[70,"Weezing-Galar",0.34667,6435,0.352],[71,"Keldeo",0.34593,5355,0.293],[72,"Incineroar",0.33193,6520,0.356],[73,"Bisharp",0.32915,6537,0.357],[74,"Aegislash",0.31749,6468,0.354],[75,"Scolipede",0.31636,6964,0.381],[76,"Heracross",0.30756,5743,0.314],[77,"Sharpedo",0.30729,6758,0.369],[78,"Porygon-Z",0.29745,5977,0.327],[79,"Tentacruel",0.27626,5474,0.299],[80,"Araquanid",0.25113,5075,0.277],[81,"Palossand",0.23621,5184,0.283],[82,"Runerigus",0.23433,5039,0.276],[83,"Toxtricity",0.23158,4528,0.248],[84,"Chandelure",0.23105,4791,0.262],[85,"Clawitzer",0.22992,5039,0.276],[86,"Zoroark",0.20948,5134,0.281],[87,"Haxorus",0.20785,4135,0.226],[88,"Gyarados",0.20767,4513,0.247],[89,"Ninetales",0.20699,4653,0.254],[90,"Dragalge",0.20593,4319,0.236],[91,"Mimikyu",0.19812,4631,0.253],[92,"Exploud",0.19193,3603,0.197],[93,"Inteleon",0.18251,4602,0.252],[94,"Salazzle",0.16901,4022,0.22],[95,"Hawlucha",0.16878,3771,0.206],[96,"Flygon",0.16444,3211,0.176],[97,"Arcanine",0.15863,3295,0.18],[98,"Corsola-Galar",0.15434,3604,0.197],[99,"Diggersby",0.15061,2510,0.137],[100,"Obstagoon",0.14843,3210,0.176],[101,"Ditto",0.14382,2733,0.149],[102,"Kingdra",0.14011,2881,0.158],[103,"Rhyperior",0.1388,2776,0.152],[104,"Blissey",0.13816,3323,0.182],[105,"Golurk",0.13468,2309,0.126],[106,"Dracozolt",0.12281,2413,0.132],[107,"Quagsire",0.11358,1876,0.103],[108,"Whimsicott",0.11305,2804,0.153],[109,"Charizard",0.11002,2320,0.127],[110,"Slurpuff",0.10915,2357,0.129],[111,"Centiskorch",0.10841,2170,0.119],[112,"Necrozma",0.10738,1885,0.103],[113,"Exeggutor-Alola",0.10692,2296,0.126],[114,"Froslass",0.10639,1865,0.102],[115,"Espeon",0.10461,2626,0.144],[116,"Comfey",0.10338,2279,0.125],[117,"Miltank",0.10316,2581,0.141],[118,"Indeedee-F",0.10149,2141,0.117],[119,"Heliolisk",0.1002,1907,0.104],[120,"Rotom-Mow",0.09978,1968,0.108],[121,"Polteageist",0.09712,2591,0.142],[122,"Reuniclus",0.09656,1820,0.1],[123,"Luxray",0.09653,2474,0.135],[124,"Emolga",0.09616,2542,0.139],[125,"Milotic",0.09468,1965,0.107],[126,"Vaporeon",0.09168,1678,0.092],[127,"Vikavolt",0.09109,1891,0.103],[128,"Sirfetch'd",0.08617,1694,0.093],[129,"Claydol",0.07993,1639,0.09],[130,"Gardevoir",0.07986,1820,0.1],[131,"Venusaur",0.07675,1970,0.108],[132,"Golisopod",0.07644,1644,0.09],[133,"Goodra",0.07593,1642,0.09],[134,"Tauros",0.07434,1686,0.092],[135,"Jolteon",0.07398,1807,0.099],[136,"Bouffalant",0.07371,1839,0.101],[137,"Noivern",0.0734,1616,0.088],[138,"Sableye",0.0721,1816,0.099],[139,"Machamp",0.07144,1551,0.085],[140,"Blastoise",0.07111,1755,0.096],[141,"Lopunny",0.07092,1858,0.102],[142,"Cinccino",0.07023,1796,0.098],[143,"Gigalith",0.0694,1595,0.087],[144,"Coalossal",0.06919,1593,0.087],[145,"Lycanroc-Midnight",0.06719,1888,0.103],[146,"Roserade",0.06594,1570,0.086],[147,"Orbeetle",0.06432,1605,0.088],[148,"Drapion",0.06419,1496,0.082],[149,"Gastrodon",0.06275,1307,0.071],[150,"Dedenne",0.0612,1602,0.088],[151,"Lurantis",0.06102,1680,0.092],[152,"Sandaconda",0.05989,1438,0.079],[153,"Morpeko",0.05934,1383,0.076],[154,"Slowking",0.05902,1148,0.063],[155,"Xatu",0.05853,1383,0.076],[156,"Duraludon",0.05576,1280,0.07],[157,"Snorlax",0.054,1487,0.081],[158,"Meowstic",0.05393,1110,0.061],[159,"Sandslash",0.0537,1132,0.062],[160,"Dunsparce",0.05302,1465,0.08],[161,"Cobalion",0.05242,1075,0.059],[162,"Lucario",0.05204,1405,0.077],[163,"Mantine",0.05031,913,0.05],[164,"Hitmontop",0.04989,1287,0.07],[165,"Mudsdale",0.0487,1180,0.065],[166,"Dugtrio",0.04252,948,0.052],[167,"Umbreon",0.04166,1213,0.066],[168,"Sylveon",0.04098,1020,0.056],[169,"Celebi",0.04058,835,0.046],[170,"Tsareena",0.03934,840,0.046],[171,"Persian-Alola",0.03932,844,0.046],[172,"Durant",0.03914,1060,0.058],[173,"Raichu-Alola",0.03862,903,0.049],[174,"Marowak",0.03688,880,0.048],[175,"Poliwrath",0.03683,927,0.051],[176,"Steelix",0.03666,1047,0.057],[177,"Kangaskhan",0.03597,901,0.049],[178,"Vanilluxe",0.03571,821,0.045],[179,"Togedemaru",0.03422,831,0.045],[180,"Wigglytuff",0.03348,869,0.048],[181,"Dusclops",0.0332,977,0.053],[182,"Dhelmise",0.03314,745,0.041],[183,"Ninjask",0.03262,875,0.048],[184,"Jellicent",0.03169,664,0.036],[185,"Sandslash-Alola",0.03144,855,0.047],[186,"Cofagrigus",0.02831,678,0.037],[187,"Lickilicky",0.02724,755,0.041],[188,"Dusknoir",0.0271,680,0.037],[189,"Eiscue",0.02646,661,0.036],[190,"Hitmonlee",0.02566,638,0.035],[191,"Pikachu",0.02547,716,0.039],[192,"Pyukumuku",0.02513,676,0.037],[193,"Shedinja",0.02488,628,0.034],[194,"Butterfree",0.02487,716,0.039],[195,"Malamar",0.02456,680,0.037],[196,"Toxicroak",0.02444,619,0.034],[197,"Silvally-Ground",0.02431,436,0.024],[198,"Lilligant",0.02292,707,0.039],[199,"Decidueye",0.02282,595,0.033],[200,"Pinsir",0.02147,529,0.029],[201,"Braviary",0.02136,479,0.026],[202,"Crustle",0.02086,571,0.031],[203,"Scrafty",0.02055,526,0.029],[204,"Cramorant",0.02052,548,0.03],[205,"Copperajah",0.0204,513,0.028],[206,"Lapras",0.02024,559,0.031],[207,"Sigilyph",0.01977,484,0.026],[208,"Boltund",0.01937,500,0.027],[209,"Turtonator",0.01912,472,0.026],[210,"Bewear",0.0191,442,0.024],[211,"Liepard",0.01899,656,0.036],[212,"Gallade",0.01896,489,0.027],[213,"Magneton",0.01884,439,0.024],[214,"Barbaracle",0.0187,440,0.024],[215,"Abomasnow",0.01789,525,0.029],[216,"Stunfisk",0.01786,349,0.019],[217,"Wishiwashi",0.0178,424,0.023],[218,"Exeggutor",0.01772,538,0.029],[219,"Frosmoth",0.01754,506,0.028],[220,"Gourgeist-Super",0.01753,360,