{"total":1291782,"weight":0.531,"data":{"header":["Rank","Pokemon","Usage Percentage","Usage Raw","Usage Raw Percentage","Usage Real","Usage Real Percentage"],"rows":[[1,"Dragapult",36.22021,921374,35.663,660270,34.17],[2,"Darmanitan-Galar",33.86691,845528,32.727,639910,33.117],[3,"Excadrill",27.33934,647707,25.07,503401,26.052],[4,"Corviknight",24.87415,624516,24.173,464274,24.027],[5,"Ferrothorn",24.87397,601620,23.286,499486,25.849],[6,"Ditto",20.95252,485493,18.792,324063,16.771],[7,"Gyarados",16.24761,386563,14.962,271719,14.062],[8,"Cinderace",15.5638,405609,15.7,304119,15.739],[9,"Grimmsnarl",15.35037,396861,15.361,297956,15.42],[10,"Corsola-Galar",15.16613,388387,15.033,311135,16.102],[11,"Rotom-Wash",14.77904,346122,13.397,286766,14.841],[12,"Toxapex",13.52855,333812,12.921,262702,13.595],[13,"Aegislash",13.50231,332485,12.869,241280,12.487],[14,"Hatterene",12.70359,318647,12.334,238932,12.365],[15,"Hydreigon",12.14223,282357,10.929,212233,10.984],[16,"Dracovish",11.9227,287527,11.129,218752,11.321],[17,"Toxtricity",10.9249,290826,11.257,205602,10.64],[18,"Barraskewda",9.39838,251096,9.719,173026,8.954],[19,"Tyranitar",8.61463,210848,8.161,166683,8.626],[20,"Pelipper",8.19664,198975,7.702,178933,9.26],[21,"Seismitoad",7.23395,162603,6.294,134726,6.972],[22,"Clefable",7.12785,162871,6.304,125676,6.504],[23,"Hawlucha",6.33132,154211,5.969,105540,5.462],[24,"Polteageist",6.05901,161558,6.253,108653,5.623],[25,"Conkeldurr",5.93646,140911,5.454,107156,5.546],[26,"Dracozolt",5.80743,143643,5.56,105355,5.452],[27,"Gengar",5.32119,140479,5.437,97199,5.03],[28,"Mandibuzz",5.10345,115892,4.486,88759,4.593],[29,"Togekiss",4.52508,113864,4.407,84388,4.367],[30,"Centiskorch",4.52203,136720,5.292,100185,5.185],[31,"Charizard",4.2778,116617,4.514,87379,4.522],[32,"Dugtrio",4.2158,101633,3.934,77751,4.024],[33,"Obstagoon",4.11181,117006,4.529,88510,4.581],[34,"Mimikyu",3.94436,97463,3.772,69012,3.572],[35,"Drednaw",3.81574,98100,3.797,69831,3.614],[36,"Arcanine",3.71692,102666,3.974,79998,4.14],[37,"Ribombee",3.70911,90470,3.502,79847,4.132],[38,"Duraludon",3.69272,104999,4.064,80683,4.176],[39,"Eiscue",3.65437,108335,4.193,77320,4.001],[40,"Bisharp",3.6143,85092,3.294,61439,3.18],[41,"Rotom-Heat",3.60991,87298,3.379,71794,3.715],[42,"Weezing-Galar",3.54852,99636,3.857,77936,4.033],[43,"Appletun",3.39358,104666,4.051,73893,3.824],[44,"Runerigus",3.36402,97147,3.76,78920,4.084],[45,"Kommo-o",3.27774,81565,3.157,58350,3.02],[46,"Inteleon",3.27751,103071,3.989,72262,3.74],[47,"Coalossal",3.26167,98540,3.814,78749,4.075],[48,"Crawdaunt",3.19397,77052,2.982,55922,2.894],[49,"Frosmoth",3.0573,91682,3.549,59232,3.065],[50,"Sirfetch'd",3.05067,87119,3.372,63541,3.288],[51,"Chandelure",2.93396,82616,3.198,61192,3.167],[52,"Copperajah",2.86184,79199,3.065,61166,3.165],[53,"Toxtricity-Low-Key",2.79272,75889,2.937,54626,2.827],[54,"Mew",2.60836,62261,2.41,50901,2.634],[55,"Galvantula",2.59425,74622,2.888,65516,3.391],[56,"Eldegoss",2.58681,70346,2.723,50581,2.618],[57,"Araquanid",2.54393,66551,2.576,55609,2.878],[58,"Jellicent",2.43883,56444,2.185,44778,2.317],[59,"Pincurchin",2.20689,56611,2.191,47205,2.443],[60,"Cloyster",2.20607,61622,2.385,45288,2.344],[61,"Reuniclus",2.20419,53550,2.073,37306,1.931],[62,"Rillaboom",2.19559,68627,2.656,48703,2.52],[63,"Hippowdon",2.17522,52662,2.038,44403,2.298],[64,"Mamoswine",2.02793,50628,1.96,40416,2.092],[65,"Orbeetle",1.8959,57282,2.217,45311,2.345],[66,"Morpeko",1.88751,52044,2.014,38663,2.001],[67,"Milotic",1.8551,50709,1.963,39079,2.022],[68,"Cursola",1.82721,56494,2.187,39891,2.064],[69,"Falinks",1.81883,57502,2.226,38695,2.003],[70,"Goodra",1.77474,50431,1.952,36345,1.881],[71,"Gardevoir",1.69601,48153,1.864,33731,1.746],[72,"Sylveon",1.6954,44326,1.716,31608,1.636],[73,"Boltund",1.62325,51801,2.005,38067,1.97],[74,"Indeedee",1.61983,39455,1.527,29189,1.511],[75,"Sandaconda",1.59994,48203,1.866,37121,1.921],[76,"Alcremie",1.59991,48270,1.868,33179,1.717],[77,"Flapple",1.45014,45598,1.765,30812,1.595],[78,"Gastrodon",1.44573,38322,1.483,29448,1.524],[79,"Salazzle",1.39684,40408,1.564,30341,1.57],[80,"Lucario",1.38742,41154,1.593,28887,1.495],[81,"Quagsire",1.37848,35469,1.373,27123,1.404],[82,"Haxorus",1.36665,38122,1.476,25372,1.313],[83,"Golisopod",1.34873,37068,1.435,28630,1.482],[84,"Shuckle",1.32897,40722,1.576,36549,1.891],[85,"Jolteon",1.24933,35814,1.386,27197,1.408],[86,"Espeon",1.23198,36878,1.427,26114,1.351],[87,"Torkoal",1.22616,30500,1.181,27875,1.443],[88,"Heliolisk",1.20473,30524,1.181,22796,1.18],[89,"Whimsicott",1.12868,30339,1.174,24276,1.256],[90,"Durant",1.11609,28045,1.086,21737,1.125],[91,"Bronzong",1.10746,31087,1.203,26231,1.358],[92,"Flygon",1.10231,32470,1.257,23768,1.23],[93,"Snorlax",1.0764,31912,1.235,23121,1.197],[94,"Tsareena",1.05292,28036,1.085,19960,1.033],[95,"Machamp",1.03534,30286,1.172,23330,1.207],[96,"Rapidash-Galar",0.97896,31463,1.218,20991,1.086],[97,"Diggersby",0.97813,23601,0.914,17436,0.902],[98,"Mr. Rime",0.92638,28700,1.111,19588,1.014],[99,"Ludicolo",0.92149,24889,0.963,17609,0.911],[100,"Noivern",0.88019,26191,1.014,19279,0.998],[101,"Lapras",0.87292,26718,1.034,20192,1.045],[102,"Cramorant",0.87134,29754,1.152,22290,1.154],[103,"Weavile",0.86692,25657,0.993,18176,0.941],[104,"Mantine",0.86265,20494,0.793,15422,0.798],[105,"Claydol",0.79503,23404,0.906,18228,0.943],[106,"Vanilluxe",0.78994,20743,0.803,17087,0.884],[107,"Umbreon",0.78539,22323,0.864,16259,0.841],[108,"Vikavolt",0.77799,21339,0.826,16091,0.833],[109,"Grapploct",0.76625,24976,0.967,18492,0.957],[110,"Avalugg",0.7581,19861,0.769,14713,0.761],[111,"Braviary",0.754,20270,0.785,14077,0.729],[112,"Hitmontop",0.74576,21334,0.826,16601,0.859],[113,"Pyukumuku",0.71939,18885,0.731,14851,0.769],[114,"Rhyperior",0.68877,19012,0.736,14429,0.747],[115,"Roserade",0.68222,20447,0.791,14931,0.773],[116,"Rotom-Mow",0.65674,16349,0.633,12959,0.671],[117,"Accelgor",0.65373,19895,0.77,15557,0.805],[118,"Dubwool",0.64626,21316,0.825,15538,0.804],[119,"Dhelmise",0.64094,18013,0.697,13315,0.689],[120,"Butterfree",0.63143,20637,0.799,14201,0.735],[121,"Xatu",0.5965,15121,0.585,11457,0.593],[122,"Steelix",0.58324,16709,0.647,13430,0.695],[123,"Bewear",0.58017,17631,0.682,12545,0.649],[124,"Cofagrigus",0.55425,16444,0.636,13252,0.686],[125,"Shiftry",0.54279,13268,0.514,9876,0.511],[126,"Ninetales",0.53043,16023,0.62,12830,0.664],[127,"Arctozolt",0.52763,16823,0.651,11901,0.616],[128,"Abomasnow",0.52666,17109,0.662,13709,0.709],[129,"Malamar",0.52314,15587,0.603,11049,0.572],[130,"Vaporeon",0.51334,14000,0.542,10649,0.551],[131,"Cinccino",0.50402,16211,0.627,11621,0.601],[132,"Drapion",0.46011,14697,0.569,11257,0.583],[133,"Perrserker",0.4468,14668,0.568,10945,0.566],[134,"Toxicroak",0.4407,12986,0.503,9183,0.475],[135,"Gallade",0.43857,14093,0.545,9951,0.515],[136,"Hitmonlee",0.42912,12405,0.48,8705,0.451],[137,"Greedent",0.42226,13289,0.514,9672,0.501],[138,"Scrafty",0.41729,12877,0.498,9699,0.502],[139,"Indeedee-F",0.39894,11117,0.43,8211,0.425],[140,"Froslass",0.39873,11672,0.452,9961,0.516],[141,"Barbaracle",0.39071,12208,0.473,8533,0.442],[142,"Stonjourner",0.36973,10746,0.416,8197,0.424],[143,"Sableye",0.36755,10777,0.417,8606,0.445],[144,"Sigilyph",0.34054,8892,0.344,6284,0.325],[145,"Arctovish",0.33655,10778,0.417,7844,0.406],[146,"Kingler",0.33642,10652,0.412,7658,0.396],[147,"Dusclops",0.32092,9998,0.387,7938,0.411],[148,"Gigalith",0.31995,9649,0.373,8056,0.417],[149,"Thievul",0.31504,10253,0.397,7276,0.377],[150,"Leafeon",0.2976,9110,0.353,6472,0.335],[151,"Escavalier",0.29439,9047,0.35,6787,0.351],[152,"Drampa",0.28542,8429,0.326,6022,0.312],[153,"Garbodor",0.26925,9513,0.368,7353,0.381],[154,"Dusknoir",0.26787,8707,0.337,6848,0.354],[155,"Mudsdale",0.25802,8189,0.317,6488,0.336],[156,"Drifblim",0.23726,7182,0.278,5201,0.269],[157,"Mr. Mime-Galar",0.22911,6881,0.266,4909,0.254],[158,"Shedinja",0.22545,6318,0.245,4235,0.219],[159,"Turtonator",0.22272,7350,0.284,5619,0.291],[160,"Vileplume",0.22205,7294,0.282,5177,0.268],