{"total":150170,"data":{"header":["Rank","Pokemon","Usage Percentage","Usage Raw","Usage Raw Percentage"],"rows":[[1,"Mew",4.54019,3880,2.584],[2,"Donphan",4.20368,5749,3.828],[3,"Excadrill",3.6433,5425,3.613],[4,"Latios",3.51174,3479,2.317],[5,"Sandy Shocks",3.43537,3588,2.389],[6,"Arcanine-Hisui",3.37795,4156,2.768],[7,"Lokix",3.14257,4996,3.327],[8,"Tinkaton",2.86888,3371,2.245],[9,"Skarmory",2.75049,4786,3.187],[10,"Ogerpon",2.66724,2338,1.557],[11,"Rotom-Wash",2.5318,4633,3.085],[12,"Scizor",2.37207,2911,1.938],[13,"Thundurus-Therian",2.33405,2856,1.902],[14,"Hippowdon",2.25927,4105,2.734],[15,"Zapdos-Galar",2.16937,2562,1.706],[16,"Slowking",2.10851,2208,1.47],[17,"Weavile",2.04985,2110,1.405],[18,"Cobalion",2.04316,2280,1.518],[19,"Keldeo",1.80796,1446,0.963],[20,"Clodsire",1.75811,3648,2.429],[21,"Mandibuzz",1.72822,1392,0.927],[22,"Grimmsnarl",1.66656,2462,1.639],[23,"Greninja",1.60021,2727,1.816],[24,"Conkeldurr",1.52931,1876,1.249],[25,"Hydrapple",1.47187,1287,0.857],[26,"Slither Wing",1.46151,1466,0.976],[27,"Ninetales-Alola",1.43826,2060,1.372],[28,"Kleavor",1.32543,1907,1.27],[29,"Fezandipiti",1.27156,1444,0.962],[30,"Metagross",1.22541,1818,1.211],[31,"Politoed",1.21289,1839,1.225],[32,"Ribombee",1.17339,1862,1.24],[33,"Toxapex",1.14595,1960,1.305],[34,"Talonflame",1.14438,859,0.572],[35,"Mamoswine",1.13814,996,0.663],[36,"Azumarill",1.07944,1308,0.871],[37,"Hydreigon",1.0168,951,0.633],[38,"Gastrodon",0.81206,1058,0.705],[39,"Skeledirge",0.78405,1474,0.982],[40,"Thundurus",0.73819,855,0.569],[41,"Araquanid",0.69943,1048,0.698],[42,"Manaphy",0.65021,751,0.5],[43,"Torkoal",0.64895,1912,1.273],[44,"Magnezone",0.6128,556,0.37],[45,"Swampert",0.61255,707,0.471],[46,"Iron Jugulis",0.6039,479,0.319],[47,"Gardevoir",0.58445,564,0.376],[48,"Indeedee",0.51441,610,0.406],[49,"Sinistcha",0.4538,677,0.451],[50,"Cyclizar",0.42689,469,0.312],[51,"Pincurchin",0.40095,393,0.262],[52,"Gengar",0.39998,596,0.397],[53,"Serperior",0.3861,1184,0.788],[54,"Barraskewda",0.33948,491,0.327],[55,"Volcanion",0.32143,550,0.366],[56,"Breloom",0.31719,431,0.287],[57,"Ninetales",0.29728,759,0.505],[58,"Crawdaunt",0.29186,200,0.133],[59,"Zoroark-Hisui",0.26606,581,0.387],[60,"Forretress",0.25728,1064,0.709],[61,"Terrakion",0.25087,167,0.111],[62,"Muk-Alola",0.24789,365,0.243],[63,"Salamence",0.23237,455,0.303],[64,"Jirachi",0.23146,374,0.249],[65,"Azelf",0.22807,505,0.336],[66,"Basculegion-F",0.22599,156,0.104],[67,"Krookodile",0.22475,549,0.366],[68,"Regidrago",0.22374,130,0.087],[69,"Blissey",0.22357,295,0.196],[70,"Revavroom",0.21672,484,0.322],[71,"Noivern",0.2037,381,0.254],[72,"Maushold",0.19573,372,0.248],[73,"Quagsire",0.18885,575,0.383],[74,"Infernape",0.18769,412,0.274],[75,"Galvantula",0.17804,1132,0.754],[76,"Chandelure",0.17422,397,0.264],[77,"Yanmega",0.17303,413,0.275],[78,"Empoleon",0.17031,418,0.278],[79,"Goodra-Hisui",0.16951,375,0.25],[80,"Golem",0.16526,327,0.218],[81,"Mudsdale",0.16021,196,0.131],[82,"Raichu",0.15406,209,0.139],[83,"Mienshao",0.1477,600,0.4],[84,"Haxorus",0.13984,416,0.277],[85,"Blastoise",0.13876,446,0.297],[86,"Enamorus-Therian",0.13567,115,0.077],[87,"Smeargle",0.1268,376,0.25],[88,"Scream Tail",0.11694,158,0.105],[89,"Ambipom",0.11426,544,0.362],[90,"Chesnaught",0.11331,191,0.127],[91,"Basculegion",0.10692,148,0.099],[92,"Suicune",0.10658,116,0.077],[93,"Thwackey",0.10603,139,0.093],[94,"Pawmot",0.10567,87,0.058],[95,"Mimikyu",0.10347,289,0.192],[96,"Gyarados",0.09993,462,0.308],[97,"Armarouge",0.09577,272,0.181],[98,"Reuniclus",0.09572,114,0.076],[99,"Incineroar",0.09525,382,0.254],[100,"Bisharp",0.09145,227,0.151],[101,"Entei",0.09081,252,0.168],[102,"Lycanroc-Dusk",0.08903,357,0.238],[103,"Porygon-Z",0.08711,239,0.159],[104,"Diancie",0.08606,298,0.198],[105,"Electrode-Hisui",0.08438,163,0.109],[106,"Salazzle",0.08291,403,0.268],[107,"Glaceon",0.08172,104,0.069],[108,"Tentacruel",0.07961,214,0.143],[109,"Tsareena",0.07481,158,0.105],[110,"Munkidori",0.07428,320,0.213],[111,"Lilligant-Hisui",0.07357,181,0.121],[112,"Avalugg-Hisui",0.07334,159,0.106],[113,"Deoxys-Defense",0.07303,216,0.144],[114,"Raikou",0.07051,138,0.092],[115,"Toxtricity",0.07,206,0.137],[116,"Espeon",0.06782,439,0.292],[117,"Comfey",0.06757,142,0.095],[118,"Rhyperior",0.06651,205,0.137],[119,"Kilowattrel",0.05903,207,0.138],[120,"Braviary-Hisui",0.05779,238,0.158],[121,"Oricorio-Pom-Pom",0.05771,67,0.045],[122,"Cresselia",0.05568,78,0.052],[123,"Umbreon",0.05413,234,0.156],[124,"Gallade",0.05346,214,0.143],[125,"Sylveon",0.05081,73,0.049],[126,"Vikavolt",0.04959,188,0.125],[127,"Necrozma",0.04917,61,0.041],[128,"Tornadus",0.04869,167,0.111],[129,"Houndstone",0.04795,46,0.031],[130,"Hawlucha",0.04786,300,0.2],[131,"Slowbro",0.04741,99,0.066],[132,"Gligar",0.046,98,0.065],[133,"Klefki",0.04479,380,0.253],[134,"Jolteon",0.04305,217,0.145],[135,"Brambleghast",0.04087,99,0.066],[136,"Hattrem",0.04073,45,0.03],[137,"Bronzong",0.0378,134,0.089],[138,"Coalossal",0.03708,103,0.069],[139,"Feraligatr",0.03427,113,0.075],[140,"Duraludon",0.03261,92,0.061],[141,"Vaporeon",0.03239,93,0.062],[142,"Hoopa",0.03217,78,0.052],[143,"Staraptor",0.03177,450,0.3],[144,"Flygon",0.03144,120,0.08],[145,"Flamigo",0.03025,47,0.031],[146,"Kingdra",0.02976,105,0.07],[147,"Spidops",0.02931,248,0.165],[148,"Decidueye-Hisui",0.02841,93,0.062],[149,"Ditto",0.02786,84,0.056],[150,"Golurk",0.02721,180,0.12],[151,"Lycanroc",0.02651,128,0.085],[152,"Volbeat",0.02635,63,0.042],[153,"Bellibolt",0.02595,43,0.029],[154,"Inteleon",0.02519,182,0.121],[155,"Cloyster",0.02446,268,0.178],[156,"Toucannon",0.02361,31,0.021],[157,"Porygon2",0.02358,172,0.115],[158,"Typhlosion-Hisui",0.02356,148,0.099],[159,"Goodra",0.02184,84,0.056],[160,"Rotom-Heat",0.02125,254,0.169],[161,"Naclstack",0.02103,12,0.008],[162,"Sneasel",0.02065,14,0.009],[163,"Iron Leaves",0.01977,69,0.046],[164,"Glastrier",0.01911,57,0.038],[165,"Torterra",0.01888,173,0.115],[166,"Tauros-Paldea-Blaze",0.0186,34,0.023],[167,"Pikachu",0.01812,174,0.116],[168,"Abomasnow",0.01732,166,0.111],[169,"Vileplume",0.01687,56,0.037],[170,"Hariyama",0.01665,106,0.071],[171,"Wo-Chien",0.0165,103,0.069],[172,"Malamar",0.01457,31,0.021],[173,"Avalugg",0.0145,116,0.077],[174,"Tauros-Paldea-Aqua",0.0143,24,0.016],[175,"Lilligant",0.01429,11,0.007],[176,"Orthworm",0.0138,90,0.06],[177,"Frosmoth",0.01378,34,0.023],[178,"Cramorant",0.01345,60,0.04],[179,"Delphox",0.01343,90,0.06],[180,"Uxie",0.01332,73,0.049],[181,"Dudunsparce",0.01319,70,0.047],[182,"Houndoom",0.01294,88,0.059],[183,"Slowbro-Galar",0.01266,64,0.043],[184,"Cacturne",0.01251,45,0.03],[185,"Overqwil",0.01227,83,0.055],[186,"Toedscruel",0.01225,21,0.014],[187,"Scyther",0.01144,88,0.059],[188,"Hitmonchan",0.01039,56,0.037],[189,"Scrafty",0.00996,104,0.069],[190,"Froslass",0.00984,170,0.113],[191,"Persian",0.00949,86,0.057],[192,"Iron Thorns",0.00935,65,0.043],[193,"Scovillain",0.00923,8,0.005],[194,"Heracross",0.00915,104,0.069],[195,"Amoonguss",0.00911,61,0.041],[196,"Chansey",0.00911,85,0.057],[197,"Emboar",0.00897,30,0.02],[198,"Minior",0.00884,75,0.05],[199,"Registeel",0.00865,76,0.051],[200,"Sceptile",0.00861,36,0.024],[201,"Weezing",0.00859,57,0.038],[202,"Lapras",0.00828,55,0.037],[203,"Whimsicott",0.00801,162,0.108],[204,"Venusaur",0.00782,176,0.117],[205,"Ursaring",0.00765,41,0.027],[206,"Lanturn",0.00762,29,0.019],[207,"Grafaiai",0.00741,286,0.19],[208,"Samurott",0.00713,50,0.033],[209,"Palossand",0.00706,51,0.034],[210,"Sableye",0.00697,153,0.102],[211,"Golem-Alola",0.00695,58,0.039],[212,"Arcanine",0.00682,116,0.077],[213,"Probopass",0.00657,22,0.015],[214,"Regice",0.00654,20,0.013],[215,"Ampharos",0.0064,59,0.039],[216,"Decidueye",0.00632,35,0.023],[217,"Clawitzer",0.00628,71,0.047],[218,"Zoroark",0.006,23,0.015],[219,"Eelektross",0.00576,55,0.037],[220,"Lucario",0.00573,154,0.103],[221,"Shaymin",0.00555,19,0.013],[222,"Drifblim",0.00552,45,0.03],[223,"Farigiraf",0.00546,12,0.008],[224,"Komala",0.00546,87,0.058],[225,"Lurantis",0.00542,50,0.033],[226,"Charjabug",0.0052,25,0.017],