{"total":173216,"data":{"header":["Rank","Pokemon","Usage Percentage","Usage Raw","Usage Raw Percentage"],"rows":[[1,"Latios",3.87819,3369,1.945],[2,"Sandy Shocks",3.87481,3430,1.98],[3,"Donphan",3.83764,5867,3.387],[4,"Lokix",3.62128,4753,2.744],[5,"Arcanine-Hisui",3.34046,4838,2.793],[6,"Mew",3.29702,5968,3.445],[7,"Tinkaton",3.01352,3421,1.975],[8,"Rotom-Wash",2.99057,5468,3.157],[9,"Weavile",2.93973,3084,1.78],[10,"Excadrill",2.93149,5280,3.048],[11,"Thundurus-Therian",2.60169,2785,1.608],[12,"Conkeldurr",2.47616,2216,1.279],[13,"Ninetales-Alola",2.39105,3081,1.779],[14,"Scizor",2.25746,3696,2.134],[15,"Hippowdon",2.20193,4753,2.744],[16,"Skarmory",2.09306,4582,2.645],[17,"Slowking",1.98187,2217,1.28],[18,"Clodsire",1.91194,4752,2.743],[19,"Keldeo",1.88589,1749,1.01],[20,"Cobalion",1.86384,2211,1.276],[21,"Zapdos-Galar",1.84012,1986,1.147],[22,"Fezandipiti",1.75452,1709,0.987],[23,"Slither Wing",1.68034,1652,0.954],[24,"Mamoswine",1.57959,2234,1.29],[25,"Greninja",1.42689,2969,1.714],[26,"Metagross",1.38827,2310,1.334],[27,"Ribombee",1.35905,2208,1.275],[28,"Politoed",1.24764,2512,1.45],[29,"Hydreigon",1.22217,1677,0.968],[30,"Hydrapple",1.14093,1459,0.842],[31,"Torkoal",1.07161,2260,1.305],[32,"Mandibuzz",1.0693,1313,0.758],[33,"Toxapex",0.95183,2567,1.482],[34,"Swampert",0.93289,1292,0.746],[35,"Kleavor",0.91425,1952,1.127],[36,"Ninetales",0.90828,1468,0.847],[37,"Thundurus",0.90482,944,0.545],[38,"Talonflame",0.88214,1483,0.856],[39,"Gastrodon",0.87548,1031,0.595],[40,"Azumarill",0.82643,1458,0.842],[41,"Grimmsnarl",0.80283,2603,1.503],[42,"Araquanid",0.77744,1306,0.754],[43,"Gardevoir",0.72961,730,0.421],[44,"Manaphy",0.71962,766,0.442],[45,"Skeledirge",0.67461,1566,0.904],[46,"Serperior",0.64059,1743,1.006],[47,"Jirachi",0.5634,578,0.334],[48,"Pincurchin",0.55596,430,0.248],[49,"Sinistcha",0.54615,887,0.512],[50,"Krookodile",0.50663,839,0.484],[51,"Lycanroc-Dusk",0.502,699,0.404],[52,"Volcanion",0.45277,701,0.405],[53,"Magnezone",0.44394,573,0.331],[54,"Indeedee",0.42993,1192,0.688],[55,"Iron Jugulis",0.3666,535,0.309],[56,"Azelf",0.34896,841,0.486],[57,"Zoroark-Hisui",0.33294,866,0.5],[58,"Quagsire",0.31279,762,0.44],[59,"Mienshao",0.27639,644,0.372],[60,"Noivern",0.26632,354,0.204],[61,"Infernape",0.25726,638,0.368],[62,"Necrozma",0.24769,212,0.122],[63,"Salamence",0.24229,557,0.322],[64,"Cyclizar",0.22905,436,0.252],[65,"Klefki",0.22815,718,0.415],[66,"Blissey",0.22577,378,0.218],[67,"Haxorus",0.2169,507,0.293],[68,"Forretress",0.2088,1322,0.763],[69,"Galvantula",0.20544,1273,0.735],[70,"Primeape",0.19768,165,0.095],[71,"Muk-Alola",0.19698,477,0.275],[72,"Entei",0.19294,327,0.189],[73,"Goodra-Hisui",0.19046,390,0.225],[74,"Gengar",0.18137,625,0.361],[75,"Basculegion-F",0.16688,139,0.08],[76,"Umbreon",0.16684,422,0.244],[77,"Bisharp",0.1586,260,0.15],[78,"Revavroom",0.1581,499,0.288],[79,"Regidrago",0.15313,354,0.204],[80,"Lycanroc",0.14777,151,0.087],[81,"Chesnaught",0.13944,277,0.16],[82,"Yanmega",0.13088,362,0.209],[83,"Maushold",0.12895,455,0.263],[84,"Thwackey",0.12441,276,0.159],[85,"Blastoise",0.12273,703,0.406],[86,"Basculegion",0.12121,138,0.08],[87,"Barraskewda",0.12105,247,0.143],[88,"Incineroar",0.11781,601,0.347],[89,"Gyarados",0.11634,473,0.273],[90,"Ogerpon",0.10897,144,0.083],[91,"Empoleon",0.1067,344,0.199],[92,"Chandelure",0.10604,470,0.271],[93,"Terrakion",0.10501,120,0.069],[94,"Salazzle",0.10488,610,0.352],[95,"Crawdaunt",0.1037,185,0.107],[96,"Scream Tail",0.10119,221,0.128],[97,"Toxtricity",0.09788,199,0.115],[98,"Mismagius",0.09645,112,0.065],[99,"Enamorus-Therian",0.09633,121,0.07],[100,"Smeargle",0.09533,453,0.262],[101,"Mimikyu",0.09226,557,0.322],[102,"Floatzel",0.09123,37,0.021],[103,"Duraludon",0.0908,103,0.059],[104,"Ambipom",0.08481,563,0.325],[105,"Lilligant-Hisui",0.0831,234,0.135],[106,"Raichu",0.08141,44,0.025],[107,"Gligar",0.07798,129,0.074],[108,"Gallade",0.07616,439,0.253],[109,"Vikavolt",0.07527,358,0.207],[110,"Torterra",0.07525,360,0.208],[111,"Armarouge",0.07305,224,0.129],[112,"Hattrem",0.07301,71,0.041],[113,"Porygon-Z",0.07055,265,0.153],[114,"Froslass",0.07003,470,0.271],[115,"Tentacruel",0.0697,225,0.13],[116,"Breloom",0.06944,248,0.143],[117,"Kilowattrel",0.06564,190,0.11],[118,"Ditto",0.06432,98,0.057],[119,"Houndstone",0.06401,48,0.028],[120,"Cresselia",0.06315,115,0.066],[121,"Venusaur",0.06006,191,0.11],[122,"Inteleon",0.05894,186,0.107],[123,"Slowbro",0.05516,299,0.173],[124,"Cramorant",0.05439,236,0.136],[125,"Porygon2",0.05412,242,0.14],[126,"Pawmot",0.05234,97,0.056],[127,"Rotom-Heat",0.04972,346,0.2],[128,"Jolteon",0.04966,361,0.208],[129,"Rhyperior",0.04827,240,0.139],[130,"Whimsicott",0.04754,241,0.139],[131,"Espeon",0.04616,547,0.316],[132,"Cloyster",0.04503,702,0.405],[133,"Reuniclus",0.0447,178,0.103],[134,"Vaporeon",0.04325,163,0.094],[135,"Overqwil",0.03965,113,0.065],[136,"Golem",0.0393,148,0.085],[137,"Brambleghast",0.03822,49,0.028],[138,"Golurk",0.03624,123,0.071],[139,"Scyther",0.03555,176,0.102],[140,"Spidops",0.03534,281,0.162],[141,"Hawlucha",0.034,230,0.133],[142,"Electrode-Hisui",0.03354,188,0.109],[143,"Feraligatr",0.03249,259,0.15],[144,"Bellibolt",0.03182,74,0.043],[145,"Glaceon",0.03094,104,0.06],[146,"Electivire",0.03061,58,0.033],[147,"Electrode",0.03041,162,0.094],[148,"Bombirdier",0.02973,81,0.047],[149,"Sneasel",0.0291,23,0.013],[150,"Raikou",0.02886,192,0.111],[151,"Sableye",0.02868,271,0.156],[152,"Orthworm",0.02826,124,0.072],[153,"Vileplume",0.02826,69,0.04],[154,"Typhlosion-Hisui",0.02792,167,0.096],[155,"Minior",0.02766,96,0.055],[156,"Staraptor",0.0275,320,0.185],[157,"Arcanine",0.02716,160,0.092],[158,"Deoxys-Defense",0.0265,158,0.091],[159,"Braviary-Hisui",0.02641,47,0.027],[160,"Bronzong",0.02593,195,0.113],[161,"Flygon",0.02564,113,0.065],[162,"Iron Leaves",0.02497,106,0.061],[163,"Avalugg",0.02464,103,0.059],[164,"Avalugg-Hisui",0.02453,128,0.074],[165,"Comfey",0.02417,195,0.113],[166,"Diancie",0.02307,350,0.202],[167,"Dusknoir",0.02277,60,0.035],[168,"Slaking",0.02253,85,0.049],[169,"Tsareena",0.02251,106,0.061],[170,"Suicune",0.0225,117,0.068],[171,"Snorlax",0.02215,131,0.076],[172,"Iron Thorns",0.02184,90,0.052],[173,"Cryogonal",0.02172,52,0.03],[174,"Decidueye-Hisui",0.02136,57,0.033],[175,"Tauros-Paldea-Aqua",0.01977,81,0.047],[176,"Poliwrath",0.0192,24,0.014],[177,"Rotom-Mow",0.01741,65,0.038],[178,"Mabosstiff",0.0174,83,0.048],[179,"Flamigo",0.01711,52,0.03],[180,"Tornadus",0.0167,122,0.07],[181,"Kingdra",0.01664,60,0.035],[182,"Oricorio-Pom-Pom",0.01659,79,0.046],[183,"Coalossal",0.01629,75,0.043],[184,"Wo-Chien",0.0162,77,0.044],[185,"Goodra",0.01598,75,0.043],[186,"Sudowoodo",0.01523,56,0.032],[187,"Chansey",0.01489,102,0.059],[188,"Amoonguss",0.01473,120,0.069],[189,"Leavanny",0.01427,84,0.048],[190,"Heracross",0.01424,110,0.064],[191,"Milotic",0.01403,201,0.116],[192,"Hoopa",0.01376,49,0.028],[193,"Rhydon",0.01356,110,0.064],[194,"Munkidori",0.01202,84,0.048],[195,"Golem-Alola",0.01187,40,0.023],[196,"Sylveon",0.01186,74,0.043],[197,"Raboot",0.01138,15,0.009],[198,"Charjabug",0.01124,18,0.01],[199,"Magneton",0.01115,36,0.021],[200,"Masquerain",0.01095,186,0.107],[201,"Regirock",0.01089,71,0.041],[202,"Florges",0.01082,56,0.032],[203,"Charizard",0.00987,174,0.1],[204,"Hariyama",0.00985,89,0.051],[205,"Sceptile",0.00981,253,0.146],[206,"Clawitzer",0.0096,152,0.088],[207,"Hypno",0.00955,71,0.041],[208,"Arboliva",0.00952,62,0.036],[209,"Articuno",0.00925,40,0.023],[210,"Tauros-Paldea-Blaze",0.00856,34,0.02],[211,"Palossand",0.00854,27,0.016],[212,"Crabominable",0.00835,116,0.067],[213,"Copperajah",0.00803,36,0.021],[214,"Weezing",0.00763,135,0.078],[215,"Glastrier",0.00755,21,0.012],[216,"Abomasnow",0.00749,138,0.08],[217,"Registeel",0.00737,130,0.075],[218,"Cinccino",0.0073,92,0.053],[219,"Lucario",0.00729,183,0.106],[220,"Emboar",0.00721,24,0.014],[221,"Pikachu",0.00713,161,0.093],[222,"Grookey",0.00712,18,0.01],[223,"Hitmonlee",0.00711,63,0.036],[224,"Toxicroak",0.00691,44,0.025],[225,"Morpeko",0.00664,68,0.039],[226,"Uxie",0.0066,