{"total":180330,"data":{"header":["Rank","Pokemon","Usage Percentage","Usage Raw","Usage Raw Percentage"],"rows":[[1,"Donphan",3.78867,6144,3.407],[2,"Lokix",3.7408,5883,3.262],[3,"Latios",3.39808,3676,2.038],[4,"Arcanine-Hisui",3.38606,4879,2.706],[5,"Sandy Shocks",3.00225,3897,2.161],[6,"Excadrill",2.95713,6098,3.382],[7,"Mew",2.91052,3971,2.202],[8,"Rotom-Wash",2.72666,5736,3.181],[9,"Tinkaton",2.67338,3638,2.017],[10,"Scizor",2.59872,3825,2.121],[11,"Cobalion",2.53664,2960,1.641],[12,"Keldeo",2.47836,2060,1.142],[13,"Skarmory",2.42099,5822,3.229],[14,"Ninetales-Alola",2.26341,2989,1.658],[15,"Thundurus-Therian",2.20121,3065,1.7],[16,"Ogerpon",2.16146,2550,1.414],[17,"Weavile",2.15511,2555,1.417],[18,"Conkeldurr",2.09312,2327,1.29],[19,"Fezandipiti",2.03774,2456,1.362],[20,"Zapdos-Galar",2.02857,2602,1.443],[21,"Hippowdon",1.8864,4038,2.239],[22,"Clodsire",1.87947,5048,2.799],[23,"Slowking",1.82673,2546,1.412],[24,"Slither Wing",1.80615,1562,0.866],[25,"Mandibuzz",1.6821,1770,0.982],[26,"Metagross",1.61005,2430,1.348],[27,"Greninja",1.47207,3119,1.73],[28,"Hydrapple",1.44967,1589,0.881],[29,"Hydreigon",1.28968,1188,0.659],[30,"Torkoal",1.19644,3158,1.751],[31,"Mamoswine",1.11177,1387,0.769],[32,"Swampert",1.08863,1251,0.694],[33,"Politoed",1.00527,2006,1.112],[34,"Ribombee",0.9517,2229,1.236],[35,"Kleavor",0.94652,1966,1.09],[36,"Thundurus",0.92833,1131,0.627],[37,"Ninetales",0.8686,1407,0.78],[38,"Toxapex",0.86581,2315,1.284],[39,"Serperior",0.82923,1591,0.882],[40,"Gastrodon",0.78503,1153,0.639],[41,"Grimmsnarl",0.72692,2295,1.273],[42,"Azelf",0.70555,1285,0.713],[43,"Araquanid",0.68497,1273,0.706],[44,"Skeledirge",0.67494,1668,0.925],[45,"Volcanion",0.63886,859,0.476],[46,"Gardevoir",0.63344,652,0.362],[47,"Azumarill",0.61607,1258,0.698],[48,"Magnezone",0.60751,598,0.332],[49,"Talonflame",0.56256,853,0.473],[50,"Manaphy",0.50183,769,0.426],[51,"Iron Jugulis",0.44897,558,0.309],[52,"Sinistcha",0.44285,836,0.464],[53,"Quagsire",0.41475,638,0.354],[54,"Entei",0.37712,326,0.181],[55,"Muk-Alola",0.37397,536,0.297],[56,"Gengar",0.36927,883,0.49],[57,"Terrakion",0.34889,206,0.114],[58,"Indeedee",0.34417,794,0.44],[59,"Jirachi",0.31822,530,0.294],[60,"Pincurchin",0.30836,471,0.261],[61,"Toxtricity",0.29979,290,0.161],[62,"Haxorus",0.29061,619,0.343],[63,"Tentacruel",0.28074,291,0.161],[64,"Zoroark-Hisui",0.27584,830,0.46],[65,"Klefki",0.27114,691,0.383],[66,"Froslass",0.26491,605,0.335],[67,"Goodra-Hisui",0.25275,492,0.273],[68,"Salamence",0.24529,510,0.283],[69,"Revavroom",0.23688,567,0.314],[70,"Maushold",0.23106,447,0.248],[71,"Cyclizar",0.22036,447,0.248],[72,"Blissey",0.19661,405,0.225],[73,"Porygon-Z",0.19522,391,0.217],[74,"Yanmega",0.19337,415,0.23],[75,"Forretress",0.1901,1364,0.756],[76,"Smeargle",0.18682,759,0.421],[77,"Lycanroc-Dusk",0.18342,585,0.324],[78,"Krookodile",0.1751,783,0.434],[79,"Empoleon",0.17314,471,0.261],[80,"Mienshao",0.1651,424,0.235],[81,"Galvantula",0.16087,1545,0.857],[82,"Pawmot",0.15966,117,0.065],[83,"Salazzle",0.15321,536,0.297],[84,"Enamorus-Therian",0.15092,148,0.082],[85,"Basculegion-F",0.14581,127,0.07],[86,"Crawdaunt",0.14284,219,0.121],[87,"Chandelure",0.13714,470,0.261],[88,"Infernape",0.13498,786,0.436],[89,"Barraskewda",0.12829,248,0.138],[90,"Noivern",0.12032,388,0.215],[91,"Breloom",0.1173,370,0.205],[92,"Flygon",0.10711,148,0.082],[93,"Gallade",0.10537,349,0.194],[94,"Bisharp",0.1011,202,0.112],[95,"Regidrago",0.09896,226,0.125],[96,"Reuniclus",0.09697,172,0.095],[97,"Ambipom",0.0916,624,0.346],[98,"Slowbro",0.08796,138,0.077],[99,"Blastoise",0.08742,627,0.348],[100,"Incineroar",0.0844,551,0.306],[101,"Thwackey",0.08226,118,0.065],[102,"Avalugg",0.07954,79,0.044],[103,"Golem",0.07939,344,0.191],[104,"Hattrem",0.07876,69,0.038],[105,"Armarouge",0.07662,232,0.129],[106,"Kilowattrel",0.07433,226,0.125],[107,"Drifblim",0.07365,130,0.072],[108,"Gyarados",0.07087,493,0.273],[109,"Lilligant-Hisui",0.07047,161,0.089],[110,"Cloyster",0.06966,396,0.22],[111,"Glaceon",0.06838,103,0.057],[112,"Diancie",0.06654,366,0.203],[113,"Espeon",0.06448,525,0.291],[114,"Spidops",0.06429,395,0.219],[115,"Bellibolt",0.0634,94,0.052],[116,"Deoxys-Defense",0.06306,307,0.17],[117,"Sableye",0.06068,369,0.205],[118,"Vaporeon",0.05853,100,0.055],[119,"Chesnaught",0.0585,187,0.104],[120,"Mimikyu",0.05658,335,0.186],[121,"Rhyperior",0.05538,208,0.115],[122,"Slaking",0.05503,134,0.074],[123,"Floatzel",0.055,42,0.023],[124,"Torterra",0.05485,361,0.2],[125,"Cresselia",0.05296,93,0.052],[126,"Tsareena",0.05261,115,0.064],[127,"Golurk",0.05212,261,0.145],[128,"Basculegion",0.05107,77,0.043],[129,"Raichu",0.05019,138,0.077],[130,"Hawlucha",0.04897,332,0.184],[131,"Rotom-Heat",0.04724,399,0.221],[132,"Brambleghast",0.04724,105,0.058],[133,"Vikavolt",0.04537,239,0.133],[134,"Necrozma",0.04432,127,0.07],[135,"Hoopa",0.04327,73,0.04],[136,"Suicune",0.04303,203,0.113],[137,"Umbreon",0.04064,317,0.176],[138,"Porygon2",0.0376,201,0.111],[139,"Inteleon",0.03758,231,0.128],[140,"Avalugg-Hisui",0.037,201,0.111],[141,"Jolteon",0.03683,329,0.182],[142,"Electrode-Hisui",0.03679,129,0.072],[143,"Emboar",0.03632,44,0.024],[144,"Oricorio-Pom-Pom",0.0362,86,0.048],[145,"Houndstone",0.03518,38,0.021],[146,"Lycanroc",0.03284,96,0.053],[147,"Ditto",0.03203,102,0.057],[148,"Bronzong",0.03125,220,0.122],[149,"Raikou",0.03074,118,0.065],[150,"Scovillain",0.02817,17,0.009],[151,"Masquerain",0.02741,205,0.114],[152,"Chansey",0.02698,84,0.047],[153,"Dragalge",0.02668,64,0.035],[154,"Goodra",0.02645,99,0.055],[155,"Comfey",0.02624,211,0.117],[156,"Wo-Chien",0.02514,119,0.066],[157,"Tornadus",0.02506,149,0.083],[158,"Arcanine",0.02474,120,0.067],[159,"Feraligatr",0.02444,236,0.131],[160,"Munkidori",0.02394,111,0.062],[161,"Scream Tail",0.02388,212,0.118],[162,"Sylveon",0.02345,81,0.045],[163,"Mudsdale",0.02226,155,0.086],[164,"Gligar",0.02163,81,0.045],[165,"Braviary-Hisui",0.02109,51,0.028],[166,"Venusaur",0.02084,121,0.067],[167,"Coalossal",0.02029,107,0.059],[168,"Articuno",0.02013,57,0.032],[169,"Staraptor",0.01957,241,0.134],[170,"Vileplume",0.01891,64,0.035],[171,"Heracross",0.01878,128,0.071],[172,"Glastrier",0.01748,42,0.023],[173,"Sandaconda",0.01675,117,0.065],[174,"Morpeko",0.01572,61,0.034],[175,"Abomasnow",0.01521,128,0.071],[176,"Golem-Alola",0.01475,127,0.07],[177,"Decidueye-Hisui",0.01469,43,0.024],[178,"Milotic",0.01459,109,0.06],[179,"Hypno",0.01434,50,0.028],[180,"Whimsicott",0.0142,309,0.171],[181,"Poliwrath",0.01361,47,0.026],[182,"Cinccino",0.01342,156,0.087],[183,"Scyther",0.01293,134,0.074],[184,"Delphox",0.01281,53,0.029],[185,"Exeggutor-Alola",0.01272,54,0.03],[186,"Kingdra",0.0127,164,0.091],[187,"Sneasel",0.01264,9,0.005],[188,"Iron Thorns",0.01254,136,0.075],[189,"Trevenant",0.01253,77,0.043],[190,"Scrafty",0.01213,91,0.05],[191,"Slowbro-Galar",0.0117,86,0.048],[192,"Lucario",0.01155,130,0.072],[193,"Hitmontop",0.01115,83,0.046],[194,"Ampharos",0.01105,66,0.037],[195,"Minior",0.01102,93,0.052],[196,"Tauros-Paldea-Aqua",0.01096,100,0.055],[197,"Indeedee-F",0.0108,42,0.023],[198,"Dudunsparce",0.0106,51,0.028],[199,"Meloetta",0.0104,53,0.029],[200,"Decidueye",0.00959,61,0.034],[201,"Iron Leaves",0.00909,72,0.04],[202,"Cetitan",0.00884,65,0.036],[203,"Hitmonlee",0.00878,94,0.052],[204,"Pikachu",0.0086,167,0.093],[205,"Cramorant",0.00845,57,0.032],[206,"Ariados",0.00835,85,0.047],[207,"Electivire",0.00832,47,0.026],[208,"Arbok",0.00816,36,0.02],[209,"Typhlosion-Hisui",0.00816,114,0.063],[210,"Charizard",0.00801,299,0.166],[211,"Uxie",0.00797,263,0.146],[212,"Frosmoth",0.00783,34,0.019],[213,"Komala",0.00777,101,0.056],[214,"Clawitzer",0.00773,128,0.071],[215,"Piloswine",0.00765,10,0.006],[216,"Arboliva",0.00752,46,0.026],[217,"Naclstack",0.00716,31,0.017],[218,"Cryogonal",0.00701,36,0.02],[219,"Magneton",0.00653,76,0.042],[220,"Mabosstiff",0.00604,23,0.013],[221,"Braviary",0.00563,35,0.019],[222,"Spiritomb",0.00563,74,0.041],[223,"Veluza",0.00556,16,0.009],[224,"Ursaring",0.00554,49,0.027],[225,"Leavanny",0.00538,102,0.057],[226,"Rhydon",