{"total":596,"data":{"header":["Rank","Pokemon","Usage Percentage","Usage Raw","Usage Raw Percentage"],"rows":[[1,"Azelf",3.68819,21,3.523],[2,"Mew",3.68028,13,2.181],[3,"Rotom-Heat",3.19834,12,2.013],[4,"Milotic",3.19068,16,2.685],[5,"Aggron-Mega",3.07298,16,2.685],[6,"Zeraora",2.98249,17,2.852],[7,"Infernape",2.81933,18,3.02],[8,"Manectric-Mega",2.72763,11,1.846],[9,"Crobat",2.51322,15,2.517],[10,"Hydreigon",2.43063,11,1.846],[11,"Nidoking",2.39317,12,2.013],[12,"Toxicroak",2.34034,8,1.342],[13,"Altaria-Mega",2.32208,10,1.678],[14,"Regice",2.11313,8,1.342],[15,"Absol-Mega",1.96356,11,1.846],[16,"Krookodile",1.8133,29,4.866],[17,"Scizor",1.76919,9,1.51],[18,"Hippowdon",1.75913,12,2.013],[19,"Klefki",1.6446,6,1.007],[20,"Kingdra",1.58941,7,1.174],[21,"Beedrill-Mega",1.57912,7,1.174],[22,"Nihilego",1.37156,6,1.007],[23,"Swampert",1.36961,12,2.013],[24,"Empoleon",1.31372,7,1.174],[25,"Volcanion",1.29234,5,0.839],[26,"Gligar",1.26919,6,1.007],[27,"Forretress",1.21884,5,0.839],[28,"Mamoswine",1.21354,6,1.007],[29,"Starmie",1.16407,5,0.839],[30,"Blissey",1.15773,8,1.342],[31,"Araquanid",1.12975,5,0.839],[32,"Togekiss",1.03051,8,1.342],[33,"Darmanitan",1.03031,5,0.839],[34,"Goodra",0.99245,5,0.839],[35,"Tentacruel",0.91837,5,0.839],[36,"Druddigon",0.87763,3,0.503],[37,"Metagross",0.87037,3,0.503],[38,"Steelix-Mega",0.87012,3,0.503],[39,"Tornadus",0.85573,3,0.503],[40,"Golem",0.83419,7,1.174],[41,"Smeargle",0.82861,5,0.839],[42,"Cobalion",0.81501,4,0.671],[43,"Donphan",0.80202,4,0.671],[44,"Mawile",0.76836,4,0.671],[45,"Golbat",0.74005,3,0.503],[46,"Celebi",0.73206,9,1.51],[47,"Latias",0.73183,5,0.839],[48,"Haxorus",0.68445,5,0.839],[49,"Archeops",0.66038,3,0.503],[50,"Vileplume",0.64652,3,0.503],[51,"Froslass",0.63739,4,0.671],[52,"Sharpedo-Mega",0.6101,3,0.503],[53,"Crawdaunt",0.58163,2,0.336],[54,"Magmortar",0.57176,2,0.336],[55,"Alomomola",0.55533,2,0.336],[56,"Cloyster",0.5495,3,0.503],[57,"Talonflame",0.54397,4,0.671],[58,"Primarina",0.51447,2,0.336],[59,"Mimikyu",0.50102,5,0.839],[60,"Pikachu",0.4814,2,0.336],[61,"Muk-Alola",0.46923,2,0.336],[62,"Slowbro",0.45734,3,0.503],[63,"Galvantula",0.44334,7,1.174],[64,"Magneton",0.44054,4,0.671],[65,"Chesnaught",0.43215,3,0.503],[66,"Pidgeot-Mega",0.43001,3,0.503],[67,"Aerodactyl-Mega",0.41174,3,0.503],[68,"Chandelure",0.40942,3,0.503],[69,"Sharpedo",0.36114,2,0.336],[70,"Feraligatr",0.34255,4,0.671],[71,"Suicune",0.33384,3,0.503],[72,"Espeon",0.33122,3,0.503],[73,"Ambipom",0.33003,2,0.336],[74,"Dragalge",0.32722,2,0.336],[75,"Arcanine",0.32174,2,0.336],[76,"Regigigas",0.30165,2,0.336],[77,"Terrakion",0.29568,2,0.336],[78,"Bronzong",0.29254,2,0.336],[79,"Mr. Mime",0.28814,1,0.168],[80,"Sceptile-Mega",0.28683,2,0.336],[81,"Palossand",0.2859,1,0.168],[82,"Bisharp",0.28264,1,0.168],[83,"Houndoom-Mega",0.28159,1,0.168],[84,"Lairon",0.26993,1,0.168],[85,"Charizard",0.26832,1,0.168],[86,"Stakataka",0.26626,1,0.168],[87,"Qwilfish",0.25981,2,0.336],[88,"Trevenant",0.25932,3,0.503],[89,"Shuckle",0.25304,3,0.503],[90,"Amoonguss",0.24266,4,0.671],[91,"Slowbro-Mega",0.23768,1,0.168],[92,"Noivern",0.23612,2,0.336],[93,"Rhyperior",0.23588,1,0.168],[94,"Salazzle",0.22676,1,0.168],[95,"Aurorus",0.21389,2,0.336],[96,"Jolteon",0.21036,2,0.336],[97,"Tsareena",0.20015,2,0.336],[98,"Incineroar",0.18646,1,0.168],[99,"Gengar",0.15983,2,0.336],[100,"Trapinch",0.15347,1,0.168],[101,"Heracross",0.15208,2,0.336],[102,"Blastoise-Mega",0.14004,1,0.168],[103,"Regirock",0.13993,1,0.168],[104,"Snorunt",0.13708,1,0.168],[105,"Riolu",0.12563,2,0.336],[106,"Raikou",0.12066,1,0.168],[107,"Lucario",0.11165,1,0.168],[108,"Abomasnow-Mega",0.11,1,0.168],[109,"Raticate",0.10941,1,0.168],[110,"Magikarp",0.10879,1,0.168],[111,"Honedge",0.10879,1,0.168],[112,"Shedinja",0.10529,1,0.168],[113,"Probopass",0.10451,1,0.168],[114,"Umbreon",0.09885,1,0.168],[115,"Beheeyem",0.09864,1,0.168],[116,"Roserade",0.08464,1,0.168],[117,"Lapras",0.07931,1,0.168],[118,"Linoone",0.07466,2,0.336],[119,"Vikavolt",0.07432,1,0.168],[120,"Walrein",0.07135,1,0.168],[121,"Emolga",0.06832,1,0.168],[122,"Heliolisk",0.0599,1,0.168],[123,"Reuniclus",0.05564,1,0.168],[124,"Flygon",0.05228,1,0.168],[125,"Machamp",0.04783,1,0.168],[126,"Swoobat",0.03743,1,0.168],[127,"Articuno",0.03598,1,0.168],[128,"Ampharos",0.03078,1,0.168],[129,"Snorlax",0.02572,1,0.168],[130,"Magcargo",0.02285,1,0.168],[131,"Jynx",0.02069,1,0.168],[132,"Electrode",0.01984,2,0.336],[133,"Mantine",0.00342,1,0.168],[134,"Aipom",0.00051,5,0.839],[135,"Ribombee",0.00006,2,0.336],[136,"Eelektross",0,14,2.349]]}}