{"total":298,"weight":0.574,"data":{"header":["Rank","Pokemon","Usage Percentage","Usage Raw","Usage Raw Percentage","Usage Real","Usage Real Percentage"],"rows":[[1,"Scizor",19.60946,106,17.785,78,16.768],[2,"Zeraora",16.77597,74,12.416,64,13.759],[3,"Hydreigon",16.63549,82,13.758,68,14.618],[4,"Altaria-Mega",13.14077,62,10.403,50,10.749],[5,"Infernape",11.84841,79,13.255,62,13.329],[6,"Crobat",11.01603,75,12.584,59,12.684],[7,"Bisharp",10.59518,57,9.564,40,8.599],[8,"Klefki",10.27309,48,8.054,36,7.739],[9,"Nidoking",9.88052,41,6.879,38,8.169],[10,"Beedrill-Mega",9.82479,59,9.899,42,9.029],[11,"Gligar",9.7432,43,7.215,34,7.309],[12,"Chandelure",9.47418,71,11.913,53,11.394],[13,"Aerodactyl-Mega",9.27971,49,8.221,29,6.234],[14,"Latias",9.26275,56,9.396,52,11.179],[15,"Suicune",9.16876,55,9.228,40,8.599],[16,"Rotom-Heat",9.12911,36,6.04,31,6.664],[17,"Blissey",8.65147,66,11.074,47,10.104],[18,"Muk-Alola",8.57109,43,7.215,34,7.309],[19,"Aggron-Mega",8.55731,66,11.074,54,11.609],[20,"Togekiss",8.42681,46,7.718,32,6.879],[21,"Mimikyu",8.37725,51,8.557,37,7.954],[22,"Mew",7.7483,45,7.55,40,8.599],[23,"Sylveon",7.72258,45,7.55,29,6.234],[24,"Empoleon",7.24549,45,7.55,35,7.524],[25,"Volcanion",7.22402,30,5.034,20,4.3],[26,"Primarina",7.20468,31,5.201,21,4.515],[27,"Tentacruel",7.19481,51,8.557,38,8.169],[28,"Hippowdon",7.18312,33,5.537,27,5.804],[29,"Cobalion",6.94051,34,5.705,27,5.804],[30,"Amoonguss",6.82633,56,9.396,43,9.244],[31,"Azelf",6.80417,41,6.879,37,7.954],[32,"Espeon",6.66238,36,6.04,22,4.729],[33,"Sharpedo-Mega",6.50627,32,5.369,21,4.515],[34,"Alomomola",6.32925,47,7.886,42,9.029],[35,"Nihilego",6.29946,27,4.53,21,4.515],[36,"Swampert",6.21443,40,6.711,36,7.739],[37,"Haxorus",6.10754,43,7.215,30,6.449],[38,"Manectric-Mega",6.04232,31,5.201,28,6.019],[39,"Krookodile",5.81054,57,9.564,48,10.319],[40,"Cloyster",5.7539,24,4.027,17,3.655],[41,"Mamoswine",5.74144,27,4.53,20,4.3],[42,"Darmanitan",5.72897,30,5.034,24,5.159],[43,"Steelix-Mega",5.68956,22,3.691,17,3.655],[44,"Starmie",5.45074,27,4.53,24,5.159],[45,"Umbreon",5.33949,30,5.034,26,5.589],[46,"Salazzle",5.29038,26,4.362,21,4.515],[47,"Chesnaught",5.15484,23,3.859,20,4.3],[48,"Gengar",5.02741,29,4.866,23,4.944],[49,"Quagsire",5.02617,22,3.691,14,3.01],[50,"Celebi",4.97156,37,6.208,27,5.804],[51,"Moltres",4.50176,19,3.188,18,3.87],[52,"Milotic",4.39356,26,4.362,22,4.729],[53,"Doublade",4.32097,25,4.195,20,4.3],[54,"Magneton",4.29357,23,3.859,17,3.655],[55,"Absol-Mega",4.04879,28,4.698,23,4.944],[56,"Mantine",4.04857,19,3.188,18,3.87],[57,"Terrakion",3.9508,28,4.698,18,3.87],[58,"Pidgeot-Mega",3.85656,26,4.362,22,4.729],[59,"Flygon",3.85482,27,4.53,22,4.729],[60,"Talonflame",3.8434,27,4.53,19,4.085],[61,"Feraligatr",3.77917,28,4.698,22,4.729],[62,"Sharpedo",3.65969,18,3.02,11,2.365],[63,"Araquanid",3.64905,14,2.349,12,2.58],[64,"Shaymin",3.57883,13,2.181,11,2.365],[65,"Nidoqueen",3.47998,17,2.852,11,2.365],[66,"Crawdaunt",3.46721,16,2.685,12,2.58],[67,"Forretress",3.41015,13,2.181,9,1.935],[68,"Heracross",3.25342,16,2.685,12,2.58],[69,"Metagross",3.04693,18,3.02,16,3.44],[70,"Sceptile-Mega",2.83017,22,3.691,21,4.515],[71,"Linoone",2.74656,13,2.181,12,2.58],[72,"Snorlax",2.73238,13,2.181,11,2.365],[73,"Toxicroak",2.7012,10,1.678,9,1.935],[74,"Regice",2.68717,12,2.013,11,2.365],[75,"Lycanroc-Dusk",2.60724,13,2.181,8,1.72],[76,"Noivern",2.56916,16,2.685,13,2.795],[77,"Arcanine",2.46494,16,2.685,12,2.58],[78,"Meloetta",2.42216,9,1.51,8,1.72],[79,"Donphan",2.21954,10,1.678,8,1.72],[80,"Lucario",2.09774,15,2.517,11,2.365],[81,"Drapion",2.07463,9,1.51,2,0.43],[82,"Clawitzer",1.99996,7,1.174,5,1.075],[83,"Florges",1.97267,13,2.181,10,2.15],[84,"Kingdra",1.89312,11,1.846,10,2.15],[85,"Houndoom-Mega",1.73895,11,1.846,7,1.505],[86,"Vileplume",1.69183,9,1.51,8,1.72],[87,"Slowbro",1.67383,10,1.678,10,2.15],[88,"Blastoise-Mega",1.61266,13,2.181,9,1.935],[89,"Registeel",1.60219,12,2.013,9,1.935],[90,"Goodra",1.53606,9,1.51,9,1.935],[91,"Gardevoir",1.53093,11,1.846,10,2.15],[92,"Palossand",1.42501,9,1.51,8,1.72],[93,"Vaporeon",1.39432,8,1.342,5,1.075],[94,"Abomasnow-Mega",1.32359,12,2.013,9,1.935],[95,"Zygarde-10%",1.32294,5,0.839,4,0.86],[96,"Pikachu",1.31559,9,1.51,8,1.72],[97,"Zoroark",1.30308,6,1.007,2,0.43],[98,"Durant",1.29789,9,1.51,8,1.72],[99,"Froslass",1.25254,11,1.846,9,1.935],[100,"Golbat",1.23682,5,0.839,5,1.075],[101,"Lairon",1.23682,5,0.839,5,1.075],[102,"Honchkrow",1.18076,12,2.013,10,2.15],[103,"Charizard",1.17081,5,0.839,4,0.86],[104,"Mudsdale",1.16217,4,0.671,2,0.43],[105,"Bronzong",1.15073,8,1.342,6,1.29],[106,"Hoopa",1.12142,7,1.174,3,0.645],[107,"Ditto",1.11117,6,1.007,6,1.29],[108,"Roserade",1.10575,6,1.007,4,0.86],[109,"Stakataka",1.0919,4,0.671,4,0.86],[110,"Shuckle",1.08073,6,1.007,6,1.29],[111,"Tornadus",1.03948,4,0.671,4,0.86],[112,"Mienshao",0.96173,6,1.007,4,0.86],[113,"Smeargle",0.9374,6,1.007,5,1.075],[114,"Regigigas",0.89791,7,1.174,6,1.29],[115,"Dhelmise",0.89223,5,0.839,3,0.645],[116,"Druddigon",0.87763,3,0.503,3,0.645],[117,"Slowbro-Mega",0.85005,4,0.671,3,0.645],[118,"Golem",0.83419,7,1.174,7,1.505],[119,"Tsareena",0.81696,5,0.839,5,1.075],[120,"Archeops",0.79729,7,1.174,6,1.29],[121,"Decidueye",0.76937,5,0.839,4,0.86],[122,"Mawile",0.76836,4,0.671,4,0.86],[123,"Clamperl",0.76836,4,0.671,3,0.645],[124,"Sceptile",0.76746,4,0.671,3,0.645],[125,"Magmortar",0.75572,6,1.007,6,1.29],[126,"Incineroar",0.7414,5,0.839,3,0.645],[127,"Malamar",0.72857,6,1.007,5,1.075],[128,"Banette-Mega",0.72412,3,0.503,2,0.43],[129,"Marowak-Alola",0.71592,8,1.342,7,1.505],[130,"Reuniclus",0.69482,10,1.678,9,1.935],[131,"Regirock",0.68721,5,0.839,4,0.86],[132,"Cacturne",0.68176,3,0.503,2,0.43],[133,"Entei",0.66242,3,0.503,2,0.43],[134,"Dragalge",0.64601,4,0.671,2,0.43],[135,"Kyurem",0.62099,4,0.671,3,0.645],[136,"Ambipom",0.62049,6,1.007,4,0.86],[137,"Hitmonlee",0.58712,9,1.51,5,1.075],[138,"Claydol",0.57484,2,0.336,2,0.43],[139,"Articuno",0.57446,6,1.007,5,1.075],[140,"Eelektross",0.57176,16,2.685,16,3.44],[141,"Golurk",0.50853,4,0.671,4,0.86],[142,"Heliolisk",0.4795,5,0.839,3,0.645],[143,"Uxie",0.45693,4,0.671,3,0.645],[144,"Cresselia",0.45226,3,0.503,2,0.43],[145,"Ampharos-Mega",0.44599,7,1.174,6,1.29],[146,"Dewgong",0.44522,7,1.174,5,1.075],[147,"Dugtrio-Alola",0.44522,7,1.174,5,1.075],[148,"Camerupt-Mega",0.44402,3,0.503,3,0.645],[149,"Galvantula",0.44334,7,1.174,7,1.505],[150,"Rhyperior",0.4329,2,0.336,1,0.215],[151,"Glalie-Mega",0.41934,4,0.671,3,0.645],[152,"Jolteon",0.39814,4,0.671,4,0.86],[153,"Trevenant",0.3888,5,0.839,5,1.075],[154,"Lapras",0.36359,7,1.174,7,1.505],[155,"Delphox",0.3474,4,0.671,2,0.43],[156,"Aurorus",0.33771,3,0.503,2,0.43],[157,"Sandslash-Alola",0.33771,3,0.503,1,0.215],[158,"Raikou",0.33326,3,0.503,3,0.645],[159,"Diancie",0.33003,2,0.336,2,0.43],[160,"Typhlosion",0.33003,2,0.336,2,0.43],[161,"Shedinja",0.32839,2,0.336,2,0.43],[162,"Pangoro",0.32613,3,0.503,2,0.43],[163,"Swellow",0.32548,2,0.336,1,0.215],[164,"Virizion",0.32548,2,0.336,2,0.43],[165,"Venusaur",0.3171,4,0.671,4,0.86],[166,"Mightyena",0.29056,2,0.336,2,0.43],[167,"Lombre",0.29056,2,0.336,2,0.43],[168,"Trapinch",0.29056,2,0.336,2,0.43],[169,"Drifblim",0.29056,2,0.336,2,0.43],[170,"Snorunt",0.29056,2,0.336,2,0.43],[171,"Tyrantrum",0.29008,1,0.168,1,0.215],[172,"Necrozma",0.28845,1,0.168,1,0.215],[173,"Mr. Mime",0.28814,1,0.168,1,0.215],[174,"Beheeyem",0.28297,3,0.503,3,0.645],[175,"Slowking",0.28159,1,0.168,0,0],[176,"Comfey",0.2805,3,0.503,1,0.215],[177,"Qwilfish",0.25981,2,0.336,2,0.43],[178,"Xatu",0.24386,5,0.839,5,1.075],[179,"Whimsicott",0.24374,3,0.503,3,0.645],[180,"Ampharos",0.24302,7,1.174,5,1.075],[181,"Honedge",0.23442,3,0.503,1,0.215],[182,"Beldum",0.23442,3,0.503,1,0.215],[183,"Torchic",0.23442,3,0.503,1,0.215],[184,"Riolu",0.23442,3,0.503,3,0.645],[185,"Bagon",0.23442,3,0.503,1,0.215],[186,"Poipole",0.23442,3,0.503,2,0.43],[187,"Walrein",0.22803,3,0.503,2,0.43],[188,"Gastrodon",0.22796,1,0.168,1,0.215],[189,"Venomoth",0.2231,1,0.168,1,0.215],[190,"Dusknoir",0.22004,2,0.336,0,0],[191,"Flareon",