{"total":232612,"data":{"header":["Rank","Pokemon","Usage Percentage","Usage Raw","Usage Raw Percentage"],"rows":[[1,"Krookodile",7.93388,13994,6.016],[2,"Azelf",5.53867,12907,5.549],[3,"Mew",5.49528,9788,4.208],[4,"Scizor",4.32003,8525,3.665],[5,"Rotom-Wash",3.9078,6770,2.91],[6,"Jirachi",3.45113,7157,3.077],[7,"Rotom-Heat",3.18784,6000,2.579],[8,"Kommo-o",2.54373,4708,2.024],[9,"Ribombee",2.30569,2330,1.002],[10,"Mamoswine",2.16805,5464,2.349],[11,"Zarude",2.14268,2283,0.981],[12,"Slurpuff",1.99818,3231,1.389],[13,"Aegislash",1.98461,3691,1.587],[14,"Primarina",1.97254,2896,1.245],[15,"Nihilego",1.89018,3405,1.464],[16,"Mienshao",1.67442,2506,1.077],[17,"Keldeo",1.66652,2916,1.254],[18,"Conkeldurr",1.6064,2667,1.147],[19,"Shuckle",1.47491,2600,1.118],[20,"Buzzwole",1.33867,1564,0.672],[21,"Chansey",1.31589,3080,1.324],[22,"Tangrowth",1.28899,2128,0.915],[23,"Thundurus-Therian",1.26734,3514,1.511],[24,"Lycanroc-Dusk",1.21125,3812,1.639],[25,"Amoonguss",1.14629,2524,1.085],[26,"Darmanitan",1.05317,2218,0.954],[27,"Moltres",1.00304,1955,0.84],[28,"Azumarill",0.98461,2432,1.046],[29,"Politoed",0.97806,2832,1.217],[30,"Thundurus",0.961,1163,0.5],[31,"Hatterene",0.89541,3293,1.416],[32,"Nidoqueen",0.89361,3317,1.426],[33,"Torkoal",0.8725,3540,1.522],[34,"Salamence",0.81852,2154,0.926],[35,"Crawdaunt",0.80852,2602,1.119],[36,"Ninetales-Alola",0.77942,3048,1.31],[37,"Indeedee-F",0.7605,456,0.196],[38,"Grimmsnarl",0.74148,4508,1.938],[39,"Diggersby",0.72579,1268,0.545],[40,"Obstagoon",0.7015,1066,0.458],[41,"Cobalion",0.68238,1467,0.631],[42,"Froslass",0.6697,1120,0.481],[43,"Slowbro-Galar",0.65788,1118,0.481],[44,"Celesteela",0.63493,2101,0.903],[45,"Tentacruel",0.61328,1942,0.835],[46,"Barraskewda",0.56064,1837,0.79],[47,"Cloyster",0.55771,1521,0.654],[48,"Zygarde-10%",0.54001,1033,0.444],[49,"Guzzlord",0.53108,414,0.178],[50,"Raikou",0.49124,853,0.367],[51,"Indeedee",0.47139,675,0.29],[52,"Reuniclus",0.46931,530,0.228],[53,"Rhyperior",0.46104,1268,0.545],[54,"Seismitoad",0.45169,894,0.384],[55,"Klefki",0.42076,1352,0.581],[56,"Haxorus",0.41584,812,0.349],[57,"Scolipede",0.40622,1213,0.521],[58,"Roserade",0.40486,869,0.374],[59,"Gyarados",0.39994,1550,0.666],[60,"Chandelure",0.38609,1380,0.593],[61,"Tapu Bulu",0.38595,1104,0.475],[62,"Necrozma",0.37879,325,0.14],[63,"Moltres-Galar",0.33472,1102,0.474],[64,"Stakataka",0.30264,677,0.291],[65,"Silvally",0.30142,195,0.084],[66,"Incineroar",0.29692,1486,0.639],[67,"Porygon2",0.27827,845,0.363],[68,"Celebi",0.27495,319,0.137],[69,"Entei",0.25798,354,0.152],[70,"Noivern",0.25395,685,0.294],[71,"Galvantula",0.24173,2011,0.865],[72,"Xurkitree",0.23944,477,0.205],[73,"Volcanion",0.23435,600,0.258],[74,"Heracross",0.22942,367,0.158],[75,"Araquanid",0.22285,910,0.391],[76,"Druddigon",0.20216,579,0.249],[77,"Quagsire",0.19874,955,0.411],[78,"Suicune",0.19374,224,0.096],[79,"Togekiss",0.19109,608,0.261],[80,"Bronzong",0.18568,648,0.279],[81,"Porygon-Z",0.18242,481,0.207],[82,"Gigalith",0.1806,746,0.321],[83,"Marowak-Alola",0.17716,462,0.199],[84,"Umbreon",0.17388,454,0.195],[85,"Diancie",0.17307,337,0.145],[86,"Starmie",0.16794,529,0.227],[87,"Gastrodon",0.16158,282,0.121],[88,"Magneton",0.15592,176,0.076],[89,"Uxie",0.15179,603,0.259],[90,"Accelgor",0.15155,468,0.201],[91,"Crobat",0.15029,676,0.291],[92,"Toxtricity",0.13775,488,0.21],[93,"Ditto",0.1362,337,0.145],[94,"Tornadus",0.13452,147,0.063],[95,"Weezing-Galar",0.12954,380,0.163],[96,"Espeon",0.12259,751,0.323],[97,"Steelix",0.12011,467,0.201],[98,"Whimsicott",0.10419,472,0.203],[99,"Polteageist",0.10038,630,0.271],[100,"Vaporeon",0.09993,176,0.076],[101,"Golisopod",0.09758,488,0.21],[102,"Dragalge",0.09641,127,0.055],[103,"Exploud",0.09517,181,0.078],[104,"Aerodactyl",0.09489,379,0.163],[105,"Machamp",0.08977,341,0.147],[106,"Gardevoir",0.08872,374,0.161],[107,"Jellicent",0.08541,64,0.028],[108,"Flygon",0.07715,294,0.126],[109,"Mimikyu",0.0748,355,0.153],[110,"Regidrago",0.0666,121,0.052],[111,"Cinccino",0.06613,335,0.144],[112,"Salazzle",0.06452,403,0.173],[113,"Metagross",0.06105,489,0.21],[114,"Cresselia",0.0609,116,0.05],[115,"Sirfetch'd",0.06015,406,0.175],[116,"Milotic",0.05829,869,0.374],[117,"Sylveon",0.05544,239,0.103],[118,"Stunfisk",0.05388,158,0.068],[119,"Arctozolt",0.05251,99,0.043],[120,"Cradily",0.05069,171,0.074],[121,"Registeel",0.04897,397,0.171],[122,"Qwilfish",0.04877,130,0.056],[123,"Pincurchin",0.04646,369,0.159],[124,"Inteleon",0.04637,390,0.168],[125,"Sharpedo",0.04564,232,0.1],[126,"Blastoise",0.04461,278,0.12],[127,"Goodra",0.04433,241,0.104],[128,"Dhelmise",0.04419,157,0.067],[129,"Vikavolt",0.04324,474,0.204],[130,"Tsareena",0.0431,282,0.121],[131,"Snorlax",0.04292,418,0.18],[132,"Mantine",0.04172,56,0.024],[133,"Venusaur",0.03905,409,0.176],[134,"Zoroark",0.03854,199,0.086],[135,"Heliolisk",0.03789,171,0.074],[136,"Talonflame",0.03687,164,0.071],[137,"Sandaconda",0.03677,497,0.214],[138,"Lycanroc",0.03518,115,0.049],[139,"Togedemaru",0.03515,281,0.121],[140,"Sableye",0.03509,169,0.073],[141,"Palossand",0.0347,156,0.067],[142,"Arcanine",0.03464,297,0.128],[143,"Throh",0.03418,33,0.014],[144,"Bewear",0.03314,82,0.035],[145,"Mudsdale",0.03268,141,0.061],[146,"Aurorus",0.03248,316,0.136],[147,"Tyrantrum",0.03148,172,0.074],[148,"Decidueye",0.03109,131,0.056],[149,"Vanilluxe",0.03029,78,0.034],[150,"Miltank",0.02976,224,0.096],[151,"Ninetales",0.02914,567,0.244],[152,"Golurk",0.02913,148,0.064],[153,"Archeops",0.02871,205,0.088],[154,"Pyukumuku",0.02772,164,0.071],[155,"Lucario",0.02747,211,0.091],[156,"Rotom-Mow",0.02634,176,0.076],[157,"Vileplume",0.02574,76,0.033],[158,"Pangoro",0.02563,262,0.113],[159,"Runerigus",0.02487,465,0.2],[160,"Morpeko",0.02309,152,0.065],[161,"Persian-Alola",0.02292,152,0.065],[162,"Articuno-Galar",0.0227,90,0.039],[163,"Kingdra",0.02254,99,0.043],[164,"Charizard",0.02107,211,0.091],[165,"Sandslash-Alola",0.02098,105,0.045],[166,"Durant",0.02068,214,0.092],[167,"Hitmonlee",0.02006,187,0.08],[168,"Malamar",0.01962,314,0.135],[169,"Copperajah",0.01955,90,0.039],[170,"Drapion",0.01944,244,0.105],[171,"Leafeon",0.01837,44,0.019],[172,"Rotom-Fan",0.01784,15,0.006],[173,"Duraludon",0.01743,104,0.045],[174,"Dunsparce",0.01641,130,0.056],[175,"Corsola-Galar",0.01561,296,0.127],[176,"Eiscue",0.01526,45,0.019],[177,"Pikachu",0.01479,214,0.092],[178,"Vulpix",0.01477,47,0.02],[179,"Arctovish",0.014,25,0.011],[180,"Aggron",0.01387,343,0.147],[181,"Crustle",0.01372,189,0.081],[182,"Omastar",0.01369,122,0.052],[183,"Sneasel",0.01307,37,0.016],[184,"Passimian",0.01293,98,0.042],[185,"Jolteon",0.01286,299,0.129],[186,"Sigilyph",0.01275,94,0.04],[187,"Comfey",0.01216,62,0.027],[188,"Jynx",0.01123,14,0.006],[189,"Scrafty",0.01119,65,0.028],[190,"Mareanie",0.01113,6,0.003],[191,"Glaceon",0.01105,40,0.017],[192,"Lanturn",0.0105,85,0.037],[193,"Claydol",0.01008,188,0.081],[194,"Ninjask",0.00947,78,0.034],[195,"Altaria",0.00931,28,0.012],[196,"Cofagrigus",0.00874,240,0.103],[197,"Ferroseed",0.0087,41,0.018],[198,"Gallade",0.00868,115,0.049],[199,"Hitmontop",0.00865,106,0.046],[200,"Scyther",0.0086,262,0.113],[201,"Absol",0.00852,77,0.033],[202,"Barbaracle",0.0085,45,0.019],[203,"Marowak",0.00845,48,0.021],[204,"Virizion",0.00842,34,0.015],[205,"Aromatisse",0.00819,19,0.008],[206,"Weezing",0.00753,83,0.036],[207,"Rhydon",0.00747,66,0.028],[208,"Linoone",0.00743,139,0.06],[209,"Boltund",0.00726,83,0.036],[210,"Silvally-Fire",0.00724,4,0.002],[211,"Thwackey",0.00718,59,0.025],[212,"Toxicroak",0.00718,116,0.05],[213,"Dusclops",0.00712,153,0.066],[214,"Kadabra",0.00683,15,0.006],[215,"Dubwool",0.00666,74,0.032],[216,"Meowstic",0.00643,73,0.031],[217,"Liepard",0.00634,243,0.104],[218,"Carracosta",0.00608,53,0.023],[219,"Doublade",0.00599,89,0.038],[220,"Garbodor",0.00595,70,0.03],[221,"Sceptile",0.00589,114,0.049],[222,"Hitmonchan",0.00564,55,0.024],[223,"Centiskorch",0.00562,97,0.042],[224,"Wailord",0.00562,34,0.015],[225,"Xatu",0.00543,440,0.189],[226,"Cramorant",0.00506,52,0.022],[227,"Glastrier",0.00504,49,0.021],[228,