{"total":83266,"data":{"header":["Rank","Pokemon","Usage Percentage","Usage Raw","Usage Raw Percentage"],"rows":[[1,"Incineroar",6.21575,4589,5.511],[2,"Cobalion",4.45694,3352,4.026],[3,"Rotom-Wash",4.35046,3333,4.003],[4,"Darmanitan",3.6766,2944,3.536],[5,"Araquanid",3.22154,2690,3.231],[6,"Rillaboom",3.21273,2228,2.676],[7,"Ribombee",3.12292,2719,3.265],[8,"Bronzong",2.9999,2642,3.173],[9,"Noivern",2.95035,2284,2.743],[10,"Rhyperior",2.86154,2395,2.876],[11,"Flygon",2.75057,2231,2.679],[12,"Toxtricity",2.35259,1824,2.191],[13,"Roserade",2.25581,1880,2.258],[14,"Keldeo",2.15534,1518,1.823],[15,"Gigalith",2.00955,1848,2.219],[16,"Heliolisk",1.96738,1558,1.871],[17,"Barraskewda",1.89251,1404,1.686],[18,"Galvantula",1.52753,1460,1.753],[19,"Scyther",1.50319,1079,1.296],[20,"Weezing-Galar",1.37418,1141,1.37],[21,"Accelgor",1.32147,996,1.196],[22,"Espeon",1.28761,1229,1.476],[23,"Sirfetch'd",1.22589,909,1.092],[24,"Chandelure",1.21856,1020,1.225],[25,"Necrozma",1.20865,930,1.117],[26,"Celebi",1.19951,1035,1.243],[27,"Sylveon",1.13355,857,1.029],[28,"Torkoal",1.07466,972,1.167],[29,"Arcanine",1.07428,993,1.193],[30,"Pangoro",1.04239,855,1.027],[31,"Indeedee",1.0029,747,0.897],[32,"Golisopod",1.00275,870,1.045],[33,"Machamp",0.92495,873,1.048],[34,"Tsareena",0.89815,744,0.894],[35,"Claydol",0.87561,638,0.766],[36,"Gardevoir",0.84641,699,0.839],[37,"Pincurchin",0.81504,646,0.776],[38,"Xatu",0.78646,783,0.94],[39,"Froslass",0.74258,471,0.566],[40,"Inteleon",0.73833,674,0.809],[41,"Milotic",0.67676,784,0.942],[42,"Polteageist",0.63707,699,0.839],[43,"Escavalier",0.58391,456,0.548],[44,"Morpeko",0.58181,410,0.492],[45,"Blastoise",0.57622,547,0.657],[46,"Barbaracle",0.54802,525,0.631],[47,"Jolteon",0.54647,548,0.658],[48,"Corsola-Galar",0.53215,494,0.593],[49,"Rotom-Mow",0.50996,382,0.459],[50,"Copperajah",0.50702,420,0.504],[51,"Reuniclus",0.4976,468,0.562],[52,"Braviary",0.49073,428,0.514],[53,"Steelix",0.48014,376,0.452],[54,"Ditto",0.4753,459,0.551],[55,"Duraludon",0.45972,330,0.396],[56,"Passimian",0.45373,313,0.376],[57,"Runerigus",0.44687,453,0.544],[58,"Vaporeon",0.44415,436,0.524],[59,"Lucario",0.4375,424,0.509],[60,"Cinccino",0.42835,414,0.497],[61,"Slurpuff",0.42416,394,0.473],[62,"Drapion",0.41694,494,0.593],[63,"Golurk",0.40172,298,0.358],[64,"Umbreon",0.385,401,0.482],[65,"Porygon2",0.36824,284,0.341],[66,"Mantine",0.33228,281,0.337],[67,"Ninetales",0.31886,306,0.367],[68,"Goodra",0.27809,246,0.295],[69,"Vanilluxe",0.26043,204,0.245],[70,"Salazzle",0.2551,235,0.282],[71,"Dugtrio",0.24936,209,0.251],[72,"Doublade",0.24275,249,0.299],[73,"Centiskorch",0.23982,209,0.251],[74,"Meowstic",0.23313,203,0.244],[75,"Magneton",0.23304,163,0.196],[76,"Gastrodon",0.22091,191,0.229],[77,"Qwilfish",0.21991,157,0.189],[78,"Coalossal",0.21444,216,0.259],[79,"Cursola",0.20581,133,0.16],[80,"Whimsicott",0.1999,198,0.238],[81,"Mudsdale",0.19741,165,0.198],[82,"Vileplume",0.19277,166,0.199],[83,"Morgrem",0.18935,123,0.148],[84,"Vikavolt",0.18739,168,0.202],[85,"Snorlax",0.18687,184,0.221],[86,"Bewear",0.18092,150,0.18],[87,"Sableye",0.17665,147,0.177],[88,"Liepard",0.17386,155,0.186],[89,"Dugtrio-Alola",0.16941,156,0.187],[90,"Persian-Alola",0.14668,181,0.217],[91,"Hitmontop",0.14358,163,0.196],[92,"Pelipper",0.127,153,0.184],[93,"Decidueye",0.12614,108,0.13],[94,"Sandaconda",0.12604,122,0.147],[95,"Dhelmise",0.11362,80,0.096],[96,"Raichu-Alola",0.1121,107,0.129],[97,"Pikachu",0.10751,91,0.109],[98,"Toxicroak",0.10297,96,0.115],[99,"Hitmonlee",0.10099,102,0.122],[100,"Sigilyph",0.09758,98,0.118],[101,"Charizard",0.09513,110,0.132],[102,"Malamar",0.09224,89,0.107],[103,"Raboot",0.0892,81,0.097],[104,"Scrafty",0.08157,102,0.122],[105,"Linoone",0.07816,94,0.113],[106,"Crustle",0.07807,80,0.096],[107,"Orbeetle",0.07241,83,0.1],[108,"Frosmoth",0.0723,68,0.082],[109,"Rhydon",0.07211,78,0.094],[110,"Boltund",0.07032,63,0.076],[111,"Pyukumuku",0.06805,97,0.116],[112,"Weezing",0.06636,55,0.066],[113,"Flareon",0.06591,73,0.088],[114,"Quagsire",0.06447,52,0.062],[115,"Jellicent",0.06287,49,0.059],[116,"Togedemaru",0.06182,62,0.074],[117,"Gallade",0.06164,63,0.076],[118,"Ferroseed",0.06121,54,0.065],[119,"Stunfisk-Galar",0.06022,54,0.065],[120,"Dusknoir",0.05949,63,0.076],[121,"Butterfree",0.05619,59,0.071],[122,"Appletun",0.05613,56,0.067],[123,"Thievul",0.05545,62,0.074],[124,"Sneasel",0.05522,58,0.07],[125,"Indeedee-F",0.05378,56,0.067],[126,"Swoobat",0.05321,75,0.09],[127,"Shiftry",0.04667,60,0.072],[128,"Cramorant",0.04664,51,0.061],[129,"Thwackey",0.0465,43,0.052],[130,"Turtonator",0.04514,47,0.056],[131,"Dusclops",0.04464,53,0.064],[132,"Avalugg",0.0439,45,0.054],[133,"Silvally-Fairy",0.04149,34,0.041],[134,"Drampa",0.04045,38,0.046],[135,"Virizion",0.03944,42,0.05],[136,"Rotom-Fan",0.03934,34,0.041],[137,"Lapras",0.0382,46,0.055],[138,"Leafeon",0.03485,38,0.046],[139,"Lanturn",0.03478,44,0.053],[140,"Silvally-Poison",0.0345,19,0.023],[141,"Lunatone",0.03358,30,0.036],[142,"Eiscue",0.03282,43,0.052],[143,"Solosis",0.03102,39,0.047],[144,"Abomasnow",0.03094,44,0.053],[145,"Alcremie",0.03086,39,0.047],[146,"Trevenant",0.03031,43,0.052],[147,"Rotom",0.02992,17,0.02],[148,"Klinklang",0.02971,45,0.054],[149,"Tangela",0.02843,23,0.028],[150,"Drifblim",0.02842,36,0.043],[151,"Piloswine",0.02679,31,0.037],[152,"Cofagrigus",0.02627,38,0.046],[153,"Mr. Mime-Galar",0.02594,26,0.031],[154,"Ninjask",0.02472,35,0.042],[155,"Garbodor",0.02461,22,0.026],[156,"Ludicolo",0.02303,30,0.036],[157,"Raichu",0.02266,24,0.029],[158,"Silvally",0.02245,17,0.02],[159,"Corphish",0.02243,21,0.025],[160,"Aromatisse",0.02215,24,0.029],[161,"Shedinja",0.02113,32,0.038],[162,"Dubwool",0.01995,32,0.038],[163,"Litwick",0.01919,21,0.025],[164,"Rotom-Frost",0.01892,22,0.026],[165,"Rapidash-Galar",0.01786,18,0.022],[166,"Linoone-Galar",0.01729,20,0.024],[167,"Silvally-Ground",0.01723,16,0.019],[168,"Onix",0.01688,16,0.019],[169,"Mawile",0.01546,13,0.016],[170,"Kadabra",0.01546,9,0.011],[171,"Perrserker",0.01532,17,0.02],[172,"Hakamo-o",0.01521,18,0.022],[173,"Pawniard",0.01516,15,0.018],[174,"Chansey",0.01495,11,0.013],[175,"Kingler",0.01489,24,0.029],[176,"Haunter",0.01456,17,0.02],[177,"Basculin",0.0144,20,0.024],[178,"Woobat",0.01438,13,0.016],[179,"Persian",0.01411,14,0.017],[180,"Hippopotas",0.01377,14,0.017],[181,"Stonjourner",0.01365,14,0.017],[182,"Silvally-Ghost",0.01279,12,0.014],[183,"Silvally-Dark",0.01266,9,0.011],[184,"Drednaw",0.01235,16,0.019],[185,"Arctozolt",0.01192,14,0.017],[186,"Hitmonchan",0.01186,13,0.016],[187,"Silvally-Steel",0.0117,7,0.008],[188,"Arctovish",0.01155,11,0.013],[189,"Flapple",0.01147,15,0.018],[190,"Greedent",0.01145,17,0.02],[191,"Rapidash",0.01138,10,0.012],[192,"Glaceon",0.01128,9,0.011],[193,"Togepi",0.01103,9,0.011],[194,"Sudowoodo",0.01103,10,0.012],[195,"Silvally-Fire",0.01085,14,0.017],[196,"Clefairy",0.01041,13,0.016],[197,"Falinks",0.01027,11,0.013],[198,"Manectric",0.00964,13,0.016],[199,"Cherrim",0.00959,10,0.012],[200,"Vespiquen",0.00956,10,0.012],[201,"Maractus",0.00955,10,0.012],[202,"Drakloak",0.00934,13,0.016],[203,"Boldore",0.00878,8,0.01],[204,"Skuntank",0.00819,7,0.008],[205,"Pupitar",0.0079,5,0.006],[206,"Whirlipede",0.00787,8,0.01],[207,"Cottonee",0.0077,9,0.011],[208,"Kubfu",0.0071,5,0.006],[209,"Vulpix",0.00696,6,0.007],[210,"Eevee",0.00669,17,0.02],[211,"Marill",0.00619,4,0.005],[212,"Carkol",0.00593,5,0.006],[213,"Delibird",0.00593,4,0.005],[214,"Stunfisk",0.00572,9,0.011],[215,"Grapploct",0.00567,6,0.007],[216,"Bellossom",0.00548,9,0.011],[217,"Whiscash",0.00547,7,0.008],[218,"Silvally-Bug",0.00545,4,0.005],[219,"Roselia",0.00533,5,0.006],[220,"Gourgeist-Super",0.00517,6,0.007],[221,"Silvally-Electric",0.00515,6,0.007],[222,"Swirlix",0.00491,8,0.01],[223,"Unfezant",0.00479,8,0.01],[224,"Seaking",0.00465,6,0.007],[225,"Jigglypuff",0.00463,5,0.006],[226,"Noctowl",0.00428,5,0.006],[227,"Vanillish",0.0042,5,0.006],[228,"Mr. Rime",0.0041,5,0.006],[229,"Hattrem",0.00409,5,0.006],[230,"Wailord",0.00396,8,0.01],[231,"Mienfoo",0.00394,4,0.005],[232,