{"total":318634,"data":{"header":["Rank","Pokemon","Usage Percentage","Usage Raw","Usage Raw Percentage"],"rows":[[1,"Krookodile",8.69216,21444,6.73],[2,"Zeraora",5.62776,11519,3.615],[3,"Scizor",5.45276,12910,4.052],[4,"Azelf",4.88313,14620,4.588],[5,"Kommo-o",3.64477,7417,2.328],[6,"Mew",3.57879,9425,2.958],[7,"Shuckle",2.89134,5302,1.664],[8,"Jirachi",2.88088,7305,2.293],[9,"Rotom-Heat",2.50822,7789,2.444],[10,"Nidoqueen",2.35055,6219,1.952],[11,"Rotom-Wash",2.27474,7043,2.21],[12,"Grimmsnarl",2.196,9674,3.036],[13,"Keldeo",1.948,3614,1.134],[14,"Hatterene",1.74115,4520,1.419],[15,"Amoonguss",1.7229,3853,1.209],[16,"Mamoswine",1.71986,6534,2.051],[17,"Kyurem",1.44011,3199,1.004],[18,"Skarmory",1.42858,7524,2.361],[19,"Zarude",1.40544,2260,0.709],[20,"Lycanroc-Dusk",1.38432,4618,1.449],[21,"Primarina",1.3557,2710,0.851],[22,"Salamence",1.29101,3561,1.118],[23,"Alakazam",1.25575,2962,0.93],[24,"Torkoal",1.10763,4939,1.55],[25,"Chansey",1.10249,3195,1.003],[26,"Aegislash",1.07319,2785,0.874],[27,"Ninetales-Alola",1.06148,5327,1.672],[28,"Darmanitan",1.00186,3063,0.961],[29,"Conkeldurr",1.0013,3861,1.212],[30,"Victini",0.96994,2682,0.842],[31,"Thundurus-Therian",0.96943,3426,1.075],[32,"Slowking",0.96088,2164,0.679],[33,"Tangrowth",0.93546,2309,0.725],[34,"Incineroar",0.86675,2408,0.756],[35,"Politoed",0.84576,2451,0.769],[36,"Nihilego",0.81809,3458,1.085],[37,"Scolipede",0.81639,1380,0.433],[38,"Azumarill",0.8127,2765,0.868],[39,"Bisharp",0.80243,3910,1.227],[40,"Magnezone",0.68642,1407,0.442],[41,"Chandelure",0.67922,1986,0.623],[42,"Tentacruel",0.5958,2134,0.67],[43,"Celesteela",0.56576,2530,0.794],[44,"Rhyperior",0.56178,1435,0.45],[45,"Crawdaunt",0.55452,2563,0.804],[46,"Noivern",0.5515,967,0.303],[47,"Cobalion",0.50844,1341,0.421],[48,"Seismitoad",0.48081,1074,0.337],[49,"Araquanid",0.46833,1880,0.59],[50,"Tapu Bulu",0.45719,1865,0.585],[51,"Diancie",0.44827,712,0.223],[52,"Slurpuff",0.4319,1339,0.42],[53,"Indeedee",0.4258,833,0.261],[54,"Mienshao",0.39009,1640,0.515],[55,"Ribombee",0.37907,2084,0.654],[56,"Quagsire",0.37171,1381,0.433],[57,"Zygarde-10%",0.35915,641,0.201],[58,"Terrakion",0.32629,778,0.244],[59,"Aerodactyl",0.30135,791,0.248],[60,"Moltres-Galar",0.29724,1641,0.515],[61,"Sylveon",0.29461,524,0.164],[62,"Galvantula",0.29247,3338,1.048],[63,"Slowbro-Galar",0.28177,798,0.25],[64,"Thundurus",0.27821,1203,0.378],[65,"Diggersby",0.2591,953,0.299],[66,"Obstagoon",0.24492,1238,0.389],[67,"Talonflame",0.24474,438,0.137],[68,"Gyarados",0.22586,2112,0.663],[69,"Rotom-Mow",0.21724,340,0.107],[70,"Regidrago",0.20812,507,0.159],[71,"Porygon-Z",0.20687,474,0.149],[72,"Necrozma",0.20424,376,0.118],[73,"Haxorus",0.19119,828,0.26],[74,"Uxie",0.19006,995,0.312],[75,"Reuniclus",0.18743,471,0.148],[76,"Milotic",0.18574,635,0.199],[77,"Togekiss",0.18385,755,0.237],[78,"Froslass",0.18327,641,0.201],[79,"Klefki",0.17936,1659,0.521],[80,"Bronzong",0.17756,905,0.284],[81,"Crobat",0.1774,1255,0.394],[82,"Cloyster",0.17709,2094,0.657],[83,"Porygon2",0.17262,854,0.268],[84,"Toxtricity",0.16386,577,0.181],[85,"Golurk",0.16273,300,0.094],[86,"Marowak-Alola",0.16207,462,0.145],[87,"Gardevoir",0.15151,556,0.174],[88,"Volcanion",0.14705,651,0.204],[89,"Morpeko",0.14298,410,0.129],[90,"Druddigon",0.13537,536,0.168],[91,"Machamp",0.13479,910,0.286],[92,"Tornadus",0.13469,288,0.09],[93,"Stakataka",0.13439,568,0.178],[94,"Salazzle",0.13384,580,0.182],[95,"Ditto",0.13055,440,0.138],[96,"Copperajah",0.1202,155,0.049],[97,"Starmie",0.11834,374,0.117],[98,"Palossand",0.11291,386,0.121],[99,"Metagross",0.11247,807,0.253],[100,"Heliolisk",0.10579,306,0.096],[101,"Thwackey",0.10058,116,0.036],[102,"Barbaracle",0.10037,143,0.045],[103,"Ninetales",0.0971,1159,0.364],[104,"Indeedee-F",0.09355,266,0.083],[105,"Entei",0.08934,701,0.22],[106,"Sirfetch'd",0.08583,403,0.126],[107,"Ferroseed",0.08053,92,0.029],[108,"Accelgor",0.07987,666,0.209],[109,"Durant",0.07756,253,0.079],[110,"Gastrodon",0.07447,217,0.068],[111,"Gigalith",0.07338,833,0.261],[112,"Steelix",0.0712,504,0.158],[113,"Espeon",0.06565,804,0.252],[114,"Glastrier",0.06529,151,0.047],[115,"Heracross",0.06375,307,0.096],[116,"Vikavolt",0.06308,359,0.113],[117,"Weezing-Galar",0.06255,706,0.222],[118,"Kabutops",0.05631,134,0.042],[119,"Mimikyu",0.05448,544,0.171],[120,"Whimsicott",0.05417,542,0.17],[121,"Celebi",0.05333,245,0.077],[122,"Suicune",0.05309,248,0.078],[123,"Flygon",0.05209,685,0.215],[124,"Articuno-Galar",0.04941,130,0.041],[125,"Cresselia",0.04814,230,0.072],[126,"Umbreon",0.04699,410,0.129],[127,"Sharpedo",0.04628,195,0.061],[128,"Snorlax",0.0462,446,0.14],[129,"Bewear",0.04616,139,0.044],[130,"Corsola-Galar",0.0457,361,0.113],[131,"Aurorus",0.04564,288,0.09],[132,"Vanilluxe",0.04449,330,0.104],[133,"Registeel",0.04406,397,0.125],[134,"Polteageist",0.04358,918,0.288],[135,"Lucario",0.04313,377,0.118],[136,"Arcanine",0.04303,577,0.181],[137,"Venusaur",0.04224,458,0.144],[138,"Sudowoodo",0.04131,47,0.015],[139,"Inteleon",0.04096,348,0.109],[140,"Golisopod",0.04058,435,0.137],[141,"Drapion",0.0402,243,0.076],[142,"Stunfisk",0.0392,287,0.09],[143,"Runerigus",0.03856,373,0.117],[144,"Roserade",0.0385,644,0.202],[145,"Raikou",0.0382,232,0.073],[146,"Xurkitree",0.03799,379,0.119],[147,"Sableye",0.03705,477,0.15],[148,"Pangoro",0.03694,194,0.061],[149,"Goodra",0.03611,205,0.064],[150,"Kingdra",0.03265,133,0.042],[151,"Xatu",0.0324,168,0.053],[152,"Absol",0.03076,93,0.029],[153,"Pincurchin",0.03003,317,0.099],[154,"Sawk",0.0289,43,0.013],[155,"Tsareena",0.02836,212,0.067],[156,"Mantine",0.02774,63,0.02],[157,"Jolteon",0.02747,382,0.12],[158,"Tyrantrum",0.026,221,0.069],[159,"Charizard",0.0258,201,0.063],[160,"Arctozolt",0.02541,35,0.011],[161,"Doublade",0.02456,205,0.064],[162,"Lycanroc",0.02416,190,0.06],[163,"Aggron",0.02385,235,0.074],[164,"Scrafty",0.02294,94,0.03],[165,"Gothitelle",0.02245,14,0.004],[166,"Comfey",0.02234,130,0.041],[167,"Scyther",0.02219,232,0.073],[168,"Carbink",0.02175,267,0.084],[169,"Liepard",0.02037,221,0.069],[170,"Zoroark",0.01905,409,0.128],[171,"Sandaconda",0.01859,238,0.075],[172,"Pyukumuku",0.01848,104,0.033],[173,"Decidueye",0.01807,168,0.053],[174,"Cinccino",0.01778,282,0.089],[175,"Vaporeon",0.01761,163,0.051],[176,"Duraludon",0.01659,144,0.045],[177,"Dragalge",0.01606,187,0.059],[178,"Arctovish",0.01524,24,0.008],[179,"Persian-Alola",0.01479,235,0.074],[180,"Crustle",0.01448,178,0.056],[181,"Archeops",0.01447,205,0.064],[182,"Blastoise",0.01407,318,0.1],[183,"Spiritomb",0.01396,125,0.039],[184,"Frosmoth",0.01379,48,0.015],[185,"Dhelmise",0.01303,169,0.053],[186,"Meowstic",0.01267,151,0.047],[187,"Gallade",0.01247,130,0.041],[188,"Omastar",0.01222,256,0.08],[189,"Dusclops",0.01194,108,0.034],[190,"Regirock",0.01181,168,0.053],[191,"Mesprit",0.01174,126,0.04],[192,"Hippopotas",0.01168,47,0.015],[193,"Hitmontop",0.01164,138,0.043],[194,"Lurantis",0.01114,129,0.04],[195,"Silvally-Electric",0.01102,8,0.003],[196,"Exploud",0.01085,83,0.026],[197,"Passimian",0.01077,194,0.061],[198,"Magneton",0.01004,48,0.015],[199,"Drampa",0.00995,73,0.023],[200,"Cofagrigus",0.00974,193,0.061],[201,"Sigilyph",0.00968,197,0.062],[202,"Butterfree",0.00887,165,0.052],[203,"Coalossal",0.00853,96,0.03],[204,"Rhydon",0.00797,100,0.031],[205,"Dubwool",0.00723,60,0.019],[206,"Lopunny",0.00677,70,0.022],[207,"Hitmonlee",0.00662,293,0.092],[208,"Claydol",0.00615,193,0.061],[209,"Exeggutor-Alola",0.00611,65,0.02],[210,"Centiskorch",0.00603,161,0.051],[211,"Magmortar",0.00593,125,0.039],[212,"Abomasnow",0.00591,255,0.08],[213,"Shedinja",0.00581,175,0.055],[214,"Shiftry",0.00559,24,0.008],[215,"Audino",0.00551,72,0.023],[216,"Flareon",0.0055,75,0.024],[217,"Tauros",0.00541,107,0.034],[218,"Sandslash-Alola",0.00533,59,0.019],[219,"Wishiwashi",0.00532,15,0.005],[220,"Falinks",0.00519,58,0.018],[221,"Qwilfish",0.00519,48,0.015],[222,"Articuno",0.00518,29,0.009],[223,"Sceptile",0.00516,154,0.048],[224,"Electabuzz",0.00499,16,0.005],[225,"Linoone",0.00493,310,0.097],[226,"Electivire",0.00487,125,0.039],[227,"Armaldo",