{"total":336060,"data":{"header":["Rank","Pokemon","Usage Percentage","Usage Raw","Usage Raw Percentage"],"rows":[[1,"Incineroar",5.64778,17335,5.158],[2,"Cobalion",5.57981,16568,4.93],[3,"Rotom-Wash",5.05888,15568,4.633],[4,"Araquanid",3.38465,11981,3.565],[5,"Darmanitan",3.28666,10535,3.135],[6,"Noivern",3.20232,9746,2.9],[7,"Flygon",2.91592,9564,2.846],[8,"Ribombee",2.83883,10166,3.025],[9,"Haxorus",2.71304,8020,2.386],[10,"Toxtricity",2.68551,8081,2.405],[11,"Bronzong",2.66867,9461,2.815],[12,"Rhyperior",2.5636,8855,2.635],[13,"Torkoal",2.2577,8453,2.515],[14,"Gigalith",2.13273,7399,2.202],[15,"Roserade",2.03738,6933,2.063],[16,"Golisopod",1.89784,5893,1.754],[17,"Pangoro",1.86528,5301,1.577],[18,"Chandelure",1.8277,5999,1.785],[19,"Heliolisk",1.79761,5832,1.735],[20,"Espeon",1.69382,6046,1.799],[21,"Celebi",1.64828,5368,1.597],[22,"Sirfetch'd",1.59708,5100,1.518],[23,"Weezing-Galar",1.40292,4586,1.365],[24,"Machamp",1.3779,4522,1.346],[25,"Galvantula",1.2628,4662,1.387],[26,"Corsola-Galar",1.20023,4593,1.367],[27,"Barbaracle",1.15451,3768,1.121],[28,"Necrozma",1.13221,3480,1.036],[29,"Sylveon",1.11585,3336,0.993],[30,"Gardevoir",1.08331,3531,1.051],[31,"Arcanine",1.03151,3544,1.055],[32,"Escavalier",1.01181,2924,0.87],[33,"Xatu",0.99108,3016,0.897],[34,"Tsareena",0.98993,3278,0.975],[35,"Froslass",0.94154,2952,0.878],[36,"Dugtrio",0.88859,2992,0.89],[37,"Milotic",0.78295,2943,0.876],[38,"Dugtrio-Alola",0.72986,2075,0.617],[39,"Inteleon",0.68103,2176,0.648],[40,"Shuckle",0.66916,2732,0.813],[41,"Reuniclus",0.64193,2044,0.608],[42,"Accelgor",0.63123,2116,0.63],[43,"Blastoise",0.62854,2612,0.777],[44,"Rotom-Mow",0.61794,2003,0.596],[45,"Polteageist",0.59053,2493,0.742],[46,"Drapion",0.57548,2083,0.62],[47,"Duraludon",0.52896,1696,0.505],[48,"Lucario",0.50618,2111,0.628],[49,"Ditto",0.49693,1876,0.558],[50,"Claydol",0.48099,1658,0.493],[51,"Braviary",0.44539,1465,0.436],[52,"Runerigus",0.44046,1787,0.532],[53,"Passimian",0.43336,1269,0.378],[54,"Morpeko",0.40856,1380,0.411],[55,"Jolteon",0.39044,1555,0.463],[56,"Umbreon",0.37992,1522,0.453],[57,"Steelix",0.37873,1344,0.4],[58,"Whimsicott",0.37006,1302,0.387],[59,"Mantine",0.36382,1342,0.399],[60,"Ninetales",0.35649,1343,0.4],[61,"Salazzle",0.35405,1331,0.396],[62,"Doublade",0.33715,1213,0.361],[63,"Vanilluxe",0.32322,988,0.294],[64,"Copperajah",0.32032,944,0.281],[65,"Cinccino",0.29086,1192,0.355],[66,"Gastrodon",0.27808,850,0.253],[67,"Centiskorch",0.27581,950,0.283],[68,"Vikavolt",0.267,815,0.243],[69,"Coalossal",0.26334,945,0.281],[70,"Goodra",0.25015,959,0.285],[71,"Meowstic",0.22426,857,0.255],[72,"Slurpuff",0.22285,898,0.267],[73,"Sigilyph",0.21858,738,0.22],[74,"Barraskewda",0.20767,832,0.248],[75,"Vaporeon",0.15682,701,0.209],[76,"Sandaconda",0.1529,580,0.173],[77,"Pikachu",0.14626,572,0.17],[78,"Liepard",0.1437,635,0.189],[79,"Indeedee",0.13131,410,0.122],[80,"Qwilfish",0.12991,467,0.139],[81,"Scrafty",0.12337,497,0.148],[82,"Charizard",0.12268,489,0.146],[83,"Rillaboom",0.1206,493,0.147],[84,"Toxicroak",0.11901,415,0.123],[85,"Quagsire",0.11785,389,0.116],[86,"Sableye",0.11766,520,0.155],[87,"Snorlax",0.11708,483,0.144],[88,"Golurk",0.11507,517,0.154],[89,"Mudsdale",0.10923,439,0.131],[90,"Orbeetle",0.10371,458,0.136],[91,"Crustle",0.10277,442,0.132],[92,"Linoone",0.10272,548,0.163],[93,"Togedemaru",0.10038,312,0.093],[94,"Cursola",0.09895,339,0.101],[95,"Decidueye",0.08926,347,0.103],[96,"Malamar",0.089,483,0.144],[97,"Cramorant",0.08889,388,0.115],[98,"Boltund",0.0887,396,0.118],[99,"Cofagrigus",0.08797,328,0.098],[100,"Rotom-Fan",0.08715,259,0.077],[101,"Drednaw",0.08631,284,0.085],[102,"Vileplume",0.0858,250,0.074],[103,"Dhelmise",0.08453,288,0.086],[104,"Bewear",0.082,252,0.075],[105,"Hitmonlee",0.08117,427,0.127],[106,"Jellicent",0.08086,296,0.088],[107,"Frosmoth",0.07933,355,0.106],[108,"Stunfisk-Galar",0.07625,270,0.08],[109,"Dusclops",0.07248,291,0.087],[110,"Shiftry",0.07157,304,0.09],[111,"Persian-Alola",0.06946,307,0.091],[112,"Silvally-Fairy",0.06879,250,0.074],[113,"Swoobat",0.06759,345,0.103],[114,"Rhydon",0.06686,300,0.089],[115,"Gallade",0.06625,237,0.071],[116,"Pincurchin",0.06315,293,0.087],[117,"Ninjask",0.06305,312,0.093],[118,"Aromatisse",0.06242,165,0.049],[119,"Kingler",0.06204,248,0.074],[120,"Avalugg",0.06095,253,0.075],[121,"Garbodor",0.05962,228,0.068],[122,"Virizion",0.05899,223,0.066],[123,"Raichu-Alola",0.058,238,0.071],[124,"Piloswine",0.05637,217,0.065],[125,"Butterfree",0.05622,268,0.08],[126,"Hitmontop",0.05479,216,0.064],[127,"Rotom",0.05401,172,0.051],[128,"Drampa",0.05164,212,0.063],[129,"Silvally-Steel",0.05032,150,0.045],[130,"Sneasel",0.04922,176,0.052],[131,"Ferroseed",0.04623,191,0.057],[132,"Drifblim",0.04533,233,0.069],[133,"Flareon",0.04449,244,0.073],[134,"Persian",0.04346,268,0.08],[135,"Abomasnow",0.04034,158,0.047],[136,"Rotom-Frost",0.04029,161,0.048],[137,"Lanturn",0.03898,183,0.054],[138,"Flapple",0.03587,145,0.043],[139,"Indeedee-F",0.0351,143,0.043],[140,"Pyukumuku",0.03187,146,0.043],[141,"Lapras",0.031,175,0.052],[142,"Leafeon",0.03097,157,0.047],[143,"Turtonator",0.03074,135,0.04],[144,"Ludicolo",0.02974,150,0.045],[145,"Eldegoss",0.02846,127,0.038],[146,"Eiscue",0.02843,150,0.045],[147,"Silvally-Ground",0.02811,81,0.024],[148,"Clefairy",0.02767,86,0.026],[149,"Unfezant",0.02619,146,0.043],[150,"Trevenant",0.02553,124,0.037],[151,"Perrserker",0.02533,101,0.03],[152,"Shedinja",0.02497,134,0.04],[153,"Morgrem",0.02437,69,0.021],[154,"Stunfisk",0.02361,89,0.026],[155,"Haunter",0.02327,96,0.029],[156,"Hitmonchan",0.02318,114,0.034],[157,"Beheeyem",0.02236,83,0.025],[158,"Weezing",0.02146,92,0.027],[159,"Silvally-Ghost",0.02142,73,0.022],[160,"Falinks",0.01992,111,0.033],[161,"Drilbur",0.01973,56,0.017],[162,"Dubwool",0.01966,82,0.024],[163,"Manectric",0.01941,101,0.03],[164,"Palpitoad",0.01941,74,0.022],[165,"Rapidash-Galar",0.01895,94,0.028],[166,"Solrock",0.0189,75,0.022],[167,"Appletun",0.0183,106,0.032],[168,"Gurdurr",0.01762,56,0.017],[169,"Wailord",0.01735,81,0.024],[170,"Arctovish",0.01708,70,0.021],[171,"Mr. Mime-Galar",0.01693,92,0.027],[172,"Glaceon",0.01682,77,0.023],[173,"Raichu",0.01627,72,0.021],[174,"Grapploct",0.01573,96,0.029],[175,"Noctowl",0.01568,72,0.021],[176,"Stonjourner",0.01498,79,0.024],[177,"Dusknoir",0.01447,90,0.027],[178,"Silvally",0.01369,62,0.018],[179,"Sudowoodo",0.01298,65,0.019],[180,"Corsola",0.01239,69,0.021],[181,"Mr. Mime",0.01234,106,0.032],[182,"Mr. Rime",0.01201,79,0.024],[183,"Skuntank",0.01192,75,0.022],[184,"Rapidash",0.01187,52,0.015],[185,"Mawile",0.01184,50,0.015],[186,"Togetic",0.01175,54,0.016],[187,"Thievul",0.01162,76,0.023],[188,"Onix",0.01134,56,0.017],[189,"Silvally-Dark",0.01128,34,0.01],[190,"Roselia",0.01076,70,0.021],[191,"Alcremie",0.01063,51,0.015],[192,"Type: Null",0.01058,52,0.015],[193,"Silvally-Poison",0.0104,30,0.009],[194,"Shiinotic",0.01012,49,0.015],[195,"Corphish",0.01006,32,0.01],[196,"Klinklang",0.00991,74,0.022],[197,"Sawk",0.00983,50,0.015],[198,"Gourgeist-Super",0.00977,36,0.011],[199,"Silvally-Flying",0.00965,35,0.01],[200,"Swirlix",0.00942,59,0.018],[201,"Boldore",0.00913,50,0.015],[202,"Hattrem",0.00893,27,0.008],[203,"Arctozolt",0.00866,33,0.01],[204,"Lunatone",0.00865,55,0.016],[205,"Vulpix",0.00851,31,0.009],[206,"Drakloak",0.00823,24,0.007],[207,"Pawniard",0.00767,48,0.014],[208,"Munchlax",0.00694,18,0.005],[209,"Greedent",0.00692,57,0.017],[210,"Gourgeist",0.00689,22,0.007],[211,"Silvally-Fire",0.00686,50,0.015],[212,"Heatmor",0.00662,50,0.015],[213,"Bellossom",0.00658,27,0.008],[214,"Maractus",0.00639,38,0.011],[215,"Linoone-Galar",0.00599,16,0.005],[216,"Delibird",0.00592,22,0.007],[217,"Ivysaur",0.00561,41,0.012],[218,"Silvally-Water",0.00558,29,0.009],[219,"Whiscash",0.00527,36,0.011],[220,"Vulpix-Alola",0.00508,24,0.007],[221,"Dottler",0.00508,20,0.006],[222,"Silvally-Electric",0.00507,24,0.007],[223,"Basculin",0.00495,49,0.015],[224,"Glalie",0.00493,28,0.008],[225,"Hakamo-o",0.00463,18,0.005],[226,"Seaking",0.00453,23,0.007],[227,"Musharna",