{"total":256168,"data":{"header":["Rank","Pokemon","Usage Percentage","Usage Raw","Usage Raw Percentage"],"rows":[[1,"Krookodile",8.24757,17334,6.767],[2,"Azelf",6.65037,16610,6.484],[3,"Scizor",5.94188,11232,4.385],[4,"Rotom-Wash",3.84162,7291,2.846],[5,"Mew",3.72937,8656,3.379],[6,"Jirachi",3.01752,7375,2.879],[7,"Kommo-o",2.96323,5399,2.108],[8,"Keldeo",2.78329,4004,1.563],[9,"Rotom-Heat",2.6008,6442,2.515],[10,"Mamoswine",2.37746,6195,2.418],[11,"Grimmsnarl",2.31169,9080,3.545],[12,"Aegislash",2.06976,4042,1.578],[13,"Lycanroc-Dusk",1.75502,4950,1.932],[14,"Primarina",1.75031,3058,1.194],[15,"Politoed",1.72386,3320,1.296],[16,"Thundurus-Therian",1.67194,4296,1.677],[17,"Darmanitan",1.56258,2693,1.051],[18,"Tangrowth",1.53529,2380,0.929],[19,"Nihilego",1.51621,3553,1.387],[20,"Zarude",1.49939,1625,0.634],[21,"Ninetales-Alola",1.38127,5120,1.999],[22,"Nidoqueen",1.31187,4023,1.57],[23,"Hatterene",1.25879,3354,1.309],[24,"Chansey",1.25672,2812,1.098],[25,"Moltres",1.20057,2191,0.855],[26,"Amoonguss",1.19345,2582,1.008],[27,"Mienshao",1.08157,2770,1.081],[28,"Torkoal",1.04621,3568,1.393],[29,"Shuckle",1.01276,2317,0.904],[30,"Conkeldurr",0.92801,3224,1.259],[31,"Azumarill",0.90189,2577,1.006],[32,"Buzzwole",0.899,1556,0.607],[33,"Rhyperior",0.80646,1492,0.582],[34,"Cobalion",0.77483,1340,0.523],[35,"Slurpuff",0.74377,1642,0.641],[36,"Thundurus",0.73226,1204,0.47],[37,"Salamence",0.7309,2233,0.872],[38,"Crawdaunt",0.71435,2563,1.001],[39,"Raikou",0.67551,707,0.276],[40,"Diggersby",0.65595,1034,0.404],[41,"Celesteela",0.65418,2264,0.884],[42,"Tentacruel",0.64612,2059,0.804],[43,"Seismitoad",0.60286,1240,0.484],[44,"Barraskewda",0.56821,1262,0.493],[45,"Noivern",0.544,781,0.305],[46,"Slowbro-Galar",0.53725,1046,0.408],[47,"Chandelure",0.47731,1527,0.596],[48,"Araquanid",0.47652,1476,0.576],[49,"Aerodactyl",0.46779,813,0.317],[50,"Diancie",0.46409,468,0.183],[51,"Tapu Bulu",0.46295,1282,0.5],[52,"Cloyster",0.43793,1469,0.573],[53,"Starmie",0.41867,502,0.196],[54,"Zygarde-10%",0.41796,720,0.281],[55,"Ribombee",0.404,1249,0.488],[56,"Reuniclus",0.38119,505,0.197],[57,"Cresselia",0.37319,336,0.131],[58,"Indeedee",0.338,522,0.204],[59,"Porygon-Z",0.33551,622,0.243],[60,"Incineroar",0.31495,1936,0.756],[61,"Steelix",0.31152,506,0.198],[62,"Moltres-Galar",0.31009,1154,0.45],[63,"Klefki",0.30374,1579,0.616],[64,"Gyarados",0.29224,1869,0.73],[65,"Volcanion",0.27461,578,0.226],[66,"Toxtricity",0.25039,598,0.233],[67,"Crobat",0.24696,878,0.343],[68,"Gardevoir",0.2379,504,0.197],[69,"Quagsire",0.23462,983,0.384],[70,"Porygon2",0.23081,908,0.354],[71,"Metagross",0.22497,724,0.283],[72,"Heliolisk",0.22418,389,0.152],[73,"Arcanine",0.21715,441,0.172],[74,"Togekiss",0.21147,583,0.228],[75,"Uxie",0.21031,461,0.18],[76,"Froslass",0.20767,747,0.292],[77,"Entei",0.19786,320,0.125],[78,"Sylveon",0.19754,343,0.134],[79,"Scolipede",0.19203,1030,0.402],[80,"Haxorus",0.19122,843,0.329],[81,"Roserade",0.18726,744,0.29],[82,"Galvantula",0.18684,2115,0.826],[83,"Machamp",0.16989,608,0.237],[84,"Magneton",0.1616,236,0.092],[85,"Obstagoon",0.15999,761,0.297],[86,"Rotom-Mow",0.15981,345,0.135],[87,"Necrozma",0.15916,376,0.147],[88,"Tornadus",0.13313,261,0.102],[89,"Lycanroc",0.13224,156,0.061],[90,"Sirfetch'd",0.12849,262,0.102],[91,"Celebi",0.12561,348,0.136],[92,"Heracross",0.12051,303,0.118],[93,"Gastrodon",0.11983,330,0.129],[94,"Talonflame",0.11843,284,0.111],[95,"Suicune",0.11412,191,0.075],[96,"Whimsicott",0.11385,479,0.187],[97,"Umbreon",0.11327,419,0.164],[98,"Ditto",0.10377,236,0.092],[99,"Druddigon",0.10176,351,0.137],[100,"Ninetales",0.10148,984,0.384],[101,"Marowak-Alola",0.09582,299,0.117],[102,"Mimikyu",0.09023,470,0.183],[103,"Bronzong",0.09008,548,0.214],[104,"Golisopod",0.08764,481,0.188],[105,"Weezing-Galar",0.08555,424,0.166],[106,"Aggron",0.08424,377,0.147],[107,"Xurkitree",0.08165,428,0.167],[108,"Zeraora",0.08148,186,0.073],[109,"Salazzle",0.08048,359,0.14],[110,"Aurorus",0.07987,778,0.304],[111,"Stakataka",0.0787,446,0.174],[112,"Indeedee-F",0.07333,141,0.055],[113,"Milotic",0.07297,473,0.185],[114,"Dragalge",0.07213,103,0.04],[115,"Guzzlord",0.06509,95,0.037],[116,"Tsareena",0.06509,170,0.066],[117,"Vikavolt",0.06299,283,0.11],[118,"Pincurchin",0.06267,277,0.108],[119,"Coalossal",0.06142,173,0.068],[120,"Flygon",0.06111,350,0.137],[121,"Carbink",0.05912,188,0.073],[122,"Accelgor",0.05817,291,0.114],[123,"Golurk",0.05784,197,0.077],[124,"Lucario",0.0576,255,0.1],[125,"Pangoro",0.05701,116,0.045],[126,"Dusclops",0.05612,177,0.069],[127,"Palossand",0.05561,245,0.096],[128,"Sableye",0.05514,347,0.135],[129,"Archeops",0.05416,222,0.087],[130,"Snorlax",0.0532,361,0.141],[131,"Comfey",0.05297,74,0.029],[132,"Togedemaru",0.05277,204,0.08],[133,"Espeon",0.05268,771,0.301],[134,"Regidrago",0.05117,207,0.081],[135,"Gigalith",0.05112,426,0.166],[136,"Crustle",0.05065,372,0.145],[137,"Pinsir",0.0462,42,0.016],[138,"Scyther",0.04528,175,0.068],[139,"Venusaur",0.04522,364,0.142],[140,"Registeel",0.04319,341,0.133],[141,"Polteageist",0.04223,541,0.211],[142,"Goodra",0.04101,209,0.082],[143,"Tyrantrum",0.03959,211,0.082],[144,"Ninjask",0.03834,214,0.084],[145,"Ferroseed",0.03419,101,0.039],[146,"Sneasel",0.03399,98,0.038],[147,"Mantine",0.03397,85,0.033],[148,"Articuno",0.03323,62,0.024],[149,"Kingdra",0.03284,82,0.032],[150,"Omastar",0.03257,178,0.069],[151,"Rhydon",0.03149,84,0.033],[152,"Runerigus",0.03056,412,0.161],[153,"Latios",0.03051,57,0.022],[154,"Cursola",0.02785,99,0.039],[155,"Lopunny",0.02751,98,0.038],[156,"Kabutops",0.0262,49,0.019],[157,"Silvally-Electric",0.02591,13,0.005],[158,"Alakazam",0.02572,66,0.026],[159,"Sharpedo",0.02478,219,0.085],[160,"Cinccino",0.02333,193,0.075],[161,"Wishiwashi",0.02329,21,0.008],[162,"Jolteon",0.02239,421,0.164],[163,"Escavalier",0.02229,75,0.029],[164,"Sandslash",0.02226,113,0.044],[165,"Vileplume",0.02212,102,0.04],[166,"Xatu",0.02175,139,0.054],[167,"Vanilluxe",0.01975,339,0.132],[168,"Carracosta",0.01965,185,0.072],[169,"Mudsdale",0.01861,145,0.057],[170,"Bewear",0.01848,73,0.028],[171,"Pikachu",0.01747,229,0.089],[172,"Drapion",0.01736,145,0.057],[173,"Zoroark",0.01687,259,0.101],[174,"Basculin",0.01595,94,0.037],[175,"Qwilfish",0.01593,45,0.018],[176,"Throh",0.01547,88,0.034],[177,"Dhelmise",0.01544,117,0.046],[178,"Thwackey",0.01526,116,0.045],[179,"Cramorant",0.01512,67,0.026],[180,"Dugtrio-Alola",0.01496,322,0.126],[181,"Sawk",0.01458,53,0.021],[182,"Skarmory",0.01452,96,0.037],[183,"Exploud",0.01442,86,0.034],[184,"Pyukumuku",0.01417,173,0.068],[185,"Blastoise",0.01408,255,0.1],[186,"Kyurem",0.01404,56,0.022],[187,"Charizard",0.01377,229,0.089],[188,"Sandslash-Alola",0.01375,139,0.054],[189,"Hitmonlee",0.01335,200,0.078],[190,"Vaporeon",0.01314,121,0.047],[191,"Piloswine",0.01297,55,0.021],[192,"Barbaracle",0.01289,156,0.061],[193,"Skuntank",0.01286,11,0.004],[194,"Exeggutor",0.01282,43,0.017],[195,"Dugtrio",0.01279,107,0.042],[196,"Lilligant",0.01267,46,0.018],[197,"Orbeetle",0.01247,356,0.139],[198,"Hitmontop",0.01243,104,0.041],[199,"Dusknoir",0.01241,71,0.028],[200,"Slowking",0.0124,33,0.013],[201,"Jellicent",0.01231,130,0.051],[202,"Malamar",0.01226,195,0.076],[203,"Arctovish",0.01191,47,0.018],[204,"Persian-Alola",0.01142,219,0.085],[205,"Glastrier",0.01139,44,0.017],[206,"Dubwool",0.01066,81,0.032],[207,"Bisharp",0.0106,49,0.019],[208,"Inteleon",0.0103,328,0.128],[209,"Decidueye",0.01015,83,0.032],[210,"Corsola-Galar",0.00995,162,0.063],[211,"Durant",0.00994,206,0.08],[212,"Cofagrigus",0.00986,187,0.073],[213,"Sceptile",0.00923,161,0.063],[214,"Gallade",0.00913,113,0.044],[215,"Meowstic",0.00879,109,0.043],[216,"Eldegoss",0.00827,33,0.013],[217,"Raichu-Alola",0.00824,127,0.05],[218,"Stunfisk-Galar",0.00791,34,0.013],[219,"Swoobat",0.00789,191,0.075],[220,"Armaldo",0.00781,270,0.105],[221,"Clefairy",0.00779,26,0.01],[222,"Claydol",0.00776,122,0.048],[223,"Copperajah",0.00772,121,0.047],[224,"Boltund",0.00744,68,0.027],[225,"Linoone",0.00743,256,0.1],[226,"Abomasnow",0.00719,229,0.089],[227,"Regirock",0.00715,