{"total":325304,"data":{"header":["Rank","Pokemon","Usage Percentage","Usage Raw","Usage Raw Percentage"],"rows":[[1,"Krookodile",9.10432,25221,7.753],[2,"Victini",4.93483,11258,3.461],[3,"Scizor",4.43296,12261,3.769],[4,"Azelf",4.2837,14820,4.556],[5,"Zeraora",4.19173,9816,3.017],[6,"Kommo-o",3.04512,7014,2.156],[7,"Jirachi",2.92123,7419,2.281],[8,"Terrakion",2.59571,5459,1.678],[9,"Rotom-Wash",2.5411,7505,2.307],[10,"Grimmsnarl",2.42989,9931,3.053],[11,"Rotom-Heat",2.40846,7761,2.386],[12,"Shuckle",2.2771,5180,1.592],[13,"Nidoqueen",2.27097,6465,1.987],[14,"Mew",2.25901,8760,2.693],[15,"Mamoswine",2.00567,6740,2.072],[16,"Primarina",1.74647,3097,0.952],[17,"Azumarill",1.55858,3813,1.172],[18,"Latias",1.54791,3031,0.932],[19,"Amoonguss",1.50896,3202,0.984],[20,"Ninetales-Alola",1.50083,4701,1.445],[21,"Skarmory",1.47218,7525,2.313],[22,"Thundurus-Therian",1.42846,3357,1.032],[23,"Lycanroc-Dusk",1.4047,4802,1.476],[24,"Keldeo",1.38669,3565,1.096],[25,"Kyurem",1.37495,2559,0.787],[26,"Torkoal",1.26064,4901,1.507],[27,"Tangrowth",1.17027,2524,0.776],[28,"Slowking",1.05761,2515,0.773],[29,"Hatterene",1.05191,3836,1.179],[30,"Conkeldurr",1.02705,3487,1.072],[31,"Salamence",1.02699,2727,0.838],[32,"Crawdaunt",0.99692,2821,0.867],[33,"Celesteela",0.98493,2794,0.859],[34,"Bisharp",0.93042,3777,1.161],[35,"Tapu Bulu",0.84742,2298,0.706],[36,"Tentacruel",0.82292,2331,0.717],[37,"Zarude",0.7334,1306,0.401],[38,"Chansey",0.6794,2714,0.834],[39,"Rhyperior",0.63626,1449,0.445],[40,"Ribombee",0.63602,2347,0.721],[41,"Magnezone",0.632,1583,0.487],[42,"Darmanitan",0.62665,2695,0.828],[43,"Uxie",0.62276,830,0.255],[44,"Nihilego",0.60231,3280,1.008],[45,"Alakazam",0.59186,2271,0.698],[46,"Aerodactyl",0.58197,1057,0.325],[47,"Chandelure",0.52515,1683,0.517],[48,"Seismitoad",0.50638,1305,0.401],[49,"Incineroar",0.47072,3164,0.973],[50,"Politoed",0.46139,2363,0.726],[51,"Klefki",0.45876,1674,0.515],[52,"Bronzong",0.42498,1109,0.341],[53,"Zygarde-10%",0.38328,439,0.135],[54,"Noivern",0.37766,1176,0.362],[55,"Moltres-Galar",0.35807,1770,0.544],[56,"Druddigon",0.35713,452,0.139],[57,"Quagsire",0.3527,1483,0.456],[58,"Diggersby",0.35024,1458,0.448],[59,"Cobalion",0.31893,1498,0.46],[60,"Scolipede",0.30457,1479,0.455],[61,"Diancie",0.2998,664,0.204],[62,"Gyarados",0.28368,2131,0.655],[63,"Accelgor",0.28129,927,0.285],[64,"Mienshao",0.24875,1057,0.325],[65,"Volcanion",0.23741,785,0.241],[66,"Stakataka",0.23457,746,0.229],[67,"Palossand",0.23448,400,0.123],[68,"Galvantula",0.22739,2746,0.844],[69,"Araquanid",0.22593,1584,0.487],[70,"Thundurus",0.21362,506,0.156],[71,"Weezing-Galar",0.20229,694,0.213],[72,"Sableye",0.20093,336,0.103],[73,"Ditto",0.19612,308,0.095],[74,"Reuniclus",0.1796,340,0.105],[75,"Porygon2",0.17586,1071,0.329],[76,"Obstagoon",0.1707,689,0.212],[77,"Porygon-Z",0.1639,691,0.212],[78,"Suicune",0.16377,276,0.085],[79,"Marowak-Alola",0.16162,556,0.171],[80,"Indeedee",0.15702,617,0.19],[81,"Lycanroc",0.1452,225,0.069],[82,"Togekiss",0.14495,729,0.224],[83,"Haxorus",0.14055,928,0.285],[84,"Regidrago",0.1384,457,0.14],[85,"Metagross",0.1379,709,0.218],[86,"Toxtricity",0.137,516,0.159],[87,"Raikou",0.13301,469,0.144],[88,"Cloyster",0.12771,1071,0.329],[89,"Pyukumuku",0.12689,160,0.049],[90,"Slurpuff",0.12189,623,0.192],[91,"Froslass",0.11201,710,0.218],[92,"Ninetales",0.10599,996,0.306],[93,"Slowbro-Galar",0.10339,477,0.147],[94,"Pangoro",0.10281,218,0.067],[95,"Starmie",0.09849,417,0.128],[96,"Corsola-Galar",0.09469,412,0.127],[97,"Regieleki",0.09441,123,0.038],[98,"Entei",0.09265,425,0.131],[99,"Steelix",0.09015,858,0.264],[100,"Arcanine",0.08907,582,0.179],[101,"Flygon",0.08878,648,0.199],[102,"Roserade",0.07971,954,0.293],[103,"Aurorus",0.07825,333,0.102],[104,"Crobat",0.07521,985,0.303],[105,"Goodra",0.07513,312,0.096],[106,"Gardevoir",0.07374,563,0.173],[107,"Salazzle",0.07291,741,0.228],[108,"Mimikyu",0.07029,558,0.172],[109,"Registeel",0.06893,468,0.144],[110,"Necrozma",0.06775,453,0.139],[111,"Gigalith",0.06617,610,0.188],[112,"Sylveon",0.06547,269,0.083],[113,"Runerigus",0.06291,337,0.104],[114,"Heracross",0.06206,330,0.101],[115,"Golisopod",0.05444,493,0.152],[116,"Gastrodon",0.05357,186,0.057],[117,"Venusaur",0.05218,499,0.153],[118,"Archen",0.05134,35,0.011],[119,"Sharpedo",0.04957,299,0.092],[120,"Espeon",0.04922,648,0.199],[121,"Xurkitree",0.04913,345,0.106],[122,"Heliolisk",0.04903,350,0.108],[123,"Milotic",0.04599,343,0.105],[124,"Whimsicott",0.04579,349,0.107],[125,"Pincurchin",0.04487,278,0.085],[126,"Golurk",0.04372,355,0.109],[127,"Archeops",0.04334,128,0.039],[128,"Abomasnow",0.04231,305,0.094],[129,"Inteleon",0.04214,412,0.127],[130,"Liepard",0.04162,269,0.083],[131,"Polteageist",0.04022,786,0.242],[132,"Sirfetch'd",0.03974,393,0.121],[133,"Tyrantrum",0.03814,147,0.045],[134,"Dhelmise",0.03793,215,0.066],[135,"Tornadus",0.03762,102,0.031],[136,"Dragalge",0.03731,143,0.044],[137,"Zoroark",0.03642,297,0.091],[138,"Talonflame",0.03359,389,0.12],[139,"Blastoise",0.03285,405,0.124],[140,"Bewear",0.03163,121,0.037],[141,"Indeedee-F",0.03128,157,0.048],[142,"Tsareena",0.02996,298,0.092],[143,"Eiscue",0.0299,120,0.037],[144,"Vikavolt",0.02943,197,0.061],[145,"Coalossal",0.02765,156,0.048],[146,"Rotom-Mow",0.0273,372,0.114],[147,"Cresselia",0.02677,148,0.045],[148,"Passimian",0.02651,253,0.078],[149,"Lucario",0.02535,351,0.108],[150,"Exploud",0.02526,219,0.067],[151,"Scyther",0.02465,166,0.051],[152,"Claydol",0.02462,229,0.07],[153,"Kabutops",0.02442,194,0.06],[154,"Cinccino",0.02433,260,0.08],[155,"Umbreon",0.02366,254,0.078],[156,"Mudsdale",0.02362,157,0.048],[157,"Vanilluxe",0.02226,180,0.055],[158,"Doublade",0.02156,207,0.064],[159,"Glastrier",0.0214,181,0.056],[160,"Articuno-Galar",0.02021,111,0.034],[161,"Thwackey",0.02,54,0.017],[162,"Palpitoad",0.01995,44,0.014],[163,"Kangaskhan",0.01982,65,0.02],[164,"Machamp",0.01922,290,0.089],[165,"Mantine",0.0186,111,0.034],[166,"Arctozolt",0.01857,49,0.015],[167,"Jolteon",0.01846,467,0.144],[168,"Barbaracle",0.01761,125,0.038],[169,"Celebi",0.01708,219,0.067],[170,"Xatu",0.01697,160,0.049],[171,"Durant",0.01685,284,0.087],[172,"Armaldo",0.01621,61,0.019],[173,"Malamar",0.0159,238,0.073],[174,"Kingdra",0.0157,104,0.032],[175,"Drapion",0.01483,287,0.088],[176,"Snorlax",0.01447,324,0.1],[177,"Toxicroak",0.01439,117,0.036],[178,"Meowstic",0.01392,131,0.04],[179,"Lurantis",0.01383,172,0.053],[180,"Linoone",0.01381,255,0.078],[181,"Morpeko",0.01372,198,0.061],[182,"Shedinja",0.01366,170,0.052],[183,"Arctovish",0.0135,53,0.016],[184,"Magmortar",0.01334,91,0.028],[185,"Qwilfish",0.01315,439,0.135],[186,"Hippopotas",0.01241,32,0.01],[187,"Raboot",0.01238,43,0.013],[188,"Altaria",0.01233,49,0.015],[189,"Magneton",0.01198,98,0.03],[190,"Sandaconda",0.01153,188,0.058],[191,"Electivire",0.011,125,0.038],[192,"Mr. Mime-Galar",0.01088,26,0.008],[193,"Dugtrio-Alola",0.01054,123,0.038],[194,"Escavalier",0.01015,73,0.022],[195,"Comfey",0.00992,178,0.055],[196,"Mesprit",0.00913,49,0.015],[197,"Exeggutor-Alola",0.00906,73,0.022],[198,"Orbeetle",0.00889,180,0.055],[199,"Decidueye",0.00879,100,0.031],[200,"Jellicent",0.00867,105,0.032],[201,"Piloswine",0.00861,44,0.014],[202,"Vaporeon",0.00834,168,0.052],[203,"Frosmoth",0.00815,117,0.036],[204,"Lapras",0.00804,88,0.027],[205,"Centiskorch",0.00757,84,0.026],[206,"Charizard",0.00709,219,0.067],[207,"Avalugg",0.00709,62,0.019],[208,"Articuno",0.00693,22,0.007],[209,"Pikachu",0.00692,563,0.173],[210,"Togedemaru",0.00687,149,0.046],[211,"Lycanroc-Midnight",0.00656,71,0.022],[212,"Sceptile",0.00656,121,0.037],[213,"Hitmontop",0.00649,103,0.032],[214,"Shiftry",0.00631,44,0.014],[215,"Appletun",0.00625,52,0.016],[216,"Wartortle",0.00602,101,0.031],[217,"Silvally-Grass",0.00598,5,0.002],[218,"Braviary",0.0058,105,0.032],[219,"Regirock",0.00564,96,0.03],[220,"Omastar",0.00563,177,0.054],[221,"Carbink",0.00559,107,0.033],[222,"Copperajah",0.00552,88,0.027],[223,"Lopunny",0.00552,87,0.027],[224,"Stunfisk",0.00516,35,0.011],[225,"Duraludon",0.00513,79,0.024],[226,"Rotom-Fan",0.00505,69,