{"total":49230,"data":{"header":["Rank","Pokemon","Usage Percentage","Usage Raw","Usage Raw Percentage"],"rows":[[1,"Rotom-Wash",6.5609,2159,4.386],[2,"Bronzong",5.42323,788,1.601],[3,"Cobalion",5.35291,1878,3.815],[4,"Noivern",4.74711,1221,2.48],[5,"Froslass",4.24295,545,1.107],[6,"Zarude",3.98537,1046,2.125],[7,"Mamoswine",3.00489,1837,3.731],[8,"Araquanid",2.98057,2231,4.532],[9,"Terrakion",2.78375,955,1.94],[10,"Incineroar",2.71581,1125,2.285],[11,"Grimmsnarl",2.45959,1309,2.659],[12,"Mienshao",2.44746,1531,3.11],[13,"Barbaracle",2.3425,168,0.341],[14,"Slowbro-Galar",1.93422,403,0.819],[15,"Rotom-Mow",1.91386,721,1.465],[16,"Keldeo",1.81052,682,1.385],[17,"Darmanitan",1.5261,1244,2.527],[18,"Golisopod",1.49429,281,0.571],[19,"Sylveon",1.48396,523,1.062],[20,"Weezing-Galar",1.44963,594,1.207],[21,"Flygon",1.41122,703,1.428],[22,"Chandelure",1.3895,675,1.371],[23,"Ribombee",1.33097,637,1.294],[24,"Bisharp",1.17493,626,1.272],[25,"Krookodile",1.16063,1218,2.474],[26,"Vanilluxe",1.15594,335,0.68],[27,"Heliolisk",1.0907,328,0.666],[28,"Slowbro",1.07465,387,0.786],[29,"Necrozma",1.03943,496,1.008],[30,"Roserade",1.00233,914,1.857],[31,"Klefki",0.97289,524,1.064],[32,"Sirfetch'd",0.89433,296,0.601],[33,"Talonflame",0.86163,482,0.979],[34,"Tentacruel",0.79798,627,1.274],[35,"Scyther",0.76881,701,1.424],[36,"Cloyster",0.73237,829,1.684],[37,"Palossand",0.72781,453,0.92],[38,"Mimikyu",0.7272,354,0.719],[39,"Torkoal",0.72068,662,1.345],[40,"Porygon-Z",0.71782,557,1.131],[41,"Pincurchin",0.65351,208,0.423],[42,"Slurpuff",0.65302,234,0.475],[43,"Celebi",0.63806,531,1.079],[44,"Copperajah",0.63675,176,0.358],[45,"Obstagoon",0.62456,447,0.908],[46,"Shuckle",0.62325,672,1.365],[47,"Mudsdale",0.58311,87,0.177],[48,"Porygon2",0.56654,236,0.479],[49,"Druddigon",0.55812,314,0.638],[50,"Dragalge",0.49775,119,0.242],[51,"Barraskewda",0.48725,201,0.408],[52,"Passimian",0.48385,122,0.248],[53,"Gigalith",0.47875,295,0.599],[54,"Marowak-Alola",0.46005,420,0.853],[55,"Galvantula",0.45309,834,1.694],[56,"Golurk",0.43249,242,0.492],[57,"Chansey",0.43235,404,0.821],[58,"Tsareena",0.41775,241,0.49],[59,"Malamar",0.41118,82,0.167],[60,"Jolteon",0.37662,208,0.423],[61,"Lycanroc",0.36165,339,0.689],[62,"Gardevoir",0.35862,154,0.313],[63,"Slowking",0.32819,149,0.303],[64,"Steelix",0.30152,239,0.485],[65,"Espeon",0.27876,234,0.475],[66,"Vikavolt",0.26952,145,0.295],[67,"Reuniclus",0.26263,246,0.5],[68,"Sharpedo",0.25118,357,0.725],[69,"Decidueye",0.24998,30,0.061],[70,"Indeedee",0.2449,129,0.262],[71,"Seismitoad",0.24428,179,0.364],[72,"Zoroark",0.23293,153,0.311],[73,"Salazzle",0.22365,109,0.221],[74,"Doublade",0.2144,266,0.54],[75,"Ninjask",0.21413,91,0.185],[76,"Heracross",0.20459,202,0.41],[77,"Pangoro",0.19044,98,0.199],[78,"Umbreon",0.19029,79,0.16],[79,"Inteleon",0.18907,96,0.195],[80,"Coalossal",0.18678,129,0.262],[81,"Arctozolt",0.1694,25,0.051],[82,"Gastrodon",0.13915,52,0.106],[83,"Starmie",0.13782,225,0.457],[84,"Arcanine",0.13668,156,0.317],[85,"Polteageist",0.13543,376,0.764],[86,"Abomasnow",0.13415,72,0.146],[87,"Ninetales",0.12805,156,0.317],[88,"Lucario",0.12274,154,0.313],[89,"Machamp",0.11267,127,0.258],[90,"Milotic",0.11009,129,0.262],[91,"Comfey",0.10269,69,0.14],[92,"Accelgor",0.10268,174,0.353],[93,"Toxicroak",0.10074,92,0.187],[94,"Raichu-Alola",0.09779,105,0.213],[95,"Drapion",0.09612,111,0.225],[96,"Shiftry",0.09478,40,0.081],[97,"Runerigus",0.08992,112,0.228],[98,"Orbeetle",0.08755,51,0.104],[99,"Thwackey",0.08627,29,0.059],[100,"Grapploct",0.08617,10,0.02],[101,"Exploud",0.08043,56,0.114],[102,"Eldegoss",0.07256,17,0.035],[103,"Xatu",0.0681,86,0.175],[104,"Crustle",0.06473,35,0.071],[105,"Corsola-Galar",0.06466,104,0.211],[106,"Escavalier",0.06252,44,0.089],[107,"Braviary",0.06143,63,0.128],[108,"Linoone",0.05509,72,0.146],[109,"Dusclops",0.05441,44,0.089],[110,"Rhydon",0.04524,43,0.087],[111,"Clawitzer",0.04488,21,0.043],[112,"Silvally-Fairy",0.04369,10,0.02],[113,"Whimsicott",0.04029,105,0.213],[114,"Snorlax",0.03996,83,0.169],[115,"Hitmonlee",0.03632,54,0.11],[116,"Garbodor",0.03631,42,0.085],[117,"Magneton",0.03556,54,0.11],[118,"Arctovish",0.03549,3,0.006],[119,"Tangela",0.03526,14,0.028],[120,"Cursola",0.03298,37,0.075],[121,"Rotom-Fan",0.03297,15,0.03],[122,"Pyukumuku",0.03225,30,0.061],[123,"Dhelmise",0.03187,29,0.059],[124,"Rotom-Frost",0.02962,37,0.075],[125,"Goodra",0.02911,107,0.217],[126,"Jellicent",0.02829,97,0.197],[127,"Centiskorch",0.02824,42,0.085],[128,"Vaporeon",0.028,44,0.089],[129,"Cinccino",0.02512,150,0.305],[130,"Swoobat",0.02365,82,0.167],[131,"Mantine",0.0228,39,0.079],[132,"Shiinotic",0.02175,16,0.033],[133,"Trevenant",0.02154,8,0.016],[134,"Vileplume",0.02066,45,0.091],[135,"Persian-Alola",0.02014,69,0.14],[136,"Dugtrio-Alola",0.01942,24,0.049],[137,"Luxray",0.01909,31,0.063],[138,"Gallade",0.019,52,0.106],[139,"Meowstic",0.01872,16,0.033],[140,"Sandaconda",0.01786,34,0.069],[141,"Frosmoth",0.01495,31,0.063],[142,"Butterfree",0.01485,18,0.037],[143,"Flapple",0.0144,21,0.043],[144,"Silvally-Steel",0.01401,19,0.039],[145,"Klinklang",0.01397,18,0.037],[146,"Duraludon",0.01329,52,0.106],[147,"Sigilyph",0.0126,48,0.098],[148,"Claydol",0.01222,88,0.179],[149,"Dugtrio",0.0117,41,0.083],[150,"Sandslash",0.01153,4,0.008],[151,"Hitmontop",0.01146,25,0.051],[152,"Silvally-Water",0.01144,2,0.004],[153,"Tauros",0.01144,28,0.057],[154,"Lopunny",0.01028,50,0.102],[155,"Lanturn",0.00848,19,0.039],[156,"Mr. Mime-Galar",0.00841,3,0.006],[157,"Virizion",0.00835,31,0.063],[158,"Appletun",0.00754,25,0.051],[159,"Binacle",0.00687,1,0.002],[160,"Shelgon",0.00672,1,0.002],[161,"Pikachu",0.00647,18,0.037],[162,"Drampa",0.00644,19,0.039],[163,"Throh",0.00596,1,0.002],[164,"Sableye",0.00588,41,0.083],[165,"Charizard",0.00578,54,0.11],[166,"Sudowoodo",0.00567,9,0.018],[167,"Rapidash",0.00527,4,0.008],[168,"Mawile",0.005,18,0.037],[169,"Dusknoir",0.00476,32,0.065],[170,"Cramorant",0.00473,32,0.065],[171,"Silvally",0.00427,16,0.033],[172,"Dubwool",0.00397,17,0.035],[173,"Blastoise",0.00381,66,0.134],[174,"Bewear",0.00378,9,0.018],[175,"Raboot",0.00335,18,0.037],[176,"Ferroseed",0.00312,20,0.041],[177,"Stunfisk-Galar",0.00301,4,0.008],[178,"Noctowl",0.00283,2,0.004],[179,"Miltank",0.00266,29,0.059],[180,"Bellossom",0.00258,5,0.01],[181,"Sneasel",0.00214,13,0.026],[182,"Silvally-Dragon",0.00199,4,0.008],[183,"Ludicolo",0.00195,8,0.016],[184,"Politoed",0.00184,17,0.035],[185,"Indeedee-F",0.0018,11,0.022],[186,"Silvally-Rock",0.00173,3,0.006],[187,"Weezing",0.00172,32,0.065],[188,"Boltund",0.00169,17,0.035],[189,"Perrserker",0.00156,10,0.02],[190,"Scrafty",0.00144,24,0.049],[191,"Beheeyem",0.0013,5,0.01],[192,"Raichu",0.00129,25,0.051],[193,"Turtonator",0.0012,66,0.134],[194,"Kingdra",0.00114,76,0.154],[195,"Togedemaru",0.00109,26,0.053],[196,"Lycanroc-Midnight",0.00099,12,0.024],[197,"Cofagrigus",0.00096,54,0.11],[198,"Kingler",0.00091,15,0.03],[199,"Stonjourner",0.0009,4,0.008],[200,"Rotom",0.00079,3,0.006],[201,"Quagsire",0.00078,69,0.14],[202,"Piloswine",0.00076,4,0.008],[203,"Morpeko",0.00073,17,0.035],[204,"Vespiquen",0.0007,28,0.057],[205,"Qwilfish",0.00069,137,0.278],[206,"Marowak",0.00063,2,0.004],[207,"Silvally-Electric",0.00063,11,0.022],[208,"Pinsir",0.00063,6,0.012],[209,"Onix",0.00051,9,0.018],[210,"Eiscue",0.00038,18,0.037],[211,"Morgrem",0.00037,2,0.004],[212,"Gabite",0.00037,2,0.004],[213,"Flareon",0.00036,20,0.041],[214,"Falinks",0.0003,20,0.041],[215,"Silvally-Fire",0.00022,4,0.008],[216,"Linoone-Galar",0.0002,31,0.063],[217,"Alcremie",0.00019,9,0.018],[218,"Marshtomp",0.00016,9,0.018],[219,"Manectric",0.00015,10,0.02],[220,"Solosis",0.00014,7,0.014],[221,"Emolga",0.00012,60,0.122],[222,"Glaceon",0.00011,9,0.018],[223,"Dottler",0.00011,3,0.006],[224,"Maractus",0.00009,8,0.016],[225,"Solrock",0.00008,4,0.008],[226,"Avalugg",0.00006,9,0.018],[227,"Stunfisk",0.00006,5,0.01],[228,"Wartortle",0.00005,4,0.008],[229,"Magnemite",0.00004,15,0.03],[230,"Liepard",0.00004,25,0.051],[231,"Elekid",0.00003,1,0.002],[232,"Poliwrath",0.00002,13,0.026],