{"total":271954,"data":{"header":["Rank","Pokemon","Usage Percentage","Usage Raw","Usage Raw Percentage"],"rows":[[1,"Krookodile",10.27893,20298,7.464],[2,"Victini",5.40984,9609,3.533],[3,"Scizor",4.79422,9910,3.644],[4,"Zeraora",4.23188,8574,3.153],[5,"Azelf",4.15982,12352,4.542],[6,"Jirachi",3.23678,6345,2.333],[7,"Kommo-o",3.1434,6088,2.239],[8,"Shuckle",2.77604,4111,1.512],[9,"Nidoqueen",2.67762,5394,1.983],[10,"Terrakion",2.61055,4521,1.662],[11,"Lycanroc-Dusk",2.41839,4388,1.614],[12,"Rotom-Wash",2.34772,6388,2.349],[13,"Grimmsnarl",2.32803,8902,3.273],[14,"Mew",2.20281,7517,2.764],[15,"Amoonguss",2.19767,3319,1.22],[16,"Keldeo",1.9178,3143,1.156],[17,"Rotom-Heat",1.84199,5865,2.157],[18,"Kyurem",1.47447,2322,0.854],[19,"Primarina",1.43457,2705,0.995],[20,"Mamoswine",1.41802,5669,2.085],[21,"Skarmory",1.39238,6436,2.367],[22,"Hatterene",1.39105,3357,1.234],[23,"Slowking",1.36565,2210,0.813],[24,"Zarude",1.32498,1172,0.431],[25,"Salamence",1.19852,2439,0.897],[26,"Torkoal",1.15294,3546,1.304],[27,"Azumarill",1.14422,2693,0.99],[28,"Tangrowth",1.09033,1949,0.717],[29,"Ninetales-Alola",1.0781,4170,1.533],[30,"Conkeldurr",1.06077,2720,1],[31,"Thundurus-Therian",0.99668,2870,1.055],[32,"Chansey",0.91595,2264,0.832],[33,"Nihilego",0.80525,2929,1.077],[34,"Bronzong",0.64617,1085,0.399],[35,"Uxie",0.64534,1021,0.375],[36,"Bisharp",0.6254,2621,0.964],[37,"Celesteela",0.62405,2604,0.958],[38,"Tentacruel",0.61299,1807,0.664],[39,"Tapu Bulu",0.60487,1821,0.67],[40,"Crawdaunt",0.57581,2046,0.752],[41,"Alakazam",0.57312,2173,0.799],[42,"Chandelure",0.52663,1570,0.577],[43,"Magnezone",0.4638,1021,0.375],[44,"Palossand",0.44822,597,0.22],[45,"Seismitoad",0.44552,1153,0.424],[46,"Rhyperior",0.42568,930,0.342],[47,"Darmanitan",0.42422,2224,0.818],[48,"Mienshao",0.4226,954,0.351],[49,"Incineroar",0.41149,2007,0.738],[50,"Marowak-Alola",0.41112,601,0.221],[51,"Quagsire",0.40559,1207,0.444],[52,"Cloyster",0.36311,1666,0.613],[53,"Indeedee",0.33992,589,0.217],[54,"Politoed",0.32728,2000,0.735],[55,"Aggron",0.31296,422,0.155],[56,"Zygarde-10%",0.31167,363,0.133],[57,"Diggersby",0.30838,1123,0.413],[58,"Ribombee",0.30522,1696,0.624],[59,"Moltres-Galar",0.30127,1303,0.479],[60,"Thundurus",0.28701,780,0.287],[61,"Araquanid",0.282,1532,0.563],[62,"Obstagoon",0.2764,1066,0.392],[63,"Gyarados",0.26507,1739,0.639],[64,"Noivern",0.25745,720,0.265],[65,"Cobalion",0.24828,957,0.352],[66,"Slurpuff",0.23857,1108,0.407],[67,"Starmie",0.20577,448,0.165],[68,"Klefki",0.20315,1703,0.626],[69,"Galvantula",0.19998,2282,0.839],[70,"Rotom-Mow",0.19674,245,0.09],[71,"Ditto",0.19422,431,0.158],[72,"Tyrantrum",0.18417,215,0.079],[73,"Aurorus",0.17922,313,0.115],[74,"Lycanroc",0.17785,253,0.093],[75,"Registeel",0.17701,358,0.132],[76,"Froslass",0.16978,661,0.243],[77,"Haxorus",0.1683,690,0.254],[78,"Barbaracle",0.1601,174,0.064],[79,"Sylveon",0.15533,345,0.127],[80,"Latias",0.14927,376,0.138],[81,"Golurk",0.14607,361,0.133],[82,"Porygon2",0.13849,695,0.256],[83,"Diancie",0.13832,353,0.13],[84,"Scolipede",0.13458,978,0.36],[85,"Tornadus",0.13222,237,0.087],[86,"Toxtricity",0.12982,377,0.139],[87,"Slowbro-Galar",0.12684,312,0.115],[88,"Goodra",0.12672,332,0.122],[89,"Aerodactyl",0.12277,519,0.191],[90,"Weezing-Galar",0.11788,453,0.167],[91,"Porygon-Z",0.11203,479,0.176],[92,"Silvally",0.10633,74,0.027],[93,"Xurkitree",0.10608,426,0.157],[94,"Necrozma",0.10283,303,0.111],[95,"Togekiss",0.10131,654,0.24],[96,"Salazzle",0.10005,492,0.181],[97,"Volcanion",0.09861,506,0.186],[98,"Gardevoir",0.0936,451,0.166],[99,"Crobat",0.09264,916,0.337],[100,"Stakataka",0.09164,495,0.182],[101,"Raikou",0.08907,230,0.085],[102,"Umbreon",0.08586,310,0.114],[103,"Gastrodon",0.07821,211,0.078],[104,"Pyukumuku",0.06968,108,0.04],[105,"Tsareena",0.06932,297,0.109],[106,"Reuniclus",0.06865,420,0.154],[107,"Sableye",0.06175,260,0.096],[108,"Entei",0.0607,330,0.121],[109,"Golisopod",0.0604,372,0.137],[110,"Druddigon",0.06017,357,0.131],[111,"Heracross",0.05994,301,0.111],[112,"Roserade",0.05815,708,0.26],[113,"Suicune",0.05813,208,0.076],[114,"Dhelmise",0.0566,145,0.053],[115,"Drapion",0.05623,278,0.102],[116,"Accelgor",0.05601,517,0.19],[117,"Durant",0.0549,366,0.135],[118,"Kabutops",0.05423,254,0.093],[119,"Magneton",0.05394,65,0.024],[120,"Sawk",0.05319,39,0.014],[121,"Flygon",0.05157,440,0.162],[122,"Ninetales",0.05057,699,0.257],[123,"Polteageist",0.04768,740,0.272],[124,"Milotic",0.04754,368,0.135],[125,"Regidrago",0.04689,250,0.092],[126,"Mareanie",0.04671,42,0.015],[127,"Venusaur",0.04556,462,0.17],[128,"Metagross",0.04482,612,0.225],[129,"Sharpedo",0.04287,213,0.078],[130,"Gigalith",0.04276,479,0.176],[131,"Carbink",0.03946,148,0.054],[132,"Dragalge",0.03849,173,0.064],[133,"Scyther",0.03787,202,0.074],[134,"Glastrier",0.03746,158,0.058],[135,"Mimikyu",0.0374,435,0.16],[136,"Espeon",0.03706,830,0.305],[137,"Talonflame",0.0367,283,0.104],[138,"Doublade",0.03637,195,0.072],[139,"Regigigas",0.03564,55,0.02],[140,"Steelix",0.03471,605,0.222],[141,"Comfey",0.03448,110,0.04],[142,"Togedemaru",0.03439,98,0.036],[143,"Charizard",0.03324,266,0.098],[144,"Aron",0.0317,268,0.099],[145,"Celebi",0.03122,137,0.05],[146,"Blastoise",0.0306,303,0.111],[147,"Bewear",0.03025,92,0.034],[148,"Whimsicott",0.02869,524,0.193],[149,"Butterfree",0.02822,158,0.058],[150,"Thwackey",0.02813,111,0.041],[151,"Runerigus",0.02806,350,0.129],[152,"Snorlax",0.02769,376,0.138],[153,"Escavalier",0.02658,105,0.039],[154,"Claydol",0.02516,244,0.09],[155,"Archeops",0.024,183,0.067],[156,"Pincurchin",0.02317,287,0.106],[157,"Sandaconda",0.02299,156,0.057],[158,"Decidueye",0.02283,125,0.046],[159,"Jolteon",0.02271,329,0.121],[160,"Arcanine",0.02251,297,0.109],[161,"Sirfetch'd",0.02244,176,0.065],[162,"Exploud",0.02168,74,0.027],[163,"Ferroseed",0.02147,97,0.036],[164,"Zoroark",0.02073,393,0.145],[165,"Machamp",0.02036,325,0.12],[166,"Lanturn",0.02035,90,0.033],[167,"Centiskorch",0.02015,93,0.034],[168,"Mantine",0.01959,82,0.03],[169,"Inteleon",0.0194,259,0.095],[170,"Regirock",0.01851,210,0.077],[171,"Sigilyph",0.01842,112,0.041],[172,"Pangoro",0.01832,79,0.029],[173,"Copperajah",0.01814,154,0.057],[174,"Hitmonlee",0.01813,197,0.072],[175,"Vileplume",0.0181,113,0.042],[176,"Hitmontop",0.01771,169,0.062],[177,"Cresselia",0.01758,111,0.041],[178,"Rotom",0.01757,27,0.01],[179,"Articuno-Galar",0.01724,97,0.036],[180,"Heliolisk",0.01601,159,0.058],[181,"Dubwool",0.0152,53,0.019],[182,"Vanilluxe",0.01506,300,0.11],[183,"Coalossal",0.01497,86,0.032],[184,"Dugtrio",0.01405,104,0.038],[185,"Sneasel",0.01361,44,0.016],[186,"Lucario",0.01343,231,0.085],[187,"Vaporeon",0.01317,134,0.049],[188,"Sandslash",0.01296,79,0.029],[189,"Corsola-Galar",0.01246,239,0.088],[190,"Meowstic",0.01229,83,0.031],[191,"Sandslash-Alola",0.0118,79,0.029],[192,"Indeedee-F",0.01177,265,0.097],[193,"Passimian",0.01164,189,0.069],[194,"Ninjask",0.01144,291,0.107],[195,"Arctozolt",0.0111,68,0.025],[196,"Linoone",0.01097,265,0.097],[197,"Liepard",0.01093,181,0.067],[198,"Vikavolt",0.01016,272,0.1],[199,"Xatu",0.00986,190,0.07],[200,"Dusclops",0.00983,132,0.049],[201,"Braviary",0.00936,53,0.019],[202,"Frosmoth",0.00886,99,0.036],[203,"Cofagrigus",0.00841,220,0.081],[204,"Shedinja",0.0082,105,0.039],[205,"Swirlix",0.00801,148,0.054],[206,"Scrafty",0.00765,171,0.063],[207,"Sudowoodo",0.0076,50,0.018],[208,"Arctovish",0.00712,56,0.021],[209,"Cinccino",0.00711,239,0.088],[210,"Relicanth",0.00705,20,0.007],[211,"Mudsdale",0.00681,315,0.116],[212,"Omastar",0.00664,248,0.091],[213,"Persian",0.0062,68,0.025],[214,"Weezing",0.00618,50,0.018],[215,"Magnemite",0.00614,34,0.013],[216,"Miltank",0.00612,61,0.022],[217,"Drilbur",0.00602,4,0.001],[218,"Cursola",0.00598,42,0.015],[219,"Abomasnow",0.00543,158,0.058],[220,"Exeggutor-Alola",0.0052,37,0.014],[221,"Kingdra",0.00519,113,0.042],[222,"Eiscue",0.00508,52,0.019],[223,"Persian-Alola",0.00502,217,0.08],[224,"Raichu-Alola",0.00498,76,0.028],[225,"Stunfisk",0.00497,33,0.012],[226,"Toxicroak",0.00495,149,0.055],[227,"Lycanroc-Midnight",0.00483,65,0.024],