{"total":358428,"data":{"header":["Rank","Pokemon","Usage Percentage","Usage Raw","Usage Raw Percentage"],"rows":[[1,"Rotom-Wash",5.89592,18752,5.232],[2,"Jirachi",5.01787,15429,4.305],[3,"Mienshao",4.22924,13594,3.793],[4,"Skarmory",4.12455,15300,4.269],[5,"Krookodile",3.52777,11957,3.336],[6,"Incineroar",3.11988,10851,3.027],[7,"Darmanitan",3.00894,10250,2.86],[8,"Cobalion",2.9741,9504,2.652],[9,"Keldeo",2.61833,8034,2.241],[10,"Terrakion",2.48835,7884,2.2],[11,"Grimmsnarl",2.43033,8808,2.457],[12,"Lycanroc-Dusk",2.22474,7912,2.207],[13,"Araquanid",2.1048,7137,1.991],[14,"Mamoswine",1.95622,6794,1.895],[15,"Noivern",1.91056,6399,1.785],[16,"Froslass",1.70664,5006,1.397],[17,"Flygon",1.70461,6210,1.733],[18,"Rotom-Mow",1.62052,4677,1.305],[19,"Tyranitar",1.55116,6161,1.719],[20,"Ribombee",1.54166,5133,1.432],[21,"Kyurem",1.46266,4274,1.192],[22,"Toxtricity",1.41995,4971,1.387],[23,"Galvantula",1.41645,5864,1.636],[24,"Roserade",1.2774,5154,1.438],[25,"Scyther",1.22611,4306,1.201],[26,"Weezing-Galar",1.21446,4195,1.17],[27,"Hatterene",1.13135,4028,1.124],[28,"Palossand",1.11759,4125,1.151],[29,"Chandelure",1.07204,4034,1.125],[30,"Bisharp",0.96716,3568,0.995],[31,"Porygon-Z",0.91178,3415,0.953],[32,"Slowking",0.88515,2972,0.829],[33,"Celebi",0.86661,3412,0.952],[34,"Druddigon",0.83578,3084,0.86],[35,"Sylveon",0.8161,2657,0.741],[36,"Tentacruel",0.79342,3192,0.891],[37,"Bronzong",0.77508,2756,0.769],[38,"Cloyster",0.77368,3711,1.035],[39,"Starmie",0.77366,2865,0.799],[40,"Shuckle",0.75856,3476,0.97],[41,"Seismitoad",0.72478,2206,0.615],[42,"Barraskewda",0.71158,2406,0.671],[43,"Tsareena",0.68511,2449,0.683],[44,"Talonflame",0.66609,2909,0.812],[45,"Ninetales",0.65572,2402,0.67],[46,"Klefki",0.63183,2506,0.699],[47,"Obstagoon",0.62461,2374,0.662],[48,"Heracross",0.53254,2142,0.598],[49,"Rhyperior",0.52019,2003,0.559],[50,"Pincurchin",0.50736,2000,0.558],[51,"Necrozma",0.50439,1916,0.535],[52,"Heliolisk",0.49991,1585,0.442],[53,"Sirfetch'd",0.45025,1549,0.432],[54,"Jolteon",0.42466,1688,0.471],[55,"Lycanroc",0.41148,1189,0.332],[56,"Magneton",0.40712,1314,0.367],[57,"Mimikyu",0.40438,1759,0.491],[58,"Dragalge",0.40392,1216,0.339],[59,"Accelgor",0.39318,1369,0.382],[60,"Indeedee",0.37803,1422,0.397],[61,"Vikavolt",0.36246,1230,0.343],[62,"Machamp",0.35991,1381,0.385],[63,"Golisopod",0.35888,1463,0.408],[64,"Polteageist",0.31851,1519,0.424],[65,"Slurpuff",0.3008,1509,0.421],[66,"Gigalith",0.29361,1386,0.387],[67,"Arcanine",0.27961,1219,0.34],[68,"Inteleon",0.27307,1048,0.292],[69,"Doublade",0.27166,1147,0.32],[70,"Lucario",0.26501,1272,0.355],[71,"Runerigus",0.24497,952,0.266],[72,"Espeon",0.24411,1171,0.327],[73,"Whimsicott",0.2416,851,0.237],[74,"Gardevoir",0.24118,979,0.273],[75,"Sharpedo",0.23759,1050,0.293],[76,"Milotic",0.23111,987,0.275],[77,"Porygon2",0.21291,746,0.208],[78,"Blastoise",0.20952,965,0.269],[79,"Pangoro",0.19417,690,0.193],[80,"Golurk",0.18968,578,0.161],[81,"Goodra",0.18958,676,0.189],[82,"Reuniclus",0.18561,668,0.186],[83,"Salazzle",0.17354,759,0.212],[84,"Claydol",0.16653,740,0.206],[85,"Zoroark",0.16467,797,0.222],[86,"Cinccino",0.15921,772,0.215],[87,"Copperajah",0.1447,602,0.168],[88,"Ditto",0.14212,523,0.146],[89,"Exploud",0.13846,499,0.139],[90,"Orbeetle",0.13336,638,0.178],[91,"Steelix",0.13211,587,0.164],[92,"Drapion",0.1315,575,0.16],[93,"Corsola-Galar",0.12338,533,0.149],[94,"Mudsdale",0.12004,476,0.133],[95,"Xatu",0.11978,707,0.197],[96,"Clawitzer",0.11703,442,0.123],[97,"Raichu-Alola",0.11362,444,0.124],[98,"Slowbro-Galar",0.11303,504,0.141],[99,"Escavalier",0.10912,432,0.121],[100,"Malamar",0.10634,385,0.107],[101,"Dugtrio",0.10622,329,0.092],[102,"Passimian",0.10455,401,0.112],[103,"Dugtrio-Alola",0.10377,360,0.1],[104,"Gastrodon",0.10204,362,0.101],[105,"Vanilluxe",0.09962,474,0.132],[106,"Snorlax",0.09705,415,0.116],[107,"Mantine",0.09636,508,0.142],[108,"Comfey",0.09593,412,0.115],[109,"Dhelmise",0.09109,338,0.094],[110,"Umbreon",0.09008,401,0.112],[111,"Virizion",0.08968,321,0.09],[112,"Torkoal",0.08833,253,0.071],[113,"Duraludon",0.08734,369,0.103],[114,"Charizard",0.08386,383,0.107],[115,"Coalossal",0.08175,427,0.119],[116,"Vileplume",0.07879,311,0.087],[117,"Sableye",0.07814,422,0.118],[118,"Jellicent",0.07408,281,0.078],[119,"Morpeko",0.07365,361,0.101],[120,"Barbaracle",0.07267,401,0.112],[121,"Hitmonlee",0.0725,339,0.095],[122,"Braviary",0.06792,245,0.068],[123,"Centiskorch",0.06769,310,0.086],[124,"Vaporeon",0.06511,297,0.083],[125,"Quagsire",0.06473,236,0.066],[126,"Linoone",0.06441,435,0.121],[127,"Miltank",0.06079,260,0.073],[128,"Persian-Alola",0.05963,267,0.074],[129,"Turtonator",0.05836,282,0.079],[130,"Dusclops",0.05476,224,0.062],[131,"Decidueye",0.05448,186,0.052],[132,"Abomasnow",0.04978,281,0.078],[133,"Rotom-Fan",0.04972,163,0.045],[134,"Cofagrigus",0.04943,283,0.079],[135,"Tauros",0.04917,200,0.056],[136,"Boltund",0.04909,214,0.06],[137,"Indeedee-F",0.04873,250,0.07],[138,"Bewear",0.04622,187,0.052],[139,"Pinsir",0.0458,124,0.035],[140,"Sandaconda",0.04539,250,0.07],[141,"Scrafty",0.0449,287,0.08],[142,"Hitmontop",0.04471,201,0.056],[143,"Crustle",0.04326,311,0.087],[144,"Thwackey",0.04269,142,0.04],[145,"Gallade",0.04205,306,0.085],[146,"Toxicroak",0.04174,186,0.052],[147,"Crawdaunt",0.04046,123,0.034],[148,"Eldegoss",0.04004,154,0.043],[149,"Sigilyph",0.03793,163,0.045],[150,"Togedemaru",0.0361,138,0.039],[151,"Liepard",0.03602,211,0.059],[152,"Shiftry",0.03532,171,0.048],[153,"Blissey",0.0353,99,0.028],[154,"Ninjask",0.03248,220,0.061],[155,"Frosmoth",0.03089,125,0.035],[156,"Exeggutor-Alola",0.03084,141,0.039],[157,"Poliwrath",0.03056,130,0.036],[158,"Qwilfish",0.0294,146,0.041],[159,"Sandslash",0.02894,108,0.03],[160,"Tangela",0.02874,114,0.032],[161,"Cramorant",0.0282,143,0.04],[162,"Lopunny",0.02795,144,0.04],[163,"Pikachu",0.02653,145,0.04],[164,"Silvally-Fairy",0.02607,83,0.023],[165,"Wishiwashi",0.02452,84,0.023],[166,"Raboot",0.02441,116,0.032],[167,"Cursola",0.02431,129,0.036],[168,"Drednaw",0.02351,133,0.037],[169,"Kingler",0.02297,119,0.033],[170,"Trevenant",0.02255,103,0.029],[171,"Perrserker",0.0224,155,0.043],[172,"Kangaskhan",0.02185,100,0.028],[173,"Sneasel",0.02158,103,0.029],[174,"Dusknoir",0.02157,125,0.035],[175,"Lycanroc-Midnight",0.02124,157,0.044],[176,"Flareon",0.0212,129,0.036],[177,"Meowstic",0.02104,107,0.03],[178,"Rhydon",0.02075,137,0.038],[179,"Luxray",0.02069,127,0.035],[180,"Weezing",0.01986,77,0.021],[181,"Lanturn",0.01945,101,0.028],[182,"Politoed",0.01931,127,0.035],[183,"Lurantis",0.01929,181,0.05],[184,"Shedinja",0.01919,116,0.032],[185,"Mawile",0.01894,82,0.023],[186,"Silvally-Steel",0.01827,75,0.021],[187,"Basculin",0.01821,63,0.018],[188,"Avalugg",0.01821,113,0.032],[189,"Swirlix",0.01782,84,0.023],[190,"Appletun",0.01687,90,0.025],[191,"Drampa",0.01685,86,0.024],[192,"Sandslash-Alola",0.01671,68,0.019],[193,"Ferroseed",0.01659,108,0.03],[194,"Pyukumuku",0.016,116,0.032],[195,"Aromatisse",0.01584,57,0.016],[196,"Persian",0.01507,105,0.029],[197,"Stunfisk-Galar",0.01444,59,0.016],[198,"Thievul",0.01436,84,0.023],[199,"Garbodor",0.01434,86,0.024],[200,"Unfezant",0.01429,69,0.019],[201,"Butterfree",0.01422,117,0.033],[202,"Manectric",0.01409,96,0.027],[203,"Leafeon",0.01399,77,0.021],[204,"Swoobat",0.01361,83,0.023],[205,"Wigglytuff",0.0132,72,0.02],[206,"Lapras",0.01309,88,0.025],[207,"Rapidash-Galar",0.01284,62,0.017],[208,"Sawk",0.01276,49,0.014],[209,"Gourgeist-Small",0.01272,39,0.011],[210,"Gourgeist-Super",0.01138,47,0.013],[211,"Emolga",0.01111,63,0.018],[212,"Drifblim",0.01102,73,0.02],[213,"Haunter",0.01079,71,0.02],[214,"Onix",0.01005,53,0.015],[215,"Raichu",0.00979,72,0.02],[216,"Shiinotic",0.00969,49,0.014],[217,"Dubwool",0.0093,80,0.022],[218,"Silvally",0.00847,43,0.012],[219,"Stonjourner",0.00841,36,0.01],[220,"Diggersby",0.00829,27,0.008],[221,"Piloswine",0.00797,44,0.012],[222,"Dunsparce",0.00782,49,0.014],[223,"Greedent",0.00769,65,0.018],[224,"Glaceon",0.00757,55,0.015],[225,"Flapple",0.00754,48,0.013],[226,"Marowak",0.0074,47,0.013],