{"total":185332,"data":{"header":["Rank","Pokemon","Usage Percentage","Usage Raw","Usage Raw Percentage"],"rows":[[1,"Krookodile",8.83837,10092,5.445],[2,"Zeraora",4.15055,5485,2.96],[3,"Azelf",4.11395,9099,4.91],[4,"Victini",4.04396,5391,2.909],[5,"Regieleki",3.77158,7221,3.896],[6,"Jirachi",3.36643,5084,2.743],[7,"Scizor",3.19634,4904,2.646],[8,"Nidoqueen",3.11842,4702,2.537],[9,"Mew",3.05178,4973,2.683],[10,"Kommo-o",2.7717,3839,2.071],[11,"Mamoswine",2.73327,5399,2.913],[12,"Rotom-Wash",2.478,4053,2.187],[13,"Ninetales-Alola",1.9543,3413,1.842],[14,"Terrakion",1.94354,2532,1.366],[15,"Tangrowth",1.94116,1825,0.985],[16,"Lycanroc-Dusk",1.5312,2530,1.365],[17,"Skarmory",1.47535,3706,2],[18,"Rotom-Heat",1.45717,2899,1.564],[19,"Latias",1.41324,1498,0.808],[20,"Azumarill",1.41137,2174,1.173],[21,"Slowking",1.39275,1773,0.957],[22,"Torkoal",1.36297,3164,1.707],[23,"Scolipede",1.25549,869,0.469],[24,"Crawdaunt",1.15474,1772,0.956],[25,"Keldeo",1.14968,1788,0.965],[26,"Hatterene",1.14467,2138,1.154],[27,"Grimmsnarl",1.12181,3809,2.055],[28,"Amoonguss",1.07869,1600,0.863],[29,"Salamence",1.07679,1647,0.889],[30,"Thundurus-Therian",1.04564,1763,0.951],[31,"Chansey",1.01029,1616,0.872],[32,"Kyurem",0.98172,1020,0.55],[33,"Primarina",0.93074,1475,0.796],[34,"Blaziken",0.91498,2562,1.382],[35,"Ribombee",0.88041,1552,0.837],[36,"Tapu Bulu",0.84226,1422,0.767],[37,"Celesteela",0.8026,1495,0.807],[38,"Zarude",0.78018,746,0.403],[39,"Seismitoad",0.75955,1157,0.624],[40,"Incineroar",0.74794,2926,1.579],[41,"Conkeldurr",0.74633,1558,0.841],[42,"Magnezone",0.73931,1418,0.765],[43,"Shuckle",0.73067,1969,1.062],[44,"Bisharp",0.7255,1670,0.901],[45,"Nihilego",0.70587,1811,0.977],[46,"Cobalion",0.6605,1169,0.631],[47,"Tentacruel",0.53897,1155,0.623],[48,"Indeedee",0.51123,407,0.22],[49,"Darmanitan",0.4863,1041,0.562],[50,"Politoed",0.48432,1246,0.672],[51,"Quagsire",0.47545,396,0.214],[52,"Mienshao",0.46569,723,0.39],[53,"Rhyperior",0.4545,765,0.413],[54,"Alakazam",0.44608,1321,0.713],[55,"Palossand",0.4354,445,0.24],[56,"Araquanid",0.40398,890,0.48],[57,"Diggersby",0.36994,684,0.369],[58,"Moltres-Galar",0.34609,898,0.485],[59,"Zygarde-10%",0.3389,384,0.207],[60,"Klefki",0.33711,949,0.512],[61,"Necrozma",0.33512,506,0.273],[62,"Bronzong",0.28328,593,0.32],[63,"Aerodactyl",0.28144,456,0.246],[64,"Noivern",0.26364,331,0.179],[65,"Gyarados",0.26082,1088,0.587],[66,"Pincurchin",0.24722,420,0.227],[67,"Chandelure",0.24349,685,0.37],[68,"Mudsdale",0.23002,157,0.085],[69,"Toxtricity",0.22519,275,0.148],[70,"Ditto",0.212,207,0.112],[71,"Weezing-Galar",0.19686,330,0.178],[72,"Diancie",0.18372,408,0.22],[73,"Suicune",0.18237,208,0.112],[74,"Galvantula",0.17684,1237,0.667],[75,"Druddigon",0.17646,285,0.154],[76,"Steelix",0.17419,549,0.296],[77,"Crobat",0.17205,671,0.362],[78,"Polteageist",0.17118,341,0.184],[79,"Reuniclus",0.17095,211,0.114],[80,"Haxorus",0.16816,440,0.237],[81,"Golurk",0.16166,275,0.148],[82,"Volcanion",0.16042,553,0.298],[83,"Marowak-Alola",0.15661,497,0.268],[84,"Togekiss",0.15593,378,0.204],[85,"Stakataka",0.15324,523,0.282],[86,"Froslass",0.15185,412,0.222],[87,"Thundurus",0.14941,255,0.138],[88,"Slowbro-Galar",0.14834,192,0.104],[89,"Pyukumuku",0.14666,102,0.055],[90,"Gigalith",0.13965,385,0.208],[91,"Uxie",0.13404,327,0.176],[92,"Regidrago",0.12368,377,0.203],[93,"Mimikyu",0.11438,330,0.178],[94,"Obstagoon",0.10286,452,0.244],[95,"Registeel",0.10237,394,0.213],[96,"Sylveon",0.09741,188,0.101],[97,"Rotom-Mow",0.09429,249,0.134],[98,"Flygon",0.09271,514,0.277],[99,"Roserade",0.09184,365,0.197],[100,"Accelgor",0.08616,221,0.119],[101,"Lycanroc",0.08558,89,0.048],[102,"Sableye",0.08348,140,0.076],[103,"Golisopod",0.08144,316,0.171],[104,"Porygon2",0.0798,444,0.24],[105,"Metagross",0.0754,488,0.263],[106,"Raikou",0.06973,152,0.082],[107,"Arcanine",0.06959,435,0.235],[108,"Venusaur",0.06917,313,0.169],[109,"Aurorus",0.06912,237,0.128],[110,"Glastrier",0.0674,118,0.064],[111,"Gardevoir",0.06685,383,0.207],[112,"Kabutops",0.06619,147,0.079],[113,"Starmie",0.06412,172,0.093],[114,"Cloyster",0.06277,585,0.316],[115,"Ninetales",0.06087,431,0.233],[116,"Sirfetch'd",0.05838,112,0.06],[117,"Xurkitree",0.05739,243,0.131],[118,"Zoroark",0.05259,248,0.134],[119,"Porygon-Z",0.05127,238,0.128],[120,"Slurpuff",0.04992,260,0.14],[121,"Bewear",0.04888,76,0.041],[122,"Archeops",0.04783,133,0.072],[123,"Dragalge",0.04698,168,0.091],[124,"Pangoro",0.04671,87,0.047],[125,"Jellicent",0.04563,60,0.032],[126,"Entei",0.04472,176,0.095],[127,"Celebi",0.04414,162,0.087],[128,"Whimsicott",0.04043,157,0.085],[129,"Heracross",0.03998,151,0.081],[130,"Goodra",0.03888,152,0.082],[131,"Heliolisk",0.03756,143,0.077],[132,"Ninjask",0.03606,72,0.039],[133,"Machamp",0.0355,130,0.07],[134,"Salazzle",0.03519,180,0.097],[135,"Jolteon",0.03513,407,0.22],[136,"Vikavolt",0.03498,200,0.108],[137,"Drapion",0.03412,164,0.088],[138,"Indeedee-F",0.03354,107,0.058],[139,"Pikachu",0.03224,133,0.072],[140,"Tsareena",0.03168,175,0.094],[141,"Gastrodon",0.03165,127,0.069],[142,"Corsola-Galar",0.02998,214,0.115],[143,"Qwilfish",0.02951,285,0.154],[144,"Tornadus",0.02944,69,0.037],[145,"Sneasel",0.0281,34,0.018],[146,"Xatu",0.02791,70,0.038],[147,"Arctozolt",0.0279,27,0.015],[148,"Charizard",0.02689,131,0.071],[149,"Gourgeist",0.02627,7,0.004],[150,"Gourgeist-Super",0.02624,46,0.025],[151,"Sandaconda",0.02526,56,0.03],[152,"Vaporeon",0.0251,105,0.057],[153,"Umbreon",0.02465,103,0.056],[154,"Runerigus",0.02403,213,0.115],[155,"Snorlax",0.02402,279,0.151],[156,"Cresselia",0.02362,97,0.052],[157,"Sharpedo",0.02337,237,0.128],[158,"Talonflame",0.0227,134,0.072],[159,"Braviary",0.02239,64,0.035],[160,"Raboot",0.02136,26,0.014],[161,"Eiscue",0.02128,38,0.021],[162,"Regirock",0.02078,259,0.14],[163,"Espeon",0.02043,324,0.175],[164,"Dugtrio-Alola",0.01994,95,0.051],[165,"Doublade",0.01981,91,0.049],[166,"Magmortar",0.01974,83,0.045],[167,"Articuno-Galar",0.0196,54,0.029],[168,"Arctovish",0.01908,27,0.015],[169,"Hitmonlee",0.01828,91,0.049],[170,"Weezing",0.01775,30,0.016],[171,"Avalugg",0.01774,23,0.012],[172,"Milotic",0.01735,177,0.096],[173,"Claydol",0.01578,156,0.084],[174,"Lucario",0.01564,199,0.107],[175,"Inteleon",0.01521,185,0.1],[176,"Frosmoth",0.01494,39,0.021],[177,"Rhydon",0.01461,46,0.025],[178,"Abomasnow",0.01458,91,0.049],[179,"Altaria",0.01435,111,0.06],[180,"Electivire",0.01386,64,0.035],[181,"Regigigas",0.01278,115,0.062],[182,"Copperajah",0.01272,71,0.038],[183,"Aggron",0.01258,309,0.167],[184,"Miltank",0.0125,48,0.026],[185,"Passimian",0.01241,212,0.114],[186,"Shedinja",0.01185,65,0.035],[187,"Morpeko",0.01146,65,0.035],[188,"Toxicroak",0.01139,100,0.054],[189,"Durant",0.01036,144,0.078],[190,"Swirlix",0.00977,74,0.04],[191,"Vanilluxe",0.00969,82,0.044],[192,"Tyrantrum",0.00938,87,0.047],[193,"Golduck",0.00935,24,0.013],[194,"Dhelmise",0.00867,116,0.063],[195,"Mantine",0.00865,60,0.032],[196,"Absol",0.00818,62,0.033],[197,"Blastoise",0.00812,124,0.067],[198,"Thwackey",0.00811,20,0.011],[199,"Sceptile",0.00802,125,0.067],[200,"Tangela",0.00762,12,0.006],[201,"Greedent",0.00738,31,0.017],[202,"Exploud",0.00729,104,0.056],[203,"Lopunny",0.00718,119,0.064],[204,"Raichu-Alola",0.00713,26,0.014],[205,"Malamar",0.00698,89,0.048],[206,"Regice",0.00687,129,0.07],[207,"Hitmontop",0.00683,57,0.031],[208,"Gallade",0.00672,33,0.018],[209,"Cofagrigus",0.00622,106,0.057],[210,"Guzzlord",0.00618,17,0.009],[211,"Sandslash-Alola",0.00613,33,0.018],[212,"Omastar",0.00603,39,0.021],[213,"Hippopotas",0.00544,18,0.01],[214,"Jynx",0.00538,19,0.01],[215,"Cradily",0.00513,100,0.054],[216,"Wishiwashi",0.0051,16,0.009],[217,"Sandslash",0.00495,80,0.043],[218,"Trevenant",0.00468,68,0.037],[219,"Silvally-Fairy",0.00466,19,0.01],[220,"Exeggutor-Alola",0.00457,69,0.037],[221,"Orbeetle",0.00454,74,0.04],[222,"Decidueye",0.00436,84,0.045],[223,"Dusknoir",0.00424,88,0.047],[224,"Lickilicky",0.00421,6,0.003],[225,"Rotom-Fan",0.00417,16,0.009],[226,"Cursola",0.00405,38,0.021],[227,"Armaldo",0.00403,28,0.015],[228,"Articuno",0.00402,11,