{"total":377994,"data":{"header":["Rank","Pokemon","Usage Percentage","Usage Raw","Usage Raw Percentage"],"rows":[[1,"Mamoswine",6.48133,21283,5.631],[2,"Incineroar",5.44978,17937,4.745],[3,"Cobalion",4.60699,14863,3.932],[4,"Araquanid",4.06434,15224,4.028],[5,"Ribombee",3.28233,12869,3.405],[6,"Bronzong",3.22841,12194,3.226],[7,"Toxtricity",2.8432,9265,2.451],[8,"Noivern",2.68562,8933,2.363],[9,"Flygon",2.29628,8304,2.197],[10,"Rotom-Mow",2.11465,7072,1.871],[11,"Golisopod",2.10102,7018,1.857],[12,"Gigalith",2.08008,7598,2.01],[13,"Chandelure",1.95787,7100,1.878],[14,"Heliolisk",1.91922,6660,1.762],[15,"Ninetales",1.88143,7781,2.058],[16,"Haxorus",1.85295,6590,1.743],[17,"Weezing-Galar",1.82487,6456,1.708],[18,"Sirfetch'd",1.59096,5560,1.471],[19,"Corsola-Galar",1.5881,6897,1.825],[20,"Roserade",1.52519,5794,1.533],[21,"Rhyperior",1.50905,5654,1.496],[22,"Duraludon",1.40755,5483,1.451],[23,"Froslass",1.37835,4951,1.31],[24,"Braviary",1.34938,5040,1.333],[25,"Machamp",1.33372,4864,1.287],[26,"Inteleon",1.28939,4861,1.286],[27,"Celebi",1.18779,4485,1.187],[28,"Milotic",1.18765,4421,1.17],[29,"Gardevoir",1.17155,4021,1.064],[30,"Drapion",1.16664,4963,1.313],[31,"Espeon",1.15651,5042,1.334],[32,"Galvantula",1.12836,5355,1.417],[33,"Necrozma",1.09184,3878,1.026],[34,"Claydol",1.06423,4733,1.252],[35,"Arcanine",1.00453,4398,1.164],[36,"Primarina",0.95636,2811,0.744],[37,"Blastoise",0.80745,3615,0.956],[38,"Morpeko",0.80641,3529,0.934],[39,"Tsareena",0.74143,2567,0.679],[40,"Centiskorch",0.73598,3097,0.819],[41,"Pangoro",0.73318,2231,0.59],[42,"Shuckle",0.67549,3209,0.849],[43,"Passimian",0.61392,1969,0.521],[44,"Dugtrio-Alola",0.60428,2455,0.649],[45,"Lucario",0.59108,2650,0.701],[46,"Polteageist",0.56285,2647,0.7],[47,"Vikavolt",0.54432,1754,0.464],[48,"Runerigus",0.48855,2145,0.567],[49,"Umbreon",0.48124,2032,0.538],[50,"Ninetales-Alola",0.46438,1521,0.402],[51,"Accelgor",0.4586,1846,0.488],[52,"Gyarados",0.44689,1724,0.456],[53,"Doublade",0.44374,1666,0.441],[54,"Vanilluxe",0.42955,1631,0.431],[55,"Steelix",0.42774,1626,0.43],[56,"Decidueye",0.41575,1669,0.442],[57,"Persian-Alola",0.37867,1809,0.479],[58,"Reuniclus",0.37479,1416,0.375],[59,"Jolteon",0.37142,1753,0.464],[60,"Coalossal",0.36481,1526,0.404],[61,"Vaporeon",0.3626,1439,0.381],[62,"Qwilfish",0.34227,1273,0.337],[63,"Cinccino",0.30866,1338,0.354],[64,"Barbaracle",0.29926,1169,0.309],[65,"Salazzle",0.29393,1391,0.368],[66,"Mantine",0.29179,1009,0.267],[67,"Whimsicott",0.29043,1259,0.333],[68,"Venusaur",0.27269,1238,0.328],[69,"Frosmoth",0.2559,1272,0.337],[70,"Raichu-Alola",0.25336,1125,0.298],[71,"Goodra",0.2451,952,0.252],[72,"Copperajah",0.23464,1048,0.277],[73,"Charizard",0.22348,968,0.256],[74,"Avalugg",0.22158,891,0.236],[75,"Pincurchin",0.20857,914,0.242],[76,"Cramorant",0.20845,1040,0.275],[77,"Xatu",0.20656,768,0.203],[78,"Escavalier",0.19058,607,0.161],[79,"Sableye",0.17671,874,0.231],[80,"Rotom",0.17061,499,0.132],[81,"Sigilyph",0.16981,675,0.179],[82,"Virizion",0.16225,655,0.173],[83,"Indeedee",0.16155,668,0.177],[84,"Barraskewda",0.16059,674,0.178],[85,"Sandaconda",0.15824,638,0.169],[86,"Linoone",0.15743,1200,0.317],[87,"Rillaboom",0.15547,620,0.164],[88,"Crustle",0.15529,628,0.166],[89,"Orbeetle",0.14845,817,0.216],[90,"Golurk",0.14765,549,0.145],[91,"Rotom-Frost",0.13013,478,0.126],[92,"Slurpuff",0.12753,612,0.162],[93,"Snorlax",0.1275,638,0.169],[94,"Meowstic",0.1261,583,0.154],[95,"Toxicroak",0.12498,484,0.128],[96,"Mudsdale",0.1248,522,0.138],[97,"Boltund",0.12335,573,0.152],[98,"Gastrodon",0.12229,578,0.153],[99,"Togedemaru",0.11475,470,0.124],[100,"Weezing",0.11438,625,0.165],[101,"Stunfisk",0.11338,519,0.137],[102,"Rapidash",0.11197,548,0.145],[103,"Gallade",0.11026,443,0.117],[104,"Scrafty",0.10998,462,0.122],[105,"Hitmonlee",0.10103,469,0.124],[106,"Abomasnow",0.09957,505,0.134],[107,"Malamar",0.0957,428,0.113],[108,"Jellicent",0.08792,315,0.083],[109,"Corsola",0.08717,512,0.135],[110,"Kingler",0.08253,477,0.126],[111,"Dhelmise",0.08049,325,0.086],[112,"Silvally-Steel",0.08018,274,0.072],[113,"Cofagrigus",0.07987,326,0.086],[114,"Ninjask",0.0795,503,0.133],[115,"Rotom-Fan",0.07817,309,0.082],[116,"Hitmontop",0.07559,338,0.089],[117,"Ferroseed",0.0755,287,0.076],[118,"Liepard",0.06664,403,0.107],[119,"Quagsire",0.06605,281,0.074],[120,"Indeedee-F",0.06583,244,0.065],[121,"Silvally",0.06556,221,0.058],[122,"Pyukumuku",0.05739,227,0.06],[123,"Lapras",0.0569,271,0.072],[124,"Cursola",0.05647,213,0.056],[125,"Trapinch",0.05272,163,0.043],[126,"Butterfree",0.05126,306,0.081],[127,"Flapple",0.05036,222,0.059],[128,"Silvally-Fairy",0.0495,233,0.062],[129,"Rhydon",0.04712,249,0.066],[130,"Haunter",0.04635,142,0.038],[131,"Swoobat",0.04368,286,0.076],[132,"Bewear",0.04116,174,0.046],[133,"Drilbur",0.04102,119,0.031],[134,"Shiinotic",0.04029,181,0.048],[135,"Delibird",0.04022,160,0.042],[136,"Dusclops",0.0394,222,0.059],[137,"Flareon",0.03839,238,0.063],[138,"Drifblim",0.03811,202,0.053],[139,"Pikachu",0.0381,248,0.066],[140,"Manectric",0.03784,185,0.049],[141,"Shiftry",0.03664,192,0.051],[142,"Unfezant",0.03597,166,0.044],[143,"Linoone-Galar",0.03536,139,0.037],[144,"Mr. Rime",0.03492,156,0.041],[145,"Shedinja",0.0331,230,0.061],[146,"Turtonator",0.03243,183,0.048],[147,"Lanturn",0.03156,176,0.047],[148,"Gurdurr",0.03111,107,0.028],[149,"Aromatisse",0.03062,125,0.033],[150,"Drednaw",0.03044,129,0.034],[151,"Grapploct",0.02989,120,0.032],[152,"Silvally-Ghost",0.02972,104,0.028],[153,"Rapidash-Galar",0.02867,182,0.048],[154,"Persian",0.02844,123,0.033],[155,"Gothitelle",0.02754,135,0.036],[156,"Perrserker",0.02703,123,0.033],[157,"Appletun",0.02702,143,0.038],[158,"Leafeon",0.02698,170,0.045],[159,"Drampa",0.02694,106,0.028],[160,"Hitmonchan",0.02663,140,0.037],[161,"Solrock",0.02654,143,0.038],[162,"Eldegoss",0.02646,124,0.033],[163,"Trevenant",0.02627,193,0.051],[164,"Piloswine",0.02596,114,0.03],[165,"Mawile",0.0257,132,0.035],[166,"Hippowdon",0.02556,97,0.026],[167,"Stonjourner",0.0252,165,0.044],[168,"Stunfisk-Galar",0.02495,124,0.033],[169,"Ludicolo",0.02482,156,0.041],[170,"Falinks",0.02475,154,0.041],[171,"Sneasel",0.02415,98,0.026],[172,"Glaceon",0.02347,130,0.034],[173,"Alcremie",0.02263,117,0.031],[174,"Clefairy",0.02251,123,0.033],[175,"Dusknoir",0.0219,149,0.039],[176,"Garbodor",0.02147,145,0.038],[177,"Silvally-Ground",0.02101,64,0.017],[178,"Raichu",0.01942,154,0.041],[179,"Mr. Mime-Galar",0.01855,93,0.025],[180,"Sawk",0.01826,98,0.026],[181,"Mr. Mime",0.01769,131,0.035],[182,"Silvally-Water",0.01744,61,0.016],[183,"Dubwool",0.01592,102,0.027],[184,"Eiscue",0.01573,102,0.027],[185,"Solosis",0.01523,48,0.013],[186,"Greedent",0.01494,124,0.033],[187,"Farfetch'd",0.01481,92,0.024],[188,"Klinklang",0.01465,83,0.022],[189,"Arctovish",0.01464,56,0.015],[190,"Morgrem",0.01449,84,0.022],[191,"Skuntank",0.01353,61,0.016],[192,"Torkoal",0.01283,63,0.017],[193,"Silvally-Dark",0.01251,49,0.013],[194,"Arctozolt",0.01223,47,0.012],[195,"Silvally-Ice",0.01217,33,0.009],[196,"Vileplume",0.01153,72,0.019],[197,"Oranguru",0.01126,36,0.01],[198,"Thievul",0.01072,61,0.016],[199,"Type: Null",0.0104,69,0.018],[200,"Noctowl",0.01024,48,0.013],[201,"Woobat",0.01022,48,0.013],[202,"Palpitoad",0.01008,45,0.012],[203,"Togetic",0.01002,73,0.019],[204,"Basculin",0.00989,63,0.017],[205,"Meltan",0.00953,57,0.015],[206,"Scraggy",0.00904,153,0.04],[207,"Onix",0.00901,52,0.014],[208,"Vespiquen",0.009,67,0.018],[209,"Silvally-Flying",0.00882,31,0.008],[210,"Silvally-Electric",0.00877,45,0.012],[211,"Whiscash",0.0085,40,0.011],[212,"Sudowoodo",0.0082,54,0.014],[213,"Wishiwashi",0.00729,39,0.01],[214,"Machoke",0.00684,79,0.021],[215,"Throh",0.0068,60,0.016],[216,"Bellossom",0.00674,36,0.01],[217,"Vullaby",0.00674,31,0.008],[218,"Mareanie",0.00595,29,0.008],[219,"Maractus",0.00593,55,0.015],[220,"Hippopotas",0.00568,47,0.012],[221,"Pikachu-Original",0.00565,32,0.008],[222,"Gourgeist-Super",0.00541,37,0.01],[223,"Hakamo-o",0.00535,24,0.006],[224,"Silvally-Fire",0.00533,22,0.006],[225,"Beheeyem",0.00519,