{"total":310868,"data":{"header":["Rank","Pokemon","Usage Percentage","Usage Raw","Usage Raw Percentage"],"rows":[[1,"Azelf",4.29863,12374,3.98],[2,"Hippowdon",3.39452,9742,3.134],[3,"Mew",3.29302,8874,2.855],[4,"Victini",2.82555,7066,2.273],[5,"Krookodile",2.39126,5904,1.899],[6,"Zeraora",2.32047,5259,1.692],[7,"Hydreigon",2.29629,3640,1.171],[8,"Rotom-Wash",2.14435,6585,2.118],[9,"Hatterene",2.11678,5678,1.826],[10,"Scizor",2.11205,4329,1.393],[11,"Tapu Lele",2.07141,4723,1.519],[12,"Nihilego",1.65873,3165,1.018],[13,"Torkoal",1.65682,6517,2.096],[14,"Jirachi",1.65393,3794,1.22],[15,"Azumarill",1.60038,2991,0.962],[16,"Mamoswine",1.57267,4974,1.6],[17,"Kommo-o",1.50786,2901,0.933],[18,"Araquanid",1.50341,7356,2.366],[19,"Ninetales-Alola",1.48963,3340,1.074],[20,"Incineroar",1.43577,4200,1.351],[21,"Blacephalon",1.38598,3838,1.235],[22,"Politoed",1.3528,3693,1.188],[23,"Shuckle",1.28352,3870,1.245],[24,"Weavile",1.2831,2264,0.728],[25,"Nidoking",1.27607,3993,1.284],[26,"Magnezone",1.26357,2984,0.96],[27,"Cobalion",1.2564,3246,1.044],[28,"Darmanitan",1.24405,3724,1.198],[29,"Rotom-Heat",1.21394,3323,1.069],[30,"Keldeo",1.21232,3095,0.996],[31,"Lycanroc-Dusk",1.19871,2779,0.894],[32,"Celesteela",1.11836,2422,0.779],[33,"Terrakion",1.01195,2155,0.693],[34,"Ribombee",1.00543,3327,1.07],[35,"Grimmsnarl",1.00099,4565,1.468],[36,"Thundurus-Therian",0.98453,2306,0.742],[37,"Aerodactyl",0.98287,4515,1.452],[38,"Amoonguss",0.92169,1692,0.544],[39,"Mienshao",0.89015,2673,0.86],[40,"Volcanion",0.8492,1903,0.612],[41,"Uxie",0.84771,3039,0.978],[42,"Tapu Bulu",0.825,2342,0.753],[43,"Primarina",0.81986,1505,0.484],[44,"Aegislash",0.81384,2196,0.706],[45,"Crawdaunt",0.78742,2358,0.759],[46,"Bisharp",0.77739,2339,0.752],[47,"Metagross",0.73725,2496,0.803],[48,"Klefki",0.67482,3509,1.129],[49,"Zarude",0.66969,1838,0.591],[50,"Dracozolt",0.66545,1291,0.415],[51,"Regidrago",0.6455,1797,0.578],[52,"Skarmory",0.63864,3393,1.091],[53,"Bronzong",0.62618,2891,0.93],[54,"Diancie",0.62064,2555,0.822],[55,"Salamence",0.58787,1914,0.616],[56,"Latias",0.56885,1301,0.419],[57,"Tentacruel",0.54864,1532,0.493],[58,"Volcarona",0.53343,1898,0.611],[59,"Stakataka",0.52047,1594,0.513],[60,"Froslass",0.51329,1711,0.55],[61,"Marowak-Alola",0.48676,1395,0.449],[62,"Kyurem",0.48402,899,0.289],[63,"Conkeldurr",0.47779,1435,0.462],[64,"Slowking-Galar",0.4769,1415,0.455],[65,"Diggersby",0.47103,1170,0.376],[66,"Noivern",0.46726,1726,0.555],[67,"Moltres-Galar",0.43189,1532,0.493],[68,"Necrozma",0.42747,786,0.253],[69,"Rotom-Mow",0.41811,1313,0.422],[70,"Raikou",0.41365,1201,0.386],[71,"Buzzwole",0.40186,1156,0.372],[72,"Barraskewda",0.39582,988,0.318],[73,"Tangrowth",0.38659,953,0.307],[74,"Chansey",0.38233,1562,0.502],[75,"Seismitoad",0.37208,1011,0.325],[76,"Rhyperior",0.35811,868,0.279],[77,"Thundurus",0.35525,1695,0.545],[78,"Slowking",0.34445,722,0.232],[79,"Gengar",0.32092,1587,0.511],[80,"Entei",0.3148,1094,0.352],[81,"Golisopod",0.31409,1045,0.336],[82,"Archeops",0.30716,395,0.127],[83,"Suicune",0.30198,841,0.271],[84,"Porygon2",0.28991,1097,0.353],[85,"Togekiss",0.28186,995,0.32],[86,"Flygon",0.28043,1464,0.471],[87,"Accelgor",0.26193,622,0.2],[88,"Registeel",0.25779,1001,0.322],[89,"Weezing-Galar",0.25368,872,0.281],[90,"Cloyster",0.24847,2151,0.692],[91,"Heliolisk",0.2315,879,0.283],[92,"Gyarados",0.21383,1038,0.334],[93,"Toxtricity",0.21024,572,0.184],[94,"Tsareena",0.20642,966,0.311],[95,"Dhelmise",0.20601,640,0.206],[96,"Galvantula",0.20516,2139,0.688],[97,"Roserade",0.20031,1329,0.428],[98,"Cresselia",0.1993,965,0.31],[99,"Vikavolt",0.18755,402,0.129],[100,"Sylveon",0.18738,500,0.161],[101,"Malamar",0.18596,723,0.233],[102,"Xurkitree",0.18566,552,0.178],[103,"Nidoqueen",0.17976,444,0.143],[104,"Talonflame",0.17639,738,0.237],[105,"Gardevoir",0.15491,408,0.131],[106,"Alakazam",0.15393,884,0.284],[107,"Haxorus",0.15079,677,0.218],[108,"Scolipede",0.14765,1173,0.377],[109,"Palossand",0.14655,759,0.244],[110,"Articuno-Galar",0.13959,903,0.29],[111,"Omastar",0.13875,612,0.197],[112,"Celebi",0.13807,798,0.257],[113,"Zygarde-10%",0.13561,300,0.097],[114,"Glastrier",0.13409,846,0.272],[115,"Obstagoon",0.13131,857,0.276],[116,"Slowbro-Galar",0.12929,686,0.221],[117,"Mimikyu",0.12928,875,0.281],[118,"Chandelure",0.12791,1171,0.377],[119,"Gastrodon",0.12699,193,0.062],[120,"Slurpuff",0.11693,519,0.167],[121,"Dragalge",0.1162,171,0.055],[122,"Starmie",0.10741,486,0.156],[123,"Crobat",0.10623,470,0.151],[124,"Druddigon",0.10623,754,0.243],[125,"Hawlucha",0.10299,1013,0.326],[126,"Pincurchin",0.10248,409,0.132],[127,"Indeedee",0.10121,328,0.106],[128,"Decidueye",0.09944,104,0.033],[129,"Steelix",0.09038,406,0.131],[130,"Xatu",0.08557,304,0.098],[131,"Golurk",0.08526,336,0.108],[132,"Ninetales",0.08517,556,0.179],[133,"Machamp",0.08259,240,0.077],[134,"Regigigas",0.08137,662,0.213],[135,"Abomasnow",0.08124,284,0.091],[136,"Quagsire",0.07873,330,0.106],[137,"Sudowoodo",0.07757,99,0.032],[138,"Espeon",0.07697,684,0.22],[139,"Tyrantrum",0.07697,352,0.113],[140,"Kabutops",0.0748,253,0.081],[141,"Venusaur",0.07306,516,0.166],[142,"Runerigus",0.07254,384,0.124],[143,"Centiskorch",0.07174,182,0.059],[144,"Gigalith",0.0712,643,0.207],[145,"Scyther",0.06937,683,0.22],[146,"Dugtrio",0.06804,86,0.028],[147,"Porygon-Z",0.06794,1012,0.326],[148,"Lycanroc",0.06616,292,0.094],[149,"Polteageist",0.06612,844,0.271],[150,"Durant",0.06284,620,0.199],[151,"Pyukumuku",0.06135,70,0.023],[152,"Aurorus",0.05711,336,0.108],[153,"Umbreon",0.05297,394,0.127],[154,"Bewear",0.05156,83,0.027],[155,"Reuniclus",0.05111,243,0.078],[156,"Sharpedo",0.04951,702,0.226],[157,"Jolteon",0.04809,456,0.147],[158,"Meowstic",0.04685,146,0.047],[159,"Sirfetch'd",0.0453,362,0.116],[160,"Regirock",0.04483,214,0.069],[161,"Barbaracle",0.04233,121,0.039],[162,"Arcanine",0.04162,399,0.128],[163,"Zoroark",0.04141,357,0.115],[164,"Toxicroak",0.04084,80,0.026],[165,"Tornadus",0.03934,137,0.044],[166,"Sandslash-Alola",0.03814,108,0.035],[167,"Whimsicott",0.03798,329,0.106],[168,"Vanilluxe",0.03538,287,0.092],[169,"Blastoise",0.0343,273,0.088],[170,"Goodra",0.02976,152,0.049],[171,"Eiscue",0.02876,63,0.02],[172,"Arctozolt",0.02832,74,0.024],[173,"Milotic",0.02773,208,0.067],[174,"Regice",0.02766,74,0.024],[175,"Charizard",0.0272,225,0.072],[176,"Salazzle",0.02649,262,0.084],[177,"Mantine",0.02613,140,0.045],[178,"Snorlax",0.02502,265,0.085],[179,"Ninjask",0.02413,169,0.054],[180,"Passimian",0.02411,64,0.021],[181,"Inteleon",0.02327,201,0.065],[182,"Lucario",0.02307,334,0.107],[183,"Cinccino",0.02286,257,0.083],[184,"Mudsdale",0.02274,168,0.054],[185,"Raichu-Alola",0.02185,89,0.029],[186,"Kingler",0.02128,68,0.022],[187,"Rotom-Frost",0.02057,82,0.026],[188,"Bouffalant",0.02046,22,0.007],[189,"Copperajah",0.02022,263,0.085],[190,"Kingdra",0.01981,169,0.054],[191,"Sigilyph",0.01974,225,0.072],[192,"Doublade",0.01956,323,0.104],[193,"Claydol",0.01941,218,0.07],[194,"Sneasel",0.01854,23,0.007],[195,"Audino",0.0184,56,0.018],[196,"Ferroseed",0.01694,59,0.019],[197,"Gallade",0.01633,82,0.026],[198,"Articuno",0.01614,56,0.018],[199,"Coalossal",0.01599,225,0.072],[200,"Hitmontop",0.01544,118,0.038],[201,"Frosmoth",0.01529,53,0.017],[202,"Pangoro",0.01505,171,0.055],[203,"Carbink",0.01468,59,0.019],[204,"Sableye",0.01467,227,0.073],[205,"Persian-Alola",0.01414,85,0.027],[206,"Drapion",0.01198,216,0.069],[207,"Wartortle",0.01165,79,0.025],[208,"Aromatisse",0.01091,13,0.004],[209,"Corsola-Galar",0.01064,199,0.064],[210,"Shedinja",0.0103,73,0.023],[211,"Cryogonal",0.01026,27,0.009],[212,"Escavalier",0.01013,70,0.023],[213,"Trevenant",0.00964,70,0.023],[214,"Exploud",0.00947,85,0.027],[215,"Vaporeon",0.00914,108,0.035],[216,"Dusclops",0.00906,182,0.059],[217,"Thwackey",0.00887,40,0.013],[218,"Avalugg",0.00863,36,0.012],[219,"Pikachu",0.00821,180,0.058],[220,"Cradily",0.00818,142,0.046],[221,"Sandslash",0.00816,74,0.024],[222,"Wailord",0.00759,52,0.017],[223,"Lanturn",0.00754,71,0.023],[224,"Slowbro",0.00692,28,0.009],[225,"Tauros",0.00639,98,0.032],[226,