{"total":206362,"data":{"header":["Rank","Pokemon","Usage Percentage","Usage Raw","Usage Raw Percentage"],"rows":[[1,"Azelf",8.30691,16536,8.013],[2,"Victini",4.22013,5911,2.864],[3,"Zeraora",4.14945,5823,2.822],[4,"Ninetales-Alola",4.00975,4225,2.047],[5,"Krookodile",3.44328,6732,3.262],[6,"Mew",3.23534,6661,3.228],[7,"Nidoqueen",3.11079,4191,2.031],[8,"Rotom-Wash",3.01222,5765,2.794],[9,"Scizor",2.94902,4204,2.037],[10,"Jirachi",2.78517,4370,2.118],[11,"Mamoswine",2.65804,5257,2.547],[12,"Kommo-o",2.65455,4027,1.951],[13,"Zapdos-Galar",2.29693,2504,1.213],[14,"Blaziken",1.95918,4919,2.384],[15,"Grimmsnarl",1.87782,4893,2.371],[16,"Shuckle",1.76153,2590,1.255],[17,"Ribombee",1.72635,2058,0.997],[18,"Crawdaunt",1.72074,2444,1.184],[19,"Rotom-Heat",1.60768,3109,1.507],[20,"Terrakion",1.52915,2195,1.064],[21,"Hatterene",1.41998,3158,1.53],[22,"Primarina",1.40498,1491,0.723],[23,"Azumarill",1.40036,2498,1.21],[24,"Keldeo",1.3139,2178,1.055],[25,"Thundurus-Therian",1.25734,2601,1.26],[26,"Latias",1.24007,1491,0.723],[27,"Lycanroc-Dusk",1.14564,3104,1.504],[28,"Incineroar",1.1075,3390,1.643],[29,"Nihilego",1.06641,2464,1.194],[30,"Bisharp",1.01944,2141,1.037],[31,"Magnezone",1.01485,1960,0.95],[32,"Klefki",0.99947,1471,0.713],[33,"Torkoal",0.87186,3178,1.54],[34,"Aegislash",0.84326,1316,0.638],[35,"Celesteela",0.83205,1984,0.961],[36,"Slowking",0.83105,825,0.4],[37,"Cobalion",0.7968,1965,0.952],[38,"Salamence",0.76733,1779,0.862],[39,"Tapu Bulu",0.64805,1063,0.515],[40,"Bronzong",0.63969,918,0.445],[41,"Amoonguss",0.63389,1605,0.778],[42,"Tentacruel",0.6254,1465,0.71],[43,"Skarmory",0.58067,3696,1.791],[44,"Politoed",0.57178,1540,0.746],[45,"Kyurem",0.55361,652,0.316],[46,"Zygarde-10%",0.54868,563,0.273],[47,"Tangrowth",0.49961,1007,0.488],[48,"Araquanid",0.48872,1470,0.712],[49,"Scolipede",0.47759,809,0.392],[50,"Volcanion",0.46963,1491,0.723],[51,"Seismitoad",0.44853,975,0.472],[52,"Marowak-Alola",0.43025,1138,0.551],[53,"Indeedee",0.40718,503,0.244],[54,"Moltres-Galar",0.38083,969,0.47],[55,"Conkeldurr",0.35291,819,0.397],[56,"Galvantula",0.34658,1768,0.857],[57,"Gyarados",0.34323,1364,0.661],[58,"Stakataka",0.32175,1487,0.721],[59,"Alakazam",0.31652,1352,0.655],[60,"Chansey",0.29625,1408,0.682],[61,"Zarude",0.28865,518,0.251],[62,"Uxie",0.27849,735,0.356],[63,"Aerodactyl",0.2741,758,0.367],[64,"Necrozma",0.27316,364,0.176],[65,"Togekiss",0.26461,535,0.259],[66,"Rhyperior",0.26113,620,0.3],[67,"Rotom-Mow",0.2582,359,0.174],[68,"Xurkitree",0.23261,440,0.213],[69,"Palossand",0.23253,298,0.144],[70,"Vikavolt",0.20493,485,0.235],[71,"Darmanitan",0.19663,948,0.459],[72,"Diggersby",0.19197,418,0.203],[73,"Chandelure",0.18042,767,0.372],[74,"Cloyster",0.1776,666,0.323],[75,"Steelix",0.17333,518,0.251],[76,"Noivern",0.16863,395,0.191],[77,"Golurk",0.16443,256,0.124],[78,"Thundurus",0.16269,330,0.16],[79,"Mienshao",0.16183,909,0.44],[80,"Scrafty",0.15879,166,0.08],[81,"Lycanroc",0.15468,161,0.078],[82,"Haxorus",0.15459,607,0.294],[83,"Metagross",0.14663,581,0.282],[84,"Pyukumuku",0.13837,130,0.063],[85,"Regidrago",0.1363,513,0.249],[86,"Gigalith",0.13629,571,0.277],[87,"Aurorus",0.13451,350,0.17],[88,"Crobat",0.13336,888,0.43],[89,"Slowbro-Galar",0.13192,200,0.097],[90,"Hippowdon",0.12726,115,0.056],[91,"Druddigon",0.12441,463,0.224],[92,"Gardevoir",0.11987,339,0.164],[93,"Starmie",0.11983,221,0.107],[94,"Froslass",0.11955,482,0.234],[95,"Toxtricity",0.11732,200,0.097],[96,"Ninetales",0.1134,482,0.234],[97,"Quagsire",0.1129,217,0.105],[98,"Reuniclus",0.10641,171,0.083],[99,"Weezing-Galar",0.09704,329,0.159],[100,"Entei",0.09623,189,0.092],[101,"Mesprit",0.09528,130,0.063],[102,"Diancie",0.09464,455,0.22],[103,"Porygon2",0.09288,381,0.185],[104,"Archeops",0.09274,282,0.137],[105,"Morpeko",0.09173,91,0.044],[106,"Goodra",0.09048,142,0.069],[107,"Golisopod",0.08944,295,0.143],[108,"Hydreigon",0.08892,66,0.032],[109,"Whimsicott",0.08837,157,0.076],[110,"Vanilluxe",0.08811,102,0.049],[111,"Sylveon",0.08346,112,0.054],[112,"Ditto",0.08144,326,0.158],[113,"Registeel",0.081,274,0.133],[114,"Cresselia",0.07924,199,0.096],[115,"Barbaracle",0.07885,92,0.045],[116,"Mimikyu",0.0774,307,0.149],[117,"Obstagoon",0.0748,250,0.121],[118,"Raikou",0.06906,186,0.09],[119,"Suicune",0.06731,158,0.077],[120,"Drapion",0.06411,253,0.123],[121,"Runerigus",0.06405,354,0.172],[122,"Accelgor",0.063,422,0.204],[123,"Espeon",0.06237,377,0.183],[124,"Decidueye",0.06144,93,0.045],[125,"Ninjask",0.05735,188,0.091],[126,"Arcanine",0.05337,271,0.131],[127,"Salazzle",0.05305,275,0.133],[128,"Tapu Lele",0.05142,59,0.029],[129,"Claydol",0.0507,216,0.105],[130,"Flygon",0.05042,443,0.215],[131,"Roserade",0.04948,272,0.132],[132,"Duraludon",0.0484,139,0.067],[133,"Blastoise",0.04812,277,0.134],[134,"Glastrier",0.04807,95,0.046],[135,"Dhelmise",0.04653,124,0.06],[136,"Dragalge",0.0465,137,0.066],[137,"Hitmonlee",0.04624,104,0.05],[138,"Talonflame",0.04592,155,0.075],[139,"Gastrodon",0.04481,112,0.054],[140,"Slurpuff",0.04455,192,0.093],[141,"Arctozolt",0.0442,37,0.018],[142,"Sirfetch'd",0.04242,108,0.052],[143,"Venusaur",0.04186,281,0.136],[144,"Articuno-Galar",0.03763,97,0.047],[145,"Durant",0.03647,170,0.082],[146,"Polteageist",0.03525,298,0.144],[147,"Jolteon",0.03434,246,0.119],[148,"Pincurchin",0.03294,263,0.127],[149,"Malamar",0.0317,64,0.031],[150,"Arctovish",0.03145,28,0.014],[151,"Porygon-Z",0.0307,248,0.12],[152,"Coalossal",0.03015,70,0.034],[153,"Celebi",0.02958,210,0.102],[154,"Heracross",0.02955,90,0.044],[155,"Scyther",0.02945,201,0.097],[156,"Jellicent",0.02903,49,0.024],[157,"Charizard",0.02836,177,0.086],[158,"Toxicroak",0.02744,73,0.035],[159,"Bewear",0.02664,72,0.035],[160,"Sharpedo",0.02631,320,0.155],[161,"Dubwool",0.02547,45,0.022],[162,"Tsareena",0.02532,213,0.103],[163,"Jynx",0.02465,31,0.015],[164,"Milotic",0.0245,192,0.093],[165,"Togedemaru",0.0242,57,0.028],[166,"Indeedee-F",0.02303,111,0.054],[167,"Inteleon",0.02296,249,0.121],[168,"Dusknoir",0.02285,35,0.017],[169,"Corsola-Galar",0.02176,240,0.116],[170,"Basculin",0.02172,19,0.009],[171,"Snorlax",0.02134,277,0.134],[172,"Cofagrigus",0.02064,135,0.065],[173,"Heliolisk",0.02044,211,0.102],[174,"Sudowoodo",0.0204,46,0.022],[175,"Eiscue",0.01926,22,0.011],[176,"Abomasnow",0.01885,130,0.063],[177,"Xatu",0.01872,144,0.07],[178,"Dusclops",0.01871,113,0.055],[179,"Qwilfish",0.01757,303,0.147],[180,"Miltank",0.01757,44,0.021],[181,"Appletun",0.01749,36,0.017],[182,"Centiskorch",0.01618,47,0.023],[183,"Wailord",0.01452,20,0.01],[184,"Umbreon",0.01434,202,0.098],[185,"Tornadus",0.01426,145,0.07],[186,"Absol",0.0142,84,0.041],[187,"Sandslash",0.01411,80,0.039],[188,"Zoroark",0.01386,156,0.076],[189,"Kabutops",0.01325,86,0.042],[190,"Lucario",0.01295,113,0.055],[191,"Mudsdale",0.01277,64,0.031],[192,"Dunsparce",0.01255,24,0.012],[193,"Aggron",0.01226,215,0.104],[194,"Mr. Mime-Galar",0.0117,16,0.008],[195,"Orbeetle",0.01164,212,0.103],[196,"Dugtrio-Alola",0.01163,44,0.021],[197,"Mantine",0.0114,39,0.019],[198,"Avalugg",0.01131,19,0.009],[199,"Machamp",0.01095,150,0.073],[200,"Boltund",0.01078,41,0.02],[201,"Pikachu",0.01001,160,0.078],[202,"Rotom-Fan",0.00927,27,0.013],[203,"Weezing",0.00916,75,0.036],[204,"Passimian",0.0091,33,0.016],[205,"Sandaconda",0.00907,111,0.054],[206,"Linoone",0.00906,106,0.051],[207,"Cradily",0.00855,52,0.025],[208,"Vaporeon",0.00795,95,0.046],[209,"Drampa",0.00795,18,0.009],[210,"Persian-Alola",0.00783,84,0.041],[211,"Carbink",0.00769,73,0.035],[212,"Garbodor",0.00746,64,0.031],[213,"Sableye",0.00744,241,0.117],[214,"Braviary",0.0073,86,0.042],[215,"Gurdurr",0.0071,75,0.036],[216,"Sigilyph",0.00707,64,0.031],[217,"Boldore",0.00696,7,0.003],[218,"Lanturn",0.00696,35,0.017],[219,"Falinks",0.00687,56,0.027],[220,"Slowking-Galar",0.00673,11,0.005],[221,"Crustle",0.00659,53,0.026],[222,"Pangoro",0.00644,59,0.029],[223,"Stunfisk",0.0059,17,0.008],[224,"Sneasel",0.00581,68,0.033],[225,"Hitmontop",0.0058,99,0.048],[226,"Doublade",0.0056,96,0.047],[227,"Thwackey",0.00549,34,0.016],[228,"Exeggutor-Alola",0.00544,49,