{"total":215504,"data":{"header":["Rank","Pokemon","Usage Percentage","Usage Raw","Usage Raw Percentage"],"rows":[[1,"Azelf",4.58105,9762,4.53],[2,"Victini",4.4208,6724,3.12],[3,"Krookodile",4.18398,6611,3.068],[4,"Mew",2.86646,6299,2.923],[5,"Zeraora",2.84746,5477,2.541],[6,"Rotom-Wash",2.81615,5841,2.71],[7,"Hydreigon",2.63184,3191,1.481],[8,"Scizor",2.53938,4121,1.912],[9,"Kommo-o",2.51071,3611,1.676],[10,"Hippowdon",2.3857,5391,2.502],[11,"Mamoswine",2.25031,5041,2.339],[12,"Shuckle",2.14188,2562,1.189],[13,"Jirachi",2.13828,3486,1.618],[14,"Keldeo",2.01587,2823,1.31],[15,"Azumarill",1.93582,2533,1.175],[16,"Incineroar",1.85557,4515,2.095],[17,"Rotom-Heat",1.85151,3297,1.53],[18,"Tapu Lele",1.77002,2895,1.343],[19,"Hatterene",1.6646,3737,1.734],[20,"Aegislash",1.5954,2354,1.092],[21,"Ninetales-Alola",1.49108,1994,0.925],[22,"Torkoal",1.48726,3666,1.701],[23,"Magnezone",1.41175,2464,1.143],[24,"Primarina",1.39542,1867,0.866],[25,"Politoed",1.37128,1981,0.919],[26,"Terrakion",1.34056,1522,0.706],[27,"Tapu Bulu",1.27394,1639,0.761],[28,"Cobalion",1.25878,2749,1.276],[29,"Nihilego",1.22812,2867,1.33],[30,"Nidoqueen",1.21993,1030,0.478],[31,"Volcanion",1.1227,1970,0.914],[32,"Seismitoad",1.07753,1238,0.574],[33,"Thundurus-Therian",1.06688,2771,1.286],[34,"Lycanroc-Dusk",1.06307,1392,0.646],[35,"Ribombee",1.06191,2493,1.157],[36,"Grimmsnarl",0.93753,2329,1.081],[37,"Skarmory",0.93083,3419,1.587],[38,"Amoonguss",0.92041,1712,0.794],[39,"Celesteela",0.89351,1786,0.829],[40,"Araquanid",0.88964,2969,1.378],[41,"Crawdaunt",0.84216,2055,0.954],[42,"Bisharp",0.82108,1766,0.819],[43,"Salamence",0.79033,1754,0.814],[44,"Tentacruel",0.76286,1502,0.697],[45,"Gengar",0.69332,1007,0.467],[46,"Latias",0.62679,1009,0.468],[47,"Darmanitan",0.61721,1673,0.776],[48,"Mienshao",0.61469,1563,0.725],[49,"Tangrowth",0.56218,573,0.266],[50,"Slowking-Galar",0.55607,707,0.328],[51,"Klefki",0.54122,1954,0.907],[52,"Uxie",0.50908,1260,0.585],[53,"Volcarona",0.46696,1645,0.763],[54,"Zarude",0.43933,880,0.408],[55,"Aerodactyl",0.43893,1575,0.731],[56,"Stakataka",0.42225,1427,0.662],[57,"Togekiss",0.42166,704,0.327],[58,"Regidrago",0.41218,1457,0.676],[59,"Marowak-Alola",0.40838,1184,0.549],[60,"Diggersby",0.38667,538,0.25],[61,"Chansey",0.38203,1335,0.619],[62,"Noivern",0.37212,773,0.359],[63,"Alakazam",0.35075,1166,0.541],[64,"Zygarde-10%",0.34296,336,0.156],[65,"Bronzong",0.34133,1203,0.558],[66,"Rhyperior",0.33909,822,0.381],[67,"Slowking",0.33268,574,0.266],[68,"Kyurem",0.33176,338,0.157],[69,"Gyarados",0.32526,1201,0.557],[70,"Pyukumuku",0.30192,125,0.058],[71,"Diancie",0.27125,866,0.402],[72,"Roserade",0.24944,563,0.261],[73,"Moltres-Galar",0.23845,1101,0.511],[74,"Golisopod",0.23068,476,0.221],[75,"Weavile",0.22379,255,0.118],[76,"Rotom-Mow",0.21156,662,0.307],[77,"Conkeldurr",0.20944,804,0.373],[78,"Thundurus",0.20633,465,0.216],[79,"Obstagoon",0.20282,482,0.224],[80,"Raikou",0.19619,294,0.136],[81,"Gardevoir",0.19426,385,0.179],[82,"Golurk",0.18873,286,0.133],[83,"Chandelure",0.18812,666,0.309],[84,"Flygon",0.18268,714,0.331],[85,"Suicune",0.18169,309,0.143],[86,"Glastrier",0.18153,671,0.311],[87,"Galvantula",0.18095,1823,0.846],[88,"Tsareena",0.18014,473,0.219],[89,"Porygon2",0.17848,652,0.303],[90,"Steelix",0.16977,622,0.289],[91,"Durant",0.16594,243,0.113],[92,"Entei",0.16487,318,0.148],[93,"Metagross",0.16227,947,0.439],[94,"Cloyster",0.15965,1042,0.484],[95,"Vikavolt",0.15436,381,0.177],[96,"Salazzle",0.14821,329,0.153],[97,"Xurkitree",0.14816,345,0.16],[98,"Blacephalon",0.14751,206,0.096],[99,"Kabutops",0.14746,232,0.108],[100,"Gastrodon",0.13857,240,0.111],[101,"Whimsicott",0.12834,272,0.126],[102,"Machamp",0.11856,267,0.124],[103,"Crobat",0.11096,473,0.219],[104,"Cinccino",0.10946,202,0.094],[105,"Cresselia",0.10578,442,0.205],[106,"Nidoking",0.09326,115,0.053],[107,"Archeops",0.09249,373,0.173],[108,"Necrozma",0.0907,225,0.104],[109,"Froslass",0.08992,450,0.209],[110,"Runerigus",0.08983,391,0.181],[111,"Aurorus",0.08912,360,0.167],[112,"Quagsire",0.08823,122,0.057],[113,"Weezing-Galar",0.08722,398,0.185],[114,"Heliolisk",0.0869,507,0.235],[115,"Haxorus",0.08474,356,0.165],[116,"Starmie",0.08345,293,0.136],[117,"Slurpuff",0.0828,436,0.202],[118,"Sirfetch'd",0.08045,200,0.093],[119,"Talonflame",0.07578,336,0.156],[120,"Reuniclus",0.07476,180,0.084],[121,"Gigalith",0.07433,240,0.111],[122,"Espeon",0.07368,382,0.177],[123,"Toxtricity",0.07367,279,0.129],[124,"Decidueye",0.06924,130,0.06],[125,"Scolipede",0.06877,485,0.225],[126,"Slowbro-Galar",0.06783,253,0.117],[127,"Mimikyu",0.06774,411,0.191],[128,"Venusaur",0.06764,292,0.135],[129,"Registeel",0.06745,422,0.196],[130,"Articuno-Galar",0.0646,231,0.107],[131,"Sharpedo",0.06379,315,0.146],[132,"Sylveon",0.06338,238,0.11],[133,"Pincurchin",0.06074,307,0.142],[134,"Scyther",0.06019,341,0.158],[135,"Regirock",0.05917,252,0.117],[136,"Comfey",0.05889,94,0.044],[137,"Celebi",0.05431,395,0.183],[138,"Dhelmise",0.05326,231,0.107],[139,"Pangoro",0.05248,121,0.056],[140,"Claydol",0.05135,201,0.093],[141,"Toxicroak",0.05089,101,0.047],[142,"Corsola-Galar",0.04982,329,0.153],[143,"Lycanroc",0.04928,216,0.1],[144,"Polteageist",0.04906,415,0.193],[145,"Ditto",0.0468,147,0.068],[146,"Ninjask",0.04463,91,0.042],[147,"Copperajah",0.03997,187,0.087],[148,"Ninetales",0.03917,501,0.232],[149,"Arcanine",0.03817,323,0.15],[150,"Boltund",0.0368,70,0.032],[151,"Dragalge",0.0357,161,0.075],[152,"Xatu",0.03548,182,0.084],[153,"Tyrantrum",0.03537,221,0.103],[154,"Porygon-Z",0.03536,393,0.182],[155,"Hitmontop",0.03423,110,0.051],[156,"Dracozolt",0.03406,110,0.051],[157,"Blastoise",0.03365,253,0.117],[158,"Goodra",0.03328,153,0.071],[159,"Charizard",0.03249,194,0.09],[160,"Electivire",0.03021,76,0.035],[161,"Kingdra",0.02925,107,0.05],[162,"Miltank",0.029,39,0.018],[163,"Indeedee",0.02859,215,0.1],[164,"Palossand",0.02829,200,0.093],[165,"Druddigon",0.02702,287,0.133],[166,"Abomasnow",0.02596,236,0.11],[167,"Heracross",0.02552,183,0.085],[168,"Hitmonlee",0.02546,104,0.048],[169,"Meowstic",0.0248,76,0.035],[170,"Tornadus",0.02421,116,0.054],[171,"Centiskorch",0.02417,101,0.047],[172,"Barraskewda",0.02361,35,0.016],[173,"Silvally",0.02342,7,0.003],[174,"Vanilluxe",0.0225,72,0.033],[175,"Zoroark",0.02231,267,0.124],[176,"Sudowoodo",0.0221,40,0.019],[177,"Jynx",0.0211,43,0.02],[178,"Coalossal",0.01865,109,0.051],[179,"Accelgor",0.01816,350,0.162],[180,"Carracosta",0.01748,50,0.023],[181,"Barbaracle",0.01699,98,0.045],[182,"Wartortle",0.01696,158,0.073],[183,"Tauros",0.01696,119,0.055],[184,"Arctozolt",0.01678,49,0.023],[185,"Omastar",0.01676,156,0.072],[186,"Jolteon",0.01676,486,0.226],[187,"Malamar",0.01667,293,0.136],[188,"Snorlax",0.01644,223,0.103],[189,"Milotic",0.01631,180,0.084],[190,"Crustle",0.01553,109,0.051],[191,"Braviary",0.0154,132,0.061],[192,"Inteleon",0.01531,197,0.091],[193,"Eiscue",0.01503,34,0.016],[194,"Mantine",0.01488,80,0.037],[195,"Magneton",0.01436,127,0.059],[196,"Dugtrio",0.01393,140,0.065],[197,"Carbink",0.01366,115,0.053],[198,"Rotom-Frost",0.01313,58,0.027],[199,"Qwilfish",0.01254,314,0.146],[200,"Passimian",0.01243,35,0.016],[201,"Vileplume",0.01231,90,0.042],[202,"Liepard",0.01228,155,0.072],[203,"Morpeko",0.01207,132,0.061],[204,"Turtonator",0.01197,33,0.015],[205,"Bewear",0.01162,61,0.028],[206,"Jellicent",0.01152,55,0.026],[207,"Buzzwole",0.0115,24,0.011],[208,"Guzzlord",0.01059,27,0.013],[209,"Lucario",0.01046,258,0.12],[210,"Piloswine",0.00978,40,0.019],[211,"Wailord",0.00952,45,0.021],[212,"Dusclops",0.00952,73,0.034],[213,"Dwebble",0.00885,11,0.005],[214,"Rhydon",0.00867,58,0.027],[215,"Solosis",0.00855,9,0.004],[216,"Mesprit",0.00854,30,0.014],[217,"Indeedee-F",0.00848,48,0.022],[218,"Articuno",0.00819,40,0.019],[219,"Armaldo",0.00781,56,0.026],[220,"Wishiwashi",0.0075,22,0.01],[221,"Cursola",0.00735,48,0.022],[222,"Sandslash-Alola",0.00707,37,0.017],[223,"Pikachu",0.00664,154,0.071],[224,"Sceptile",0.00639,127,0.059],[225,"Umbreon",0.00637,278,0.129],[226,"Falinks",0.00635,41,0.019],[227,"Sandaconda",