{"total":284086,"data":{"header":["Rank","Pokemon","Usage Percentage","Usage Raw","Usage Raw Percentage"],"rows":[[1,"Mamoswine",5.57392,13845,4.874],[2,"Araquanid",4.90475,13400,4.717],[3,"Heliolisk",3.51311,8321,2.929],[4,"Ribombee",3.21856,9535,3.356],[5,"Bronzong",2.83874,7799,2.745],[6,"Duraludon",2.82752,7135,2.512],[7,"Noivern",2.80909,6826,2.403],[8,"Weezing-Galar",2.69448,6936,2.442],[9,"Chandelure",2.43552,6387,2.248],[10,"Roserade",2.4096,6478,2.28],[11,"Sirfetch'd",2.3644,6060,2.133],[12,"Hippowdon",2.18302,6220,2.189],[13,"Corsola-Galar",2.12376,6516,2.294],[14,"Inteleon",2.11202,5656,1.991],[15,"Drapion",2.08343,6130,2.158],[16,"Torkoal",1.80067,5140,1.809],[17,"Rhyperior",1.76899,4651,1.637],[18,"Golisopod",1.7627,4430,1.559],[19,"Weavile",1.69674,4749,1.672],[20,"Diggersby",1.67451,4050,1.426],[21,"Milotic",1.61646,4099,1.443],[22,"Haxorus",1.58977,4011,1.412],[23,"Flygon",1.56604,4334,1.526],[24,"Braviary",1.51762,4020,1.415],[25,"Gardevoir",1.4025,3558,1.252],[26,"Cramorant",1.3953,4540,1.598],[27,"Galvantula",1.39109,4421,1.556],[28,"Morpeko",1.38794,4267,1.502],[29,"Espeon",1.36224,4413,1.553],[30,"Claydol",1.2909,4319,1.52],[31,"Durant",1.26993,3479,1.225],[32,"Coalossal",1.20404,3863,1.36],[33,"Dracozolt",1.08908,2573,0.906],[34,"Arcanine",1.02104,3181,1.12],[35,"Tsareena",0.98191,2522,0.888],[36,"Centiskorch",0.93616,2778,0.978],[37,"Copperajah",0.85883,2778,0.978],[38,"Vaporeon",0.84373,2151,0.757],[39,"Polteageist",0.793,3116,1.097],[40,"Lucario",0.77123,2541,0.894],[41,"Vikavolt",0.75813,1729,0.609],[42,"Froslass",0.74513,1987,0.699],[43,"Shuckle",0.71825,2499,0.88],[44,"Reuniclus",0.71115,1905,0.671],[45,"Gigalith",0.69163,1655,0.583],[46,"Barraskewda",0.68128,2191,0.771],[47,"Machamp",0.66047,1642,0.578],[48,"Ninetales",0.65109,2347,0.826],[49,"Doublade",0.63456,1764,0.621],[50,"Salazzle",0.60401,1600,0.563],[51,"Runerigus",0.5703,2173,0.765],[52,"Umbreon",0.56854,1797,0.633],[53,"Accelgor",0.51549,1449,0.51],[54,"Pangoro",0.46944,1095,0.385],[55,"Indeedee",0.46301,1365,0.48],[56,"Passimian",0.43092,995,0.35],[57,"Frosmoth",0.42204,1409,0.496],[58,"Vanilluxe",0.39819,1177,0.414],[59,"Crustle",0.37565,969,0.341],[60,"Jolteon",0.35804,1138,0.401],[61,"Sigilyph",0.34306,866,0.305],[62,"Escavalier",0.32095,829,0.292],[63,"Cinccino",0.31098,1307,0.46],[64,"Whimsicott",0.29687,1020,0.359],[65,"Steelix",0.29007,899,0.316],[66,"Avalugg",0.28345,857,0.302],[67,"Barbaracle",0.27453,708,0.249],[68,"Sableye",0.25887,792,0.279],[69,"Mantine",0.25404,741,0.261],[70,"Rillaboom",0.24799,691,0.243],[71,"Xatu",0.2451,785,0.276],[72,"Orbeetle",0.23002,946,0.333],[73,"Jellicent",0.20944,540,0.19],[74,"Gallade",0.20932,478,0.168],[75,"Toxicroak",0.19733,565,0.199],[76,"Slurpuff",0.19683,555,0.195],[77,"Charizard",0.19605,664,0.234],[78,"Rotom-Fan",0.1923,531,0.187],[79,"Rotom",0.18687,434,0.153],[80,"Dhelmise",0.174,427,0.15],[81,"Boltund",0.17333,611,0.215],[82,"Goodra",0.17136,527,0.186],[83,"Qwilfish",0.16629,624,0.22],[84,"Sandaconda",0.16068,534,0.188],[85,"Gastrodon",0.15647,491,0.173],[86,"Abomasnow",0.15171,587,0.207],[87,"Cofagrigus",0.14925,525,0.185],[88,"Cursola",0.14611,437,0.154],[89,"Snorlax",0.14388,589,0.207],[90,"Silvally-Steel",0.13666,290,0.102],[91,"Rotom-Frost",0.12952,364,0.128],[92,"Silvally-Ghost",0.11783,264,0.093],[93,"Hitmontop",0.10749,323,0.114],[94,"Kingler",0.10675,392,0.138],[95,"Mudsdale",0.10639,531,0.187],[96,"Ludicolo",0.1003,377,0.133],[97,"Swoobat",0.09705,583,0.205],[98,"Quagsire",0.09705,348,0.122],[99,"Butterfree",0.09574,564,0.199],[100,"Vileplume",0.0946,279,0.098],[101,"Rotom-Mow",0.09297,220,0.077],[102,"Ninjask",0.09216,467,0.164],[103,"Hitmonlee",0.0912,416,0.146],[104,"Ferroseed",0.08831,242,0.085],[105,"Bewear",0.08814,231,0.081],[106,"Malamar",0.08764,362,0.127],[107,"Manectric",0.08395,237,0.083],[108,"Scrafty",0.08092,276,0.097],[109,"Lapras",0.07992,285,0.1],[110,"Pyukumuku",0.07929,394,0.139],[111,"Togedemaru",0.07414,234,0.082],[112,"Lanturn",0.07368,314,0.111],[113,"Pincurchin",0.07275,350,0.123],[114,"Dusclops",0.07213,277,0.098],[115,"Flapple",0.06786,262,0.092],[116,"Golurk",0.06751,305,0.107],[117,"Perrserker",0.06606,223,0.078],[118,"Silvally-Fairy",0.06475,169,0.059],[119,"Eldegoss",0.06346,230,0.081],[120,"Eiscue",0.05869,268,0.094],[121,"Drifblim",0.05819,206,0.073],[122,"Drampa",0.0577,158,0.056],[123,"Meowstic",0.0547,171,0.06],[124,"Mr. Rime",0.05401,240,0.084],[125,"Liepard",0.05174,214,0.075],[126,"Indeedee-F",0.05147,219,0.077],[127,"Turtonator",0.051,187,0.066],[128,"Mawile",0.05031,160,0.056],[129,"Stonjourner",0.04673,175,0.062],[130,"Appletun",0.04587,198,0.07],[131,"Falinks",0.04512,252,0.089],[132,"Hitmonchan",0.04368,151,0.053],[133,"Shiftry",0.04346,181,0.064],[134,"Clefairy",0.04254,97,0.034],[135,"Arctovish",0.0417,150,0.053],[136,"Grapploct",0.04132,256,0.09],[137,"Aromatisse",0.04094,138,0.049],[138,"Garbodor",0.04002,243,0.086],[139,"Silvally",0.03967,135,0.048],[140,"Rhydon",0.03952,158,0.056],[141,"Flareon",0.03832,189,0.067],[142,"Trevenant",0.03608,258,0.091],[143,"Shedinja",0.03587,166,0.058],[144,"Rapidash-Galar",0.035,166,0.058],[145,"Cloyster",0.03422,108,0.038],[146,"Arctozolt",0.0326,104,0.037],[147,"Gurdurr",0.0325,116,0.041],[148,"Alcremie",0.0325,159,0.056],[149,"Leafeon",0.03243,139,0.049],[150,"Linoone-Galar",0.03213,153,0.054],[151,"Persian",0.03184,108,0.038],[152,"Morgrem",0.03124,99,0.035],[153,"Drednaw",0.03067,129,0.045],[154,"Dubwool",0.03036,163,0.057],[155,"Trapinch",0.02791,62,0.022],[156,"Stunfisk-Galar",0.02782,148,0.052],[157,"Vespiquen",0.02767,101,0.036],[158,"Piloswine",0.02752,99,0.035],[159,"Unfezant",0.0271,115,0.04],[160,"Raichu",0.02678,144,0.051],[161,"Glaceon",0.02502,151,0.053],[162,"Charjabug",0.02468,85,0.03],[163,"Onix",0.024,115,0.04],[164,"Klinklang",0.02323,98,0.034],[165,"Pikachu",0.02186,100,0.035],[166,"Thievul",0.02186,109,0.038],[167,"Basculin",0.02159,90,0.032],[168,"Shiinotic",0.02156,90,0.032],[169,"Dusknoir",0.02121,131,0.046],[170,"Togetic",0.02064,130,0.046],[171,"Type: Null",0.02057,76,0.027],[172,"Mr. Mime-Galar",0.02025,106,0.037],[173,"Silvally-Dark",0.01984,40,0.014],[174,"Silvally-Water",0.01963,67,0.024],[175,"Diglett",0.01942,77,0.027],[176,"Carkol",0.01818,83,0.029],[177,"Skuntank",0.01595,86,0.03],[178,"Silvally-Ground",0.01559,52,0.018],[179,"Sawk",0.0155,71,0.025],[180,"Solrock",0.01482,56,0.02],[181,"Greedent",0.01472,71,0.025],[182,"Lunatone",0.01376,36,0.013],[183,"Slowpoke-Galar",0.0137,88,0.031],[184,"Octillery",0.01366,70,0.025],[185,"Sudowoodo",0.01355,39,0.014],[186,"Cottonee",0.01164,63,0.022],[187,"Maractus",0.01152,58,0.02],[188,"Swirlix",0.01093,51,0.018],[189,"Bellossom",0.01019,38,0.013],[190,"Gourgeist-Super",0.01003,34,0.012],[191,"Roselia",0.00955,43,0.015],[192,"Haunter",0.00933,35,0.012],[193,"Delibird",0.00917,39,0.014],[194,"Whiscash",0.00884,56,0.02],[195,"Silvally-Flying",0.00821,19,0.007],[196,"Noctowl",0.00797,38,0.013],[197,"Silvally-Poison",0.00782,23,0.008],[198,"Silvally-Electric",0.00747,20,0.007],[199,"Remoraid",0.00731,19,0.007],[200,"Musharna",0.00707,39,0.014],[201,"Wailord",0.0068,41,0.014],[202,"Wishiwashi",0.00657,19,0.007],[203,"Sneasel",0.00653,29,0.01],[204,"Duskull",0.00559,9,0.003],[205,"Dwebble",0.0052,34,0.012],[206,"Oranguru",0.00511,24,0.008],[207,"Skorupi",0.005,23,0.008],[208,"Silvally-Fire",0.00489,20,0.007],[209,"Solosis",0.00459,9,0.003],[210,"Hattrem",0.00422,14,0.005],[211,"Throh",0.00408,22,0.008],[212,"Gourgeist-Small",0.00407,27,0.01],[213,"Drakloak",0.00406,19,0.007],[214,"Beartic",0.00394,14,0.005],[215,"Wobbuffet",0.00388,22,0.008],[216,"Beheeyem",0.00382,15,0.005],[217,"Raboot",0.00379,19,0.007],[218,"Pawniard",0.00379,8,0.003],[219,"Silvally-Fighting",0.00368,15,0.005],[220,"Swinub",0.00367,10,0.004],[221,"Mr. Mime",0.00365,20,0.007],[222,"Dottler",0.00357,13,0.005],[223,"Duosion",0.00336,48,0.017],[224,"Gothitelle",0.00323,16,0.006],[225,"Silvally-Bug",0.00317,10,0.004],[226,"Silvally-Rock",0.00312,11,0.004],[227,"Eevee",0.00302,