{"total":24615,"weight":0.061,"data":{"header":["Rank","Pokemon","Usage Percentage","Usage Raw","Usage Raw Percentage","Usage Real","Usage Real Percentage"],"rows":[[1,"Cobalion",24.97222,7750,15.742,6605,16.987],[2,"Noivern",24.13883,8566,17.4,6604,16.984],[3,"Rotom-Wash",22.44934,9457,19.21,8235,21.179],[4,"Mimikyu",20.92079,6173,12.539,4660,11.984],[5,"Sylveon",20.5808,7406,15.044,5686,14.623],[6,"Slowbro-Galar",20.27237,4684,9.515,3802,9.778],[7,"Incineroar",16.86148,6792,13.796,5790,14.891],[8,"Necrozma",16.7597,3539,7.189,2685,6.905],[9,"Zarude",15.7312,5448,11.066,4472,11.501],[10,"Bisharp",14.83079,8383,17.028,6421,16.513],[11,"Slowbro",13.66241,5076,10.311,4119,10.593],[12,"Weezing-Galar",13.25038,6542,13.289,5500,14.145],[13,"Chandelure",11.60608,7207,14.639,5534,14.232],[14,"Terrakion",11.48898,4972,10.1,3809,9.796],[15,"Marowak-Alola",11.41868,3641,7.396,2855,7.342],[16,"Mamoswine",11.37927,6233,12.661,5002,12.864],[17,"Cloyster",11.30531,5606,11.387,4154,10.683],[18,"Sharpedo",10.54863,3120,6.338,2276,5.853],[19,"Keldeo",10.35882,5804,11.79,4527,11.642],[20,"Bronzong",9.58609,1895,3.849,1701,4.375],[21,"Krookodile",9.0442,6449,13.1,5274,13.564],[22,"Tentacruel",8.71029,4057,8.241,3382,8.698],[23,"Flygon",8.41607,5234,10.632,4081,10.495],[24,"Araquanid",8.32411,5856,11.895,5073,13.047],[25,"Rotom-Mow",8.13806,3679,7.473,2988,7.684],[26,"Obstagoon",7.09147,4006,8.137,3153,8.109],[27,"Roserade",7.0597,4474,9.088,3546,9.12],[28,"Mienshao",6.7515,4702,9.551,3869,9.95],[29,"Talonflame",6.61591,4003,8.131,3108,7.993],[30,"Golisopod",6.20064,1478,3.002,1269,3.264],[31,"Chansey",6.17303,4612,9.368,3482,8.955],[32,"Polteageist",6.0859,3654,7.422,2594,6.671],[33,"Malamar",5.86994,712,1.446,564,1.45],[34,"Porygon-Z",5.61038,4026,8.178,3049,7.841],[35,"Umbreon",5.49002,1561,3.171,1263,3.248],[36,"Doublade",5.48638,3858,7.837,3110,7.998],[37,"Grimmsnarl",5.35794,3941,8.005,3359,8.639],[38,"Scyther",5.34269,3760,7.638,2926,7.525],[39,"Darmanitan",5.31138,5651,11.479,4367,11.231],[40,"Dhelmise",5.14351,653,1.326,484,1.245],[41,"Froslass",5.09413,857,1.741,766,1.97],[42,"Klefki",5.05298,1690,3.433,1513,3.891],[43,"Palossand",5.02525,1953,3.967,1610,4.141],[44,"Celebi",5.00177,3621,7.355,2792,7.18],[45,"Tsareena",4.75796,3147,6.392,2408,6.193],[46,"Heliolisk",4.68894,1791,3.638,1427,3.67],[47,"Barbaracle",4.42906,528,1.073,426,1.096],[48,"Starmie",4.32642,3106,6.309,2361,6.072],[49,"Slurpuff",3.9745,1653,3.358,1244,3.199],[50,"Ribombee",3.71427,1357,2.756,1188,3.055],[51,"Sirfetch'd",3.61232,1267,2.574,1017,2.615],[52,"Reuniclus",3.52155,2445,4.966,1810,4.655],[53,"Arctozolt",3.20677,617,1.253,536,1.378],[54,"Copperajah",3.20614,799,1.623,676,1.739],[55,"Vanilluxe",3.04859,766,1.556,685,1.762],[56,"Dragalge",2.94639,780,1.584,652,1.677],[57,"Blastoise",2.80161,947,1.924,705,1.813],[58,"Mudsdale",2.79883,447,0.908,391,1.006],[59,"Slowking",2.68467,1952,3.965,1589,4.087],[60,"Steelix",2.67966,1066,2.165,934,2.402],[61,"Torkoal",2.35776,1364,2.771,1273,3.274],[62,"Salazzle",2.32927,1299,2.639,1016,2.613],[63,"Espeon",2.24662,1898,3.855,1450,3.729],[64,"Pyukumuku",2.21237,340,0.691,264,0.679],[65,"Raichu-Alola",2.21186,973,1.976,775,1.993],[66,"Porygon2",2.21168,1050,2.133,864,2.222],[67,"Pincurchin",2.19642,666,1.353,601,1.546],[68,"Dusclops",2.16533,405,0.823,343,0.882],[69,"Indeedee",2.1652,1270,2.58,950,2.443],[70,"Lucario",2.05526,2211,4.491,1681,4.323],[71,"Gardevoir",1.8381,1418,2.88,1017,2.615],[72,"Gigalith",1.82101,828,1.682,737,1.895],[73,"Heracross",1.81333,1635,3.321,1287,3.31],[74,"Shiftry",1.62523,978,1.987,787,2.024],[75,"Golurk",1.61899,1146,2.328,925,2.379],[76,"Gastrodon",1.61,428,0.869,344,0.885],[77,"Centiskorch",1.58197,597,1.213,433,1.114],[78,"Comfey",1.57946,677,1.375,510,1.312],[79,"Arcanine",1.4144,1537,3.122,1221,3.14],[80,"Decidueye",1.36546,400,0.813,310,0.797],[81,"Zoroark",1.15911,1135,2.306,452,1.162],[82,"Snorlax",1.13429,866,1.759,679,1.746],[83,"Cursola",1.11773,300,0.609,217,0.558],[84,"Sigilyph",1.11312,706,1.434,508,1.306],[85,"Pangoro",1.09192,501,1.018,406,1.044],[86,"Shuckle",1.07112,946,1.922,879,2.261],[87,"Seismitoad",1.02633,699,1.42,626,1.61],[88,"Jolteon",0.9714,992,2.015,770,1.98],[89,"Barraskewda",0.9626,763,1.55,626,1.61],[90,"Druddigon",0.9562,682,1.385,615,1.582],[91,"Passimian",0.94915,287,0.583,246,0.633],[92,"Frosmoth",0.92724,487,0.989,390,1.003],[93,"Avalugg",0.91963,340,0.691,271,0.697],[94,"Bewear",0.83824,221,0.449,168,0.432],[95,"Coalossal",0.82796,518,1.052,443,1.139],[96,"Galvantula",0.8271,1307,2.655,1175,3.022],[97,"Arctovish",0.78635,264,0.536,196,0.504],[98,"Milotic",0.78283,1304,2.649,1077,2.77],[99,"Shedinja",0.77115,225,0.457,184,0.473],[100,"Lycanroc",0.76753,557,1.131,519,1.335],[101,"Abomasnow",0.75968,394,0.8,327,0.841],[102,"Toxicroak",0.69739,807,1.639,644,1.656],[103,"Linoone",0.69697,464,0.943,321,0.826],[104,"Machamp",0.69035,789,1.603,628,1.615],[105,"Hitmontop",0.67732,291,0.591,237,0.61],[106,"Braviary",0.67441,495,1.005,373,0.959],[107,"Vikavolt",0.63538,445,0.904,381,0.98],[108,"Ninetales",0.62347,755,1.534,593,1.525],[109,"Eldegoss",0.57915,138,0.28,116,0.298],[110,"Exploud",0.54797,398,0.808,305,0.784],[111,"Claydol",0.53688,591,1.2,471,1.211],[112,"Corsola-Galar",0.5255,614,1.247,496,1.276],[113,"Charizard",0.5223,878,1.783,686,1.764],[114,"Xatu",0.51763,458,0.93,365,0.939],[115,"Inteleon",0.49171,580,1.178,446,1.147],[116,"Hitmonlee",0.46254,650,1.32,461,1.186],[117,"Goodra",0.45587,1556,3.161,1177,3.027],[118,"Cinccino",0.42688,463,0.94,374,0.962],[119,"Flapple",0.41592,255,0.518,175,0.45],[120,"Scrafty",0.40362,353,0.717,271,0.697],[121,"Whimsicott",0.39806,414,0.841,337,0.867],[122,"Vileplume",0.37096,531,1.079,413,1.062],[123,"Drapion",0.3708,506,1.028,403,1.036],[124,"Jellicent",0.32677,353,0.717,277,0.712],[125,"Escavalier",0.31124,510,1.036,418,1.075],[126,"Runerigus",0.30994,514,1.044,404,1.039],[127,"Crustle",0.30603,282,0.573,205,0.527],[128,"Ninjask",0.29412,256,0.52,216,0.556],[129,"Turtonator",0.28931,308,0.626,249,0.64],[130,"Magneton",0.26445,370,0.752,301,0.774],[131,"Mantine",0.26303,527,1.07,412,1.06],[132,"Kingdra",0.26167,470,0.955,378,0.972],[133,"Vaporeon",0.25764,536,1.089,432,1.111],[134,"Accelgor",0.21572,367,0.745,321,0.826],[135,"Butterfree",0.21467,79,0.16,62,0.159],[136,"Clawitzer",0.21212,180,0.366,139,0.357],[137,"Gallade",0.20993,414,0.841,252,0.648],[138,"Rotom-Frost",0.19707,88,0.179,76,0.195],[139,"Miltank",0.17604,193,0.392,159,0.409],[140,"Virizion",0.17532,308,0.626,255,0.656],[141,"Quagsire",0.16813,611,1.241,498,1.281],[142,"Cofagrigus",0.16764,295,0.599,237,0.61],[143,"Leafeon",0.16461,337,0.685,252,0.648],[144,"Sandslash-Alola",0.14146,142,0.288,108,0.278],[145,"Thwackey",0.13696,157,0.319,132,0.339],[146,"Orbeetle",0.12303,135,0.274,122,0.314],[147,"Kadabra",0.12036,50,0.102,31,0.08],[148,"Silvally-Fairy",0.11607,141,0.286,110,0.283],[149,"Meowstic",0.11606,124,0.252,87,0.224],[150,"Sableye",0.11368,208,0.423,156,0.401],[151,"Grapploct",0.11148,67,0.136,56,0.144],[152,"Binacle",0.1041,31,0.063,15,0.039],[153,"Sneasel",0.10395,91,0.185,68,0.175],[154,"Silvally-Ghost",0.10245,64,0.13,44,0.113],[155,"Swoobat",0.09591,211,0.429,164,0.422],[156,"Trevenant",0.09591,189,0.384,146,0.375],[157,"Luxray",0.09582,356,0.723,249,0.64],[158,"Dusknoir",0.09549,140,0.284,116,0.298],[159,"Eiscue",0.09511,266,0.54,175,0.45],[160,"Combusken",0.09155,15,0.03,13,0.033],[161,"Exeggutor",0.08717,197,0.4,125,0.321],[162,"Shiinotic",0.08671,64,0.13,58,0.149],[163,"Garbodor",0.08572,94,0.191,86,0.221],[164,"Drampa",0.08528,315,0.64,202,0.519],[165,"Rhydon",0.08122,121,0.246,98,0.252],[166,"Tauros",0.07401,203,0.412,148,0.381],[167,"Rotom-Fan",0.07025,113,0.23,87,0.224],[168,"Ludicolo",0.06542,56,0.114,45,0.116],[169,"Duraludon",0.06426,328,0.666,244,0.628],[170,"Poliwrath",0.06414,199,0.404,157,0.404],[171,"Silvally-Steel",0.05883,107,0.217,93,0.239],[172,"Togedemaru",0.05743,250,0.508,208,0.535],[173,"Drifblim",0.05715,332,0.674,235,0.604],[174,