{"total":41633,"weight":0.532,"data":{"header":["Rank","Pokemon","Usage Percentage","Usage Raw","Usage Raw Percentage","Usage Real","Usage Real Percentage"],"rows":[[1,"Incineroar",30.09867,22650,27.202,19739,29.366],[2,"Noivern",22.8298,18252,21.92,14462,21.515],[3,"Cobalion",19.9411,15082,18.113,12430,18.492],[4,"Sylveon",18.81573,14611,17.547,11565,17.205],[5,"Rotom-Wash",17.64798,13910,16.705,12165,18.098],[6,"Rillaboom",17.41485,12594,15.125,10530,15.666],[7,"Toxtricity",15.86663,13246,15.908,10367,15.423],[8,"Flygon",15.75628,13614,16.35,10612,15.788],[9,"Darmanitan",15.13239,12407,14.9,9921,14.76],[10,"Keldeo",14.58815,10445,12.544,8377,12.462],[11,"Rhyperior",13.85462,11219,13.474,9384,13.961],[12,"Weezing-Galar",13.83652,11412,13.705,9423,14.019],[13,"Necrozma",12.43567,8943,10.74,6738,10.024],[14,"Roserade",12.40717,10101,12.131,8245,12.266],[15,"Bronzong",11.47863,9102,10.931,8137,12.105],[16,"Arcanine",11.04397,9770,11.733,7958,11.839],[17,"Chandelure",10.88511,9483,11.389,7320,10.89],[18,"Gardevoir",10.20661,8923,10.716,6754,10.048],[19,"Milotic",9.93448,9072,10.895,7469,11.112],[20,"Celebi",9.30204,7439,8.934,5913,8.797],[21,"Tsareena",8.99265,7546,9.063,5968,8.879],[22,"Lucario",8.8457,7630,9.163,5640,8.391],[23,"Espeon",8.80474,8225,9.878,6429,9.564],[24,"Araquanid",8.72948,7356,8.834,6444,9.587],[25,"Umbreon",8.36624,7399,8.886,5807,8.639],[26,"Polteageist",8.23664,6623,7.954,4751,7.068],[27,"Blastoise",7.99257,7109,8.538,5474,8.144],[28,"Heliolisk",7.76768,6822,8.193,5495,8.175],[29,"Golisopod",7.70595,6340,7.614,5162,7.68],[30,"Sirfetch'd",7.63936,6166,7.405,4764,7.087],[31,"Doublade",7.46789,6032,7.244,4702,6.995],[32,"Scyther",7.4415,5535,6.647,4502,6.698],[33,"Reuniclus",7.21965,5825,6.996,4641,6.904],[34,"Gigalith",6.97489,6023,7.233,5236,7.79],[35,"Pangoro",6.81694,5936,7.129,4760,7.081],[36,"Mantine",6.73371,5445,6.539,4487,6.675],[37,"Ribombee",6.56323,5716,6.865,4965,7.386],[38,"Machamp",6.02949,6065,7.284,4758,7.078],[39,"Barraskewda",5.7329,4795,5.759,3849,5.726],[40,"Ditto",5.30376,4884,5.866,3516,5.231],[41,"Indeedee",5.22591,3933,4.723,3149,4.685],[42,"Escavalier",5.14488,4513,5.42,3786,5.632],[43,"Xatu",4.90927,4193,5.036,3459,5.146],[44,"Vaporeon",4.61884,4113,4.94,3484,5.183],[45,"Inteleon",4.48164,4023,4.832,3075,4.575],[46,"Copperajah",4.31045,3351,4.024,2882,4.288],[47,"Goodra",4.01366,3586,4.307,2828,4.207],[48,"Slurpuff",3.9113,3009,3.614,2247,3.343],[49,"Barbaracle",3.77401,3262,3.918,2438,3.627],[50,"Snorlax",3.23779,2587,3.107,2095,3.117],[51,"Porygon2",3.00407,2336,2.805,1942,2.889],[52,"Corsola-Galar",2.94773,2559,3.073,2109,3.138],[53,"Claydol",2.92088,2214,2.659,1865,2.775],[54,"Galvantula",2.55669,2411,2.896,2181,3.245],[55,"Vileplume",2.54346,1991,2.391,1651,2.456],[56,"Gastrodon",2.46158,1923,2.309,1639,2.438],[57,"Steelix",2.44956,1750,2.102,1537,2.287],[58,"Pincurchin",2.43331,1962,2.356,1759,2.617],[59,"Torkoal",2.20675,2077,2.494,1886,2.806],[60,"Raichu-Alola",2.15464,1790,2.15,1397,2.078],[61,"Braviary",2.11613,1762,2.116,1418,2.11],[62,"Centiskorch",2.05195,1917,2.302,1560,2.321],[63,"Dhelmise",1.9409,1347,1.618,1128,1.678],[64,"Hitmonlee",1.94037,1673,2.009,1144,1.702],[65,"Rotom-Mow",1.8291,1421,1.707,1196,1.779],[66,"Jolteon",1.79335,1724,2.07,1420,2.113],[67,"Golurk",1.75201,1380,1.657,1144,1.702],[68,"Drapion",1.71786,1751,2.103,1462,2.175],[69,"Shiftry",1.71216,1473,1.769,1162,1.729],[70,"Accelgor",1.69662,1365,1.639,1259,1.873],[71,"Salazzle",1.68118,1700,2.042,1292,1.922],[72,"Charizard",1.59918,1570,1.886,1192,1.773],[73,"Cinccino",1.56145,1536,1.845,1242,1.848],[74,"Decidueye",1.5134,1329,1.596,1024,1.523],[75,"Runerigus",1.48351,1422,1.708,1232,1.833],[76,"Passimian",1.45415,1132,1.359,894,1.33],[77,"Duraludon",1.42125,1237,1.486,1018,1.514],[78,"Whimsicott",1.39749,1183,1.421,961,1.43],[79,"Quagsire",1.35234,1079,1.296,820,1.22],[80,"Coalossal",1.32616,1128,1.355,971,1.445],[81,"Morpeko",1.31706,1081,1.298,877,1.305],[82,"Toxicroak",1.31196,1130,1.357,909,1.352],[83,"Qwilfish",1.22116,761,0.914,693,1.031],[84,"Sigilyph",1.07796,1038,1.247,772,1.149],[85,"Bewear",1.07532,902,1.083,700,1.041],[86,"Hitmontop",1.04163,1021,1.226,817,1.215],[87,"Ninetales",1.00426,1000,1.201,825,1.227],[88,"Froslass",0.97066,672,0.807,619,0.921],[89,"Linoone",0.91606,869,1.044,612,0.91],[90,"Scrafty",0.90652,915,1.099,736,1.095],[91,"Cursola",0.88846,648,0.778,515,0.766],[92,"Magneton",0.86971,594,0.713,535,0.796],[93,"Mudsdale",0.76483,689,0.827,581,0.864],[94,"Frosmoth",0.73968,728,0.874,568,0.845],[95,"Vikavolt",0.7356,689,0.827,592,0.881],[96,"Jellicent",0.73056,583,0.7,487,0.725],[97,"Avalugg",0.69554,655,0.787,508,0.756],[98,"Sableye",0.63061,516,0.62,421,0.626],[99,"Vanilluxe",0.60962,466,0.56,403,0.6],[100,"Raboot",0.54687,516,0.62,398,0.592],[101,"Leafeon",0.54316,640,0.769,531,0.79],[102,"Sneasel",0.54096,487,0.585,368,0.547],[103,"Liepard",0.51891,478,0.574,378,0.562],[104,"Indeedee-F",0.51807,540,0.649,407,0.605],[105,"Togedemaru",0.51598,551,0.662,438,0.652],[106,"Dugtrio",0.51393,487,0.585,413,0.614],[107,"Gallade",0.49906,506,0.608,403,0.6],[108,"Aromatisse",0.47467,362,0.435,280,0.417],[109,"Meowstic",0.46827,465,0.558,385,0.573],[110,"Dugtrio-Alola",0.45002,523,0.628,441,0.656],[111,"Malamar",0.44664,623,0.748,458,0.681],[112,"Flareon",0.43105,531,0.638,438,0.652],[113,"Drampa",0.40586,417,0.501,322,0.479],[114,"Boltund",0.37722,380,0.456,270,0.402],[115,"Pelipper",0.37636,447,0.537,372,0.553],[116,"Dusknoir",0.35741,338,0.406,278,0.414],[117,"Rhydon",0.35628,400,0.48,336,0.5],[118,"Haunter",0.35379,283,0.34,204,0.303],[119,"Weezing",0.34872,263,0.316,224,0.333],[120,"Pyukumuku",0.34825,380,0.456,318,0.473],[121,"Silvally-Poison",0.34444,194,0.233,175,0.26],[122,"Sandaconda",0.34005,361,0.434,299,0.445],[123,"Pikachu",0.33983,308,0.37,255,0.379],[124,"Silvally-Fairy",0.33484,281,0.337,229,0.341],[125,"Ludicolo",0.33464,336,0.404,258,0.384],[126,"Alcremie",0.33294,342,0.411,247,0.367],[127,"Lunatone",0.31479,259,0.311,191,0.284],[128,"Drifblim",0.3143,285,0.342,232,0.345],[129,"Dusclops",0.31407,350,0.42,287,0.427],[130,"Virizion",0.30531,311,0.374,242,0.36],[131,"Shedinja",0.30136,294,0.353,227,0.338],[132,"Morgrem",0.2943,195,0.234,183,0.272],[133,"Flapple",0.29115,328,0.394,242,0.36],[134,"Persian-Alola",0.27499,304,0.365,287,0.427],[135,"Rapidash-Galar",0.27488,255,0.306,173,0.257],[136,"Turtonator",0.27451,279,0.335,226,0.336],[137,"Lanturn",0.27064,270,0.324,231,0.344],[138,"Stunfisk-Galar",0.26815,215,0.258,187,0.278],[139,"Rotom-Fan",0.25734,223,0.268,189,0.281],[140,"Swoobat",0.2571,300,0.36,228,0.339],[141,"Lapras",0.25562,333,0.4,272,0.405],[142,"Appletun",0.25523,310,0.372,261,0.388],[143,"Cramorant",0.24832,304,0.365,257,0.382],[144,"Abomasnow",0.23503,204,0.245,163,0.242],[145,"Thievul",0.22816,204,0.245,173,0.257],[146,"Mr. Mime-Galar",0.21764,254,0.305,215,0.32],[147,"Crustle",0.21543,215,0.258,167,0.248],[148,"Butterfree",0.21026,229,0.275,175,0.26],[149,"Greedent",0.20816,233,0.28,191,0.284],[150,"Perrserker",0.19799,214,0.257,162,0.241],[151,"Ferroseed",0.19679,160,0.192,152,0.226],[152,"Silvally",0.19673,134,0.161,112,0.167],[153,"Cofagrigus",0.19651,217,0.261,175,0.26],[154,"Silvally-Steel",0.19311,127,0.153,107,0.159],[155,"Orbeetle",0.18489,221,0.265,184,0.274],[156,"Dubwool",0.18263,201,0.241,144,0.214],[157,"Drednaw",0.18032,213,0.256,170,0.253],[158,"Arctovish",0.17857,209,0.251,167,0.248],[159,"Eldegoss",0.17821,180,0.216,150,0.223],[160,"Silvally-Ghost",0.16102,118,0.142,91,0.135],[161,"Basculin",0.15929,198,0.238,137,0.204],[162,"Tangela",0.15744,131,0.157,104,0.155],[163,"Klinklang",0.15678,195,0.234,144,0.214],[164,"Silvally-Ground",0.15535,103,0.124,85,0.126],[165,"Kingler",0.15307,182,0.219,142,0.211],[166,"Trevenant",0.15024,221,0.265,163,0.242],[167,"Mr. Rime",0.14912,150,0.18,117,0.174],[168,"Eiscue",0.14821,185,0.222,145,0.216],[169,"Ninjask",0.14012,182,0.219,140,0.208],[170,"Rotom-Frost",0.13749,160,0.192,122,0.181],[171,"Drakloak",0.13415,115,