{"total":188997,"weight":0.569,"data":{"header":["Rank","Pokemon","Usage Percentage","Usage Raw","Usage Raw Percentage","Usage Real","Usage Real Percentage"],"rows":[[1,"Mamoswine",24.19443,80874,21.396,65356,21.641],[2,"Haxorus",23.07383,80755,21.364,58358,19.324],[3,"Incineroar",22.22307,75441,19.958,66357,21.973],[4,"Weezing-Galar",21.20176,73221,19.371,60290,19.964],[5,"Cobalion",19.53897,63387,16.769,52196,17.284],[6,"Noivern",17.3976,58816,15.56,47194,15.627],[7,"Toxtricity",16.65496,58438,15.46,45476,15.059],[8,"Chandelure",16.28143,60936,16.121,47218,15.635],[9,"Gardevoir",14.30304,52949,14.008,39785,13.174],[10,"Umbreon",13.46107,47923,12.678,38105,12.618],[11,"Flygon",13.28594,49414,13.073,38702,12.815],[12,"Milotic",12.76078,49071,12.982,40172,13.302],[13,"Bronzong",12.53518,44321,11.725,39243,12.995],[14,"Golisopod",11.52299,39556,10.465,33253,11.011],[15,"Araquanid",10.71463,40434,10.697,35725,11.83],[16,"Blastoise",10.11487,40155,10.623,31388,10.394],[17,"Celebi",10.07131,35549,9.405,27950,9.255],[18,"Doublade",9.56526,32910,8.706,26310,8.712],[19,"Lucario",9.01374,35877,9.491,26511,8.779],[20,"Arcanine",8.92581,39845,10.541,31707,10.499],[21,"Polteageist",8.89408,33093,8.755,23417,7.754],[22,"Sirfetch'd",8.64399,32162,8.509,25132,8.322],[23,"Espeon",8.50011,36383,9.625,27658,9.158],[24,"Rotom-Mow",8.48805,29973,7.929,24622,8.153],[25,"Roserade",8.46866,30750,8.135,24601,8.146],[26,"Heliolisk",8.39935,31196,8.253,24445,8.095],[27,"Corsola-Galar",8.08065,33316,8.814,27385,9.068],[28,"Necrozma",7.90856,27140,7.18,21086,6.982],[29,"Gigalith",7.85651,26269,6.95,23361,7.736],[30,"Rhyperior",7.78036,29151,7.712,23687,7.844],[31,"Tsareena",7.45988,26867,7.108,21095,6.985],[32,"Braviary",7.38026,29354,7.766,22997,7.615],[33,"Gyarados",7.16585,23920,6.328,18481,6.12],[34,"Venusaur",7.11333,28121,7.44,22061,7.305],[35,"Ribombee",6.49774,25345,6.705,22176,7.343],[36,"Machamp",6.44962,24314,6.432,19913,6.594],[37,"Vaporeon",6.11476,22886,6.055,18633,6.17],[38,"Duraludon",6.06403,25084,6.636,20180,6.682],[39,"Inteleon",5.99384,24791,6.559,19110,6.328],[40,"Primarina",5.97049,18614,4.924,15186,5.029],[41,"Centiskorch",5.7729,24857,6.576,20007,6.625],[42,"Drapion",5.63849,24053,6.363,19834,6.568],[43,"Reuniclus",5.6344,20146,5.33,15506,5.135],[44,"Avalugg",5.54176,20783,5.498,15919,5.271],[45,"Morpeko",5.36663,22436,5.936,17358,5.748],[46,"Ninetales",5.1581,20523,5.429,18345,6.075],[47,"Claydol",5.13423,21595,5.713,17758,5.88],[48,"Frosmoth",4.95053,21108,5.584,15176,5.025],[49,"Decidueye",3.46841,14538,3.846,11422,3.782],[50,"Mantine",3.31594,10921,2.889,9404,3.114],[51,"Goodra",3.06877,12637,3.343,9958,3.297],[52,"Pangoro",2.83653,9427,2.494,7687,2.545],[53,"Barbaracle",2.65737,9170,2.426,6688,2.215],[54,"Dugtrio-Alola",2.64206,10653,2.818,8667,2.87],[55,"Whimsicott",2.43159,8732,2.31,6996,2.317],[56,"Linoone",2.39988,10486,2.774,7463,2.471],[57,"Charizard",2.25625,9499,2.513,7462,2.471],[58,"Galvantula",2.15197,9868,2.611,8740,2.894],[59,"Indeedee",2.0871,7184,1.901,5320,1.762],[60,"Virizion",1.99248,8001,2.117,5975,1.979],[61,"Raichu-Alola",1.95064,8402,2.223,6443,2.133],[62,"Snorlax",1.93686,8193,2.167,6547,2.168],[63,"Froslass",1.91647,7477,1.978,6801,2.252],[64,"Sigilyph",1.91279,7645,2.023,5844,1.935],[65,"Xatu",1.66678,6097,1.613,4894,1.621],[66,"Salazzle",1.62579,7280,1.926,5685,1.882],[67,"Barraskewda",1.6088,7611,2.014,5502,1.822],[68,"Passimian",1.60481,5458,1.444,4592,1.521],[69,"Runerigus",1.57438,6467,1.711,5643,1.869],[70,"Ninetales-Alola",1.57332,5104,1.35,4420,1.464],[71,"Vikavolt",1.53916,5322,1.408,4537,1.502],[72,"Steelix",1.52905,6039,1.598,5180,1.715],[73,"Gastrodon",1.48883,6051,1.601,4928,1.632],[74,"Coalossal",1.45564,5937,1.571,5070,1.679],[75,"Cramorant",1.42552,7496,1.983,6025,1.995],[76,"Hitmonlee",1.36452,6297,1.666,4482,1.484],[77,"Shiftry",1.33769,5425,1.435,4108,1.36],[78,"Copperajah",1.29717,5154,1.364,4264,1.412],[79,"Jolteon",1.29129,6275,1.66,5044,1.67],[80,"Escavalier",1.27138,5042,1.334,4142,1.372],[81,"Rotom-Frost",1.26227,4520,1.196,3273,1.084],[82,"Vanilluxe",1.24033,4652,1.231,3977,1.317],[83,"Shuckle",1.15648,5651,1.495,5147,1.704],[84,"Toxicroak",1.06126,4015,1.062,3237,1.072],[85,"Slurpuff",1.03162,3969,1.05,2903,0.961],[86,"Persian-Alola",0.98407,4866,1.287,4111,1.361],[87,"Jellicent",0.96599,3575,0.946,2942,0.974],[88,"Quagsire",0.96463,4261,1.127,3251,1.077],[89,"Rapidash",0.90024,4628,1.224,3593,1.19],[90,"Dhelmise",0.88736,3567,0.944,2820,0.934],[91,"Cinccino",0.88292,4258,1.126,3437,1.138],[92,"Boltund",0.8314,3853,1.019,2938,0.973],[93,"Accelgor",0.82422,3687,0.975,3142,1.04],[94,"Aromatisse",0.81241,2887,0.764,2207,0.731],[95,"Hitmontop",0.76204,3481,0.921,2769,0.917],[96,"Qwilfish",0.73294,2838,0.751,2537,0.84],[97,"Rillaboom",0.72849,3359,0.889,2609,0.864],[98,"Scrafty",0.70538,3044,0.805,2487,0.824],[99,"Sandaconda",0.70389,2678,0.708,2259,0.748],[100,"Weezing",0.69782,3441,0.91,2858,0.946],[101,"Pincurchin",0.6939,3002,0.794,2688,0.89],[102,"Togedemaru",0.6775,2675,0.708,2199,0.728],[103,"Gallade",0.66146,3056,0.808,2332,0.772],[104,"Sableye",0.60873,2744,0.726,2322,0.769],[105,"Bewear",0.56776,2239,0.592,1732,0.574],[106,"Malamar",0.56049,2838,0.751,2235,0.74],[107,"Silvally-Steel",0.55798,1881,0.498,1558,0.516],[108,"Mudsdale",0.54638,2429,0.643,2021,0.669],[109,"Eldegoss",0.54283,2321,0.614,1827,0.605],[110,"Mr. Rime",0.48858,2269,0.6,1681,0.557],[111,"Shedinja",0.48755,1900,0.503,1456,0.482],[112,"Leafeon",0.48274,2520,0.667,1873,0.62],[113,"Silvally-Fairy",0.46842,2054,0.543,1632,0.54],[114,"Appletun",0.4683,2238,0.592,1715,0.568],[115,"Drifblim",0.46556,2204,0.583,1730,0.573],[116,"Stunfisk",0.46192,2019,0.534,1673,0.554],[117,"Rotom",0.44199,1454,0.385,1265,0.419],[118,"Indeedee-F",0.4363,1911,0.506,1497,0.496],[119,"Pyukumuku",0.43361,1731,0.458,1438,0.476],[120,"Alcremie",0.43303,2037,0.539,1470,0.487],[121,"Kingler",0.43275,2260,0.598,1755,0.581],[122,"Orbeetle",0.42051,2060,0.545,1744,0.577],[123,"Flapple",0.41542,2064,0.546,1529,0.506],[124,"Meowstic",0.40453,1747,0.462,1507,0.499],[125,"Golurk",0.39707,1671,0.442,1420,0.47],[126,"Abomasnow",0.39007,1807,0.478,1523,0.504],[127,"Cursola",0.38611,1688,0.447,1276,0.423],[128,"Rotom-Fan",0.37654,1462,0.387,1216,0.403],[129,"Cofagrigus",0.37637,1725,0.456,1377,0.456],[130,"Rapidash-Galar",0.37331,2022,0.535,1489,0.493],[131,"Trapinch",0.3595,1156,0.306,888,0.294],[132,"Drampa",0.34659,1707,0.452,1220,0.404],[133,"Swoobat",0.34222,1584,0.419,1209,0.4],[134,"Dubwool",0.33577,1653,0.437,1146,0.379],[135,"Hitmonchan",0.33502,1499,0.397,1195,0.396],[136,"Flareon",0.33219,1887,0.499,1471,0.487],[137,"Vileplume",0.31739,1750,0.463,1348,0.446],[138,"Crustle",0.31398,1373,0.363,1186,0.393],[139,"Ferroseed",0.31151,1133,0.3,1020,0.338],[140,"Falinks",0.30355,1549,0.41,1123,0.372],[141,"Lapras",0.30337,1732,0.458,1354,0.448],[142,"Silvally-Ghost",0.2935,957,0.253,755,0.25],[143,"Dusclops",0.28374,1545,0.409,1271,0.421],[144,"Turtonator",0.26875,1219,0.322,1021,0.338],[145,"Ninjask",0.26221,1718,0.455,1383,0.458],[146,"Liepard",0.25841,1472,0.389,1208,0.4],[147,"Corsola",0.24716,1499,0.397,1267,0.42],[148,"Rhydon",0.22754,1327,0.351,1029,0.341],[149,"Togetic",0.22647,1096,0.29,905,0.3],[150,"Ludicolo",0.2261,1314,0.348,1082,0.358],[151,"Haunter",0.22176,798,0.211,634,0.21],[152,"Arctozolt",0.21929,1018,0.269,753,0.249],[153,"Lanturn",0.21756,1138,0.301,921,0.305],[154,"Butterfree",0.21389,1284,0.34,1026,0.34],[155,"Shiinotic",0.21016,1007,0.266,832,0.276],[156,"Drednaw",0.20971,901,0.238,716,0.237],[157,"Glaceon",0.20272,1294,0.342,991,0.328],[158,"Gurdurr",0.19997,812,0.215,660,0.219],[159,"Trevenant",0.19776,1620,0.429,1197,0.396],[160,"Sneasel",0.18788,772,0.204,583,0.193],[161,"Silvally",0.18282,668,0.177,571,0.189],[162,"Beartic",0.17979,1236,0.327,888,0.294],[163,"Mawile",0.17937,917,0.243,757,0.251],[164,"Unfezant",0.17857,913,0.242,741,0.245],[165,"Clefairy",0.17534,755,0.2,622,0.206],[166,"Perrserker",0.17409,914,0.242,721,0.239],[167,