{"total":168030,"weight":0.549,"data":{"header":["Rank","Pokemon","Usage Percentage","Usage Raw","Usage Raw Percentage","Usage Real","Usage Real Percentage"],"rows":[[1,"Haxorus",28.9668,89108,26.516,65514,24.211],[2,"Incineroar",25.81434,80509,23.957,70268,25.968],[3,"Cobalion",22.33723,67356,20.043,55827,20.631],[4,"Noivern",21.1493,64906,19.314,52251,19.31],[5,"Rotom-Wash",19.73033,63655,18.942,55555,20.531],[6,"Sylveon",19.45803,60555,18.019,48600,17.96],[7,"Toxtricity",18.27504,59123,17.593,45670,16.878],[8,"Flygon",16.07009,54106,16.1,42867,15.842],[9,"Weezing-Galar",14.74635,46837,13.937,38760,14.324],[10,"Chandelure",14.5956,50596,15.056,39526,14.607],[11,"Darmanitan",13.48412,45361,13.498,36131,13.352],[12,"Golisopod",13.3057,40261,11.98,33294,12.304],[13,"Rhyperior",12.50236,40934,12.181,34203,12.64],[14,"Gardevoir",12.3183,42796,12.735,32371,11.963],[15,"Roserade",11.90131,40244,11.975,32204,11.901],[16,"Celebi",11.56547,37409,11.132,30165,11.148],[17,"Bronzong",11.18678,36729,10.929,32439,11.988],[18,"Umbreon",10.922,37084,11.035,29552,10.921],[19,"Espeon",10.39335,38157,11.354,30000,11.087],[20,"Milotic",9.94139,36365,10.821,29781,11.006],[21,"Arcanine",9.3694,34300,10.207,27909,10.314],[22,"Pangoro",9.228,27472,8.175,22444,8.294],[23,"Lucario",9.19535,32969,9.81,24428,9.027],[24,"Necrozma",8.73892,27040,8.046,20837,7.7],[25,"Araquanid",8.64052,30560,9.094,26836,9.917],[26,"Doublade",8.62177,27410,8.156,22137,8.181],[27,"Tsareena",8.58675,29003,8.63,23310,8.614],[28,"Polteageist",8.38699,28002,8.332,20114,7.433],[29,"Blastoise",8.34537,30930,9.204,23696,8.757],[30,"Sirfetch'd",8.15729,28067,8.352,21980,8.123],[31,"Barbaracle",8.02966,25132,7.478,18384,6.794],[32,"Gigalith",7.95366,24914,7.414,22147,8.185],[33,"Reuniclus",7.48441,22985,6.84,18081,6.682],[34,"Heliolisk",7.254,25868,7.697,20674,7.64],[35,"Escavalier",7.14292,21646,6.441,18464,6.823],[36,"Machamp",6.82742,23722,7.059,19091,7.055],[37,"Corsola-Galar",6.76206,24144,7.184,19921,7.362],[38,"Mantine",6.5546,22092,6.574,18429,6.811],[39,"Ribombee",6.29166,22070,6.567,19029,7.032],[40,"Ditto",6.13362,21144,6.292,15401,5.692],[41,"Torkoal",5.55253,20288,6.037,18557,6.858],[42,"Xatu",3.7808,11426,3.4,9653,3.567],[43,"Goodra",3.37729,12450,3.705,9759,3.606],[44,"Inteleon",2.85418,9873,2.938,7714,2.851],[45,"Braviary",2.76936,9828,2.924,7749,2.864],[46,"Vaporeon",2.69148,9811,2.919,8014,2.962],[47,"Linoone",2.62507,8254,2.456,5588,2.065],[48,"Gastrodon",2.56192,7858,2.338,6742,2.492],[49,"Whimsicott",2.5602,8306,2.472,6803,2.514],[50,"Shiftry",2.54503,8908,2.651,7162,2.647],[51,"Slurpuff",2.50028,8163,2.429,6081,2.247],[52,"Drapion",2.29367,8367,2.49,6988,2.582],[53,"Copperajah",2.21131,6428,1.913,5373,1.986],[54,"Rotom-Mow",2.16777,7422,2.209,6234,2.304],[55,"Galvantula",2.14443,7959,2.368,7137,2.638],[56,"Barraskewda",2.11077,7857,2.338,5816,2.149],[57,"Centiskorch",2.09617,7587,2.258,6199,2.291],[58,"Sigilyph",2.00285,6910,2.056,5318,1.965],[59,"Charizard",1.99031,7502,2.232,5795,2.142],[60,"Claydol",1.91759,6726,2.001,5818,2.15],[61,"Dugtrio",1.91204,7039,2.095,5923,2.189],[62,"Duraludon",1.87609,6934,2.063,5693,2.104],[63,"Salazzle",1.83877,6935,2.064,5503,2.034],[64,"Snorlax",1.74678,6607,1.966,5360,1.981],[65,"Avalugg",1.71032,6048,1.8,4479,1.655],[66,"Runerigus",1.58796,5903,1.757,5126,1.894],[67,"Vileplume",1.51888,4800,1.428,3957,1.462],[68,"Indeedee",1.51383,4639,1.38,3505,1.295],[69,"Dugtrio-Alola",1.5032,4831,1.438,4107,1.518],[70,"Steelix",1.46514,4960,1.476,4354,1.609],[71,"Morpeko",1.44606,5350,1.592,4295,1.587],[72,"Froslass",1.4165,4719,1.404,4233,1.564],[73,"Passimian",1.40464,4371,1.301,3572,1.32],[74,"Quagsire",1.33521,4087,1.216,3318,1.226],[75,"Hitmonlee",1.29366,5116,1.522,3664,1.354],[76,"Ninetales",1.2719,5086,1.513,4153,1.535],[77,"Toxicroak",1.25215,4171,1.241,3318,1.226],[78,"Frosmoth",1.22919,4600,1.369,3460,1.279],[79,"Jolteon",1.22017,5219,1.553,4285,1.584],[80,"Shuckle",1.16424,4663,1.388,4250,1.571],[81,"Cinccino",1.13866,4903,1.459,3804,1.406],[82,"Accelgor",1.00095,3772,1.122,3250,1.201],[83,"Coalossal",0.99576,3566,1.061,3007,1.111],[84,"Bewear",0.99229,2954,0.879,2242,0.829],[85,"Scrafty",0.94015,3750,1.116,2960,1.094],[86,"Vanilluxe",0.92745,2863,0.852,2478,0.916],[87,"Jellicent",0.90743,3161,0.941,2603,0.962],[88,"Leafeon",0.84731,3755,1.117,2990,1.105],[89,"Vikavolt",0.81595,2712,0.807,2223,0.822],[90,"Dhelmise",0.75059,2828,0.842,2357,0.871],[91,"Silvally-Fairy",0.67003,2191,0.652,1717,0.635],[92,"Mudsdale",0.66902,2448,0.728,2094,0.774],[93,"Decidueye",0.66698,2703,0.804,2185,0.807],[94,"Rillaboom",0.66281,2828,0.842,2189,0.809],[95,"Malamar",0.61218,2826,0.841,2221,0.821],[96,"Sableye",0.60208,2382,0.709,1979,0.731],[97,"Hitmontop",0.60029,2350,0.699,1866,0.69],[98,"Meowstic",0.59987,2018,0.6,1774,0.656],[99,"Stunfisk-Galar",0.59103,1574,0.468,1398,0.517],[100,"Sandaconda",0.57296,2097,0.624,1820,0.673],[101,"Rotom-Frost",0.56966,1787,0.532,1271,0.47],[102,"Cramorant",0.5589,2565,0.763,2151,0.795],[103,"Aromatisse",0.537,1665,0.495,1345,0.497],[104,"Boltund",0.53506,2323,0.691,1774,0.656],[105,"Gallade",0.53226,2178,0.648,1612,0.596],[106,"Virizion",0.51402,1918,0.571,1453,0.537],[107,"Liepard",0.50439,1983,0.59,1622,0.599],[108,"Drifblim",0.48759,1932,0.575,1554,0.574],[109,"Silvally-Steel",0.47811,1421,0.423,1193,0.441],[110,"Kingler",0.45324,1934,0.575,1426,0.527],[111,"Flareon",0.44725,2235,0.665,1780,0.658],[112,"Orbeetle",0.44676,1766,0.526,1436,0.531],[113,"Eldegoss",0.43426,1821,0.542,1462,0.54],[114,"Togedemaru",0.42445,1383,0.412,1171,0.433],[115,"Cursola",0.41925,1518,0.452,1201,0.444],[116,"Drampa",0.41556,1603,0.477,1252,0.463],[117,"Pyukumuku",0.38931,1520,0.452,1176,0.435],[118,"Sneasel",0.36681,1213,0.361,948,0.35],[119,"Pikachu",0.35097,1584,0.471,1314,0.486],[120,"Raichu-Alola",0.34943,1409,0.419,1080,0.399],[121,"Dusclops",0.34261,1504,0.448,1258,0.465],[122,"Golurk",0.33538,1559,0.464,1290,0.477],[123,"Cofagrigus",0.33476,1259,0.375,1049,0.388],[124,"Qwilfish",0.3224,1241,0.369,1093,0.404],[125,"Shedinja",0.32043,1314,0.391,920,0.34],[126,"Swoobat",0.3175,1504,0.448,1144,0.423],[127,"Rotom-Fan",0.30731,1019,0.303,881,0.326],[128,"Lapras",0.29526,1513,0.45,1218,0.45],[129,"Crustle",0.29373,1141,0.34,970,0.358],[130,"Rapidash-Galar",0.29206,1332,0.396,976,0.361],[131,"Trevenant",0.27815,1418,0.422,1016,0.375],[132,"Rhydon",0.27294,1082,0.322,901,0.333],[133,"Dubwool",0.27062,1056,0.314,787,0.291],[134,"Ludicolo",0.26788,1193,0.355,954,0.353],[135,"Flapple",0.26308,1093,0.325,807,0.298],[136,"Ninjask",0.25438,1212,0.361,992,0.367],[137,"Eiscue",0.25207,1132,0.337,812,0.3],[138,"Appletun",0.24791,1221,0.363,978,0.361],[139,"Hitmonchan",0.2458,1093,0.325,830,0.307],[140,"Piloswine",0.24353,863,0.257,732,0.271],[141,"Mr. Rime",0.24013,1033,0.307,744,0.275],[142,"Haunter",0.23678,843,0.251,613,0.227],[143,"Clefairy",0.23019,882,0.262,687,0.254],[144,"Drednaw",0.22509,813,0.242,701,0.259],[145,"Falinks",0.21635,998,0.297,743,0.275],[146,"Turtonator",0.21231,858,0.255,680,0.251],[147,"Arctovish",0.20928,952,0.283,741,0.274],[148,"Abomasnow",0.20817,871,0.259,688,0.254],[149,"Alcremie",0.20692,852,0.254,641,0.237],[150,"Gurdurr",0.20688,661,0.197,534,0.197],[151,"Butterfree",0.20392,918,0.273,717,0.265],[152,"Garbodor",0.20158,782,0.233,692,0.256],[153,"Ferroseed",0.19626,750,0.223,673,0.249],[154,"Indeedee-F",0.18638,826,0.246,564,0.208],[155,"Lanturn",0.18628,871,0.259,746,0.276],[156,"Pincurchin",0.18502,852,0.254,743,0.275],[157,"Weezing",0.18178,695,0.207,553,0.204],[158,"Silvally-Ghost",0.18091,568,0.169,468,0.173],[159,"Skuntank",0.1754,727,0.216,583,0.215],[160,"Maractus",0.16904,661,0.197,539,0.199],[161,"Mr. Mime-Galar",0.164,743,0.221,535,0.198],[162,"Perrserker",0.163,689,0.205,557,0.206],[163,"Persian-Alola",0.15776,732,0.218,603,0.223],[164,"Rotom",0.15733,542,0.161,455,0.168],[165,"Bellossom",0.15681,718,0.214,535,0.198],[166,"Silvally-Ground",0.15074,455,0.135,366,0.135],[167,"Glaceon",0.14895,710,0.211,562,0.208],