{"total":142043,"weight":0.567,"data":{"header":["Rank","Pokemon","Usage Percentage","Usage Raw","Usage Raw Percentage","Usage Real","Usage Real Percentage"],"rows":[[1,"Weezing-Galar",27.67061,70353,24.765,57866,25.824],[2,"Chandelure",20.08071,54842,19.305,42541,18.985],[3,"Haxorus",18.54689,47677,16.783,33582,14.987],[4,"Milotic",18.35253,49747,17.511,40492,18.07],[5,"Mamoswine",17.8652,45247,15.927,36742,16.397],[6,"Noivern",17.19643,43252,15.225,33987,15.167],[7,"Umbreon",15.24646,38558,13.573,30617,13.663],[8,"Gardevoir",14.60853,39253,13.817,29526,13.177],[9,"Heliolisk",14.00455,37385,13.16,29872,13.331],[10,"Doublade",13.71857,34637,12.192,27192,12.135],[11,"Araquanid",12.79638,35209,12.394,30659,13.682],[12,"Sirfetch'd",12.77449,35397,12.46,27252,12.162],[13,"Weavile",12.62348,32772,11.536,24964,11.141],[14,"Roserade",12.36621,32711,11.514,26041,11.621],[15,"Lucario",11.75778,33529,11.802,24659,11.005],[16,"Polteageist",11.36613,33148,11.668,23815,10.628],[17,"Arcanine",11.3605,37149,13.077,28758,12.834],[18,"Hippowdon",10.93422,27222,9.582,23106,10.312],[19,"Espeon",10.58646,32442,11.42,24641,10.997],[20,"Duraludon",10.42376,29336,10.326,23773,10.609],[21,"Corsola-Galar",10.39198,31321,11.025,25486,11.374],[22,"Bronzong",9.87976,26194,9.22,22828,10.187],[23,"Rhyperior",9.40129,24973,8.791,19771,8.823],[24,"Vaporeon",9.37965,24251,8.536,19960,8.908],[25,"Flygon",9.22298,27327,9.619,20791,9.278],[26,"Diggersby",9.18222,22935,8.073,17776,7.933],[27,"Tsareena",9.0844,24347,8.57,18794,8.387],[28,"Drapion",9.04453,26523,9.336,22034,9.833],[29,"Golisopod",8.64273,23592,8.305,18996,8.477],[30,"Inteleon",8.39411,25538,8.99,19672,8.779],[31,"Braviary",8.27019,23693,8.34,18426,8.223],[32,"Reuniclus",8.22098,21215,7.468,15981,7.132],[33,"Centiskorch",7.9561,24693,8.692,19599,8.746],[34,"Cramorant",7.91999,27030,9.515,21893,9.77],[35,"Dracozolt",7.64104,19189,6.755,14854,6.629],[36,"Morpeko",7.62754,23918,8.419,18506,8.259],[37,"Durant",6.81333,19374,6.82,15181,6.775],[38,"Frosmoth",6.67802,20081,7.069,14364,6.41],[39,"Ribombee",6.6114,19977,7.032,17008,7.59],[40,"Claydol",6.47263,19908,7.008,16317,7.282],[41,"Barraskewda",6.43115,21186,7.458,15376,6.862],[42,"Avalugg",6.24508,18020,6.343,13661,6.097],[43,"Coalossal",5.29818,15850,5.579,13338,5.952],[44,"Copperajah",4.46141,13485,4.747,10915,4.871],[45,"Indeedee",4.04669,11105,3.909,8343,3.723],[46,"Torkoal",3.86106,10908,3.84,10143,4.527],[47,"Gigalith",3.32886,7245,2.55,6423,2.866],[48,"Machamp",3.06737,7619,2.682,6230,2.78],[49,"Charizard",2.90526,9258,3.259,7133,3.183],[50,"Sigilyph",2.77533,7149,2.516,5511,2.459],[51,"Salazzle",2.65086,7798,2.745,6089,2.717],[52,"Pangoro",2.63037,6482,2.282,5229,2.334],[53,"Goodra",2.46016,7423,2.613,5716,2.551],[54,"Galvantula",2.41912,8175,2.878,7181,3.205],[55,"Ninetales",2.32156,7894,2.779,6633,2.96],[56,"Snorlax",2.23988,6794,2.392,5437,2.426],[57,"Mantine",2.22791,5699,2.006,4909,2.191],[58,"Toxicroak",2.0598,5124,1.804,4068,1.815],[59,"Shiftry",2.04344,5788,2.037,4542,2.027],[60,"Vikavolt",2.04032,5413,1.905,4498,2.007],[61,"Barbaracle",1.75133,4317,1.52,3266,1.458],[62,"Jellicent",1.71882,4531,1.595,3723,1.661],[63,"Whimsicott",1.70522,5198,1.83,4170,1.861],[64,"Gastrodon",1.70016,5142,1.81,4167,1.86],[65,"Escavalier",1.69955,4584,1.614,3760,1.678],[66,"Xatu",1.69068,4801,1.69,3946,1.761],[67,"Dhelmise",1.56943,4120,1.45,3271,1.46],[68,"Steelix",1.56216,4179,1.471,3585,1.6],[69,"Vileplume",1.45239,4597,1.618,3678,1.641],[70,"Runerigus",1.37469,4881,1.718,4300,1.919],[71,"Jolteon",1.35532,4896,1.723,3928,1.753],[72,"Vanilluxe",1.32468,3585,1.262,3044,1.358],[73,"Quagsire",1.31624,4370,1.538,3457,1.543],[74,"Shuckle",1.3039,4977,1.752,4252,1.898],[75,"Passimian",1.29273,3063,1.078,2504,1.117],[76,"Froslass",1.22186,3713,1.307,3251,1.451],[77,"Hitmontop",1.2122,3564,1.255,2793,1.246],[78,"Rillaboom",1.20699,3749,1.32,2919,1.303],[79,"Gallade",1.19274,3235,1.139,2501,1.116],[80,"Eldegoss",1.15475,3696,1.301,2936,1.31],[81,"Hitmonlee",1.15136,4164,1.466,2953,1.318],[82,"Cinccino",1.07479,4228,1.488,3319,1.481],[83,"Rotom-Frost",1.04345,2513,0.885,1987,0.887],[84,"Accelgor",1.04043,3361,1.183,2773,1.238],[85,"Boltund",1.00168,3538,1.245,2676,1.194],[86,"Bewear",0.97807,2562,0.902,1958,0.874],[87,"Leafeon",0.90627,3332,1.173,2459,1.097],[88,"Silvally-Steel",0.83006,1834,0.646,1557,0.695],[89,"Sableye",0.81806,2699,0.95,2207,0.985],[90,"Mr. Rime",0.80501,2799,0.985,2077,0.927],[91,"Rotom-Fan",0.79505,2134,0.751,1833,0.818],[92,"Alcremie",0.77653,2794,0.984,1930,0.861],[93,"Slurpuff",0.74459,2160,0.76,1656,0.739],[94,"Scrafty",0.72551,2515,0.885,1997,0.891],[95,"Flapple",0.72062,2501,0.88,1870,0.835],[96,"Appletun",0.70055,2825,0.994,2054,0.917],[97,"Drifblim",0.68036,2419,0.852,1811,0.808],[98,"Rotom",0.67319,1659,0.584,1384,0.618],[99,"Aromatisse",0.67278,1788,0.629,1351,0.603],[100,"Sandaconda",0.65051,2047,0.721,1685,0.752],[101,"Crustle",0.64517,1851,0.652,1612,0.719],[102,"Pyukumuku",0.62514,2482,0.874,2083,0.93],[103,"Cursola",0.62255,2191,0.771,1686,0.752],[104,"Mudsdale",0.62207,2347,0.826,1963,0.876],[105,"Silvally-Fairy",0.6087,1613,0.568,1253,0.559],[106,"Swoobat",0.58709,2437,0.858,1954,0.872],[107,"Falinks",0.5825,2326,0.819,1649,0.736],[108,"Shedinja",0.58104,1773,0.624,1191,0.532],[109,"Eiscue",0.57013,2333,0.821,1739,0.776],[110,"Malamar",0.56825,2494,0.878,1951,0.871],[111,"Orbeetle",0.54114,2356,0.829,1905,0.85],[112,"Silvally-Ghost",0.53479,1238,0.436,974,0.435],[113,"Abomasnow",0.52104,2041,0.718,1667,0.744],[114,"Drampa",0.51623,1759,0.619,1303,0.581],[115,"Cofagrigus",0.49791,1846,0.65,1554,0.694],[116,"Kingler",0.47559,1795,0.632,1435,0.64],[117,"Ludicolo",0.47265,1696,0.597,1340,0.598],[118,"Lapras",0.46998,2061,0.725,1619,0.723],[119,"Rapidash-Galar",0.4672,1988,0.7,1370,0.611],[120,"Ninjask",0.44106,2130,0.75,1572,0.702],[121,"Indeedee-F",0.42172,1742,0.613,1268,0.566],[122,"Dusclops",0.41985,1565,0.551,1294,0.577],[123,"Dubwool",0.41745,1619,0.57,1218,0.544],[124,"Hitmonchan",0.41417,1387,0.488,1073,0.479],[125,"Qwilfish",0.4082,1498,0.527,1328,0.593],[126,"Turtonator",0.3954,1449,0.51,1153,0.515],[127,"Arctozolt",0.37835,1328,0.467,986,0.44],[128,"Maractus",0.36248,1268,0.446,977,0.436],[129,"Lanturn",0.34879,1504,0.529,1188,0.53],[130,"Perrserker",0.34798,1331,0.469,1059,0.473],[131,"Trevenant",0.33012,1863,0.656,1497,0.668],[132,"Rotom-Mow",0.32256,840,0.296,690,0.308],[133,"Flareon",0.31872,1533,0.54,1219,0.544],[134,"Togedemaru",0.31735,1198,0.422,969,0.432],[135,"Arctovish",0.30996,1209,0.426,936,0.418],[136,"Glaceon",0.30442,1393,0.49,1086,0.485],[137,"Ferroseed",0.30413,774,0.272,701,0.313],[138,"Butterfree",0.30176,1651,0.581,1259,0.562],[139,"Togetic",0.26788,1271,0.447,990,0.442],[140,"Pincurchin",0.26626,1182,0.416,1006,0.449],[141,"Gurdurr",0.26444,898,0.316,707,0.316],[142,"Grapploct",0.25698,1509,0.531,1187,0.53],[143,"Mawile",0.24324,778,0.274,648,0.289],[144,"Mr. Mime-Galar",0.24267,1036,0.365,767,0.342],[145,"Drednaw",0.23745,940,0.331,752,0.336],[146,"Beartic",0.2208,901,0.317,665,0.297],[147,"Manectric",0.21462,782,0.275,638,0.285],[148,"Rhydon",0.20978,773,0.272,600,0.268],[149,"Golurk",0.20952,1120,0.394,914,0.408],[150,"Skuntank",0.2036,972,0.342,702,0.313],[151,"Thievul",0.20063,933,0.328,667,0.298],[152,"Silvally",0.1975,603,0.212,480,0.214],[153,"Klinklang",0.19433,736,0.259,593,0.265],[154,"Trapinch",0.18742,393,0.138,287,0.128],[155,"Liepard",0.18589,810,0.285,632,0.282],[156,"Clefairy",0.18438,471,0.166,403,0.18],[157,"Bellossom",0.18296,779,0.274,570,0.254],[158,"Cloyster",0.17564,504,0.177,387,0.173],[159,"Greedent",0.15468,696,0.245,539,0.241],[160,"Silvally-Dark",0.15117,457,0.161,358,0.16],[161,"Stonjourner",0.14735,522,0.184,427,0.191],[162,"Raichu",0.1456,716,0.252,546,0.244],[163,"Noctowl",0.1401,642,0.226,505,0.225],[164,"Unfezant",0.13935,662,0.233,518,0.231],[165,"Musharna",0.1382,386,0.136,299,0.133],[166,"Garbodor",0.13799,703,0.247,579,0.258],[167,"Pikachu",0.13272,539,0.19,387,0.173],[168,