{"total":3122222,"weight":0.077,"data":{"header":["Rank","Pokemon","Usage Percentage","Usage Raw","Usage Raw Percentage","Usage Real","Usage Real Percentage"],"rows":[[1,"Sneasler",43.85189,2262250,36.228,0,0],[2,"Garchomp",37.23211,1787384,28.624,0,0],[3,"Incineroar",36.82858,2363825,37.855,0,0],[4,"Kingambit",33.80545,1431112,22.918,0,0],[5,"Basculegion",32.70075,1370686,21.95,0,0],[6,"Sinistcha",28.42768,1796680,28.772,0,0],[7,"Floette-Mega",19.21677,699330,11.199,0,0],[8,"Aerodactyl",16.07041,941225,15.073,0,0],[9,"Pelipper",15.26047,1005220,16.098,0,0],[10,"Charizard-Mega-Y",14.70251,679725,10.885,0,0],[11,"Rotom-Wash",14.66828,846006,13.548,0,0],[12,"Farigiraf",14.52775,920518,14.741,0,0],[13,"Archaludon",13.22536,831302,13.313,0,0],[14,"Milotic",12.13746,844726,13.528,0,0],[15,"Whimsicott",11.47145,869297,13.921,0,0],[16,"Aegislash",8.72979,481558,7.712,0,0],[17,"Froslass-Mega",8.35862,485068,7.768,0,0],[18,"Talonflame",7.70011,419970,6.725,0,0],[19,"Tyranitar-Mega",7.58401,458428,7.341,0,0],[20,"Maushold",7.48436,435225,6.97,0,0],[21,"Gengar-Mega",7.29956,466340,7.468,0,0],[22,"Delphox-Mega",6.74906,341484,5.469,0,0],[23,"Corviknight",6.61638,397508,6.366,0,0],[24,"Meganium-Mega",6.32098,462894,7.413,0,0],[25,"Aerodactyl-Mega",6.3045,263338,4.217,0,0],[26,"Sylveon",5.64793,227918,3.65,0,0],[27,"Torkoal",5.24878,363021,5.814,0,0],[28,"Blastoise-Mega",5.12584,224344,3.593,0,0],[29,"Venusaur",4.95635,369864,5.923,0,0],[30,"Excadrill",4.95195,307645,4.927,0,0],[31,"Kommo-o",4.94334,246925,3.954,0,0],[32,"Gardevoir-Mega",4.94102,281945,4.515,0,0],[33,"Dragonite-Mega",4.94072,333537,5.341,0,0],[34,"Scovillain-Mega",4.7599,253258,4.056,0,0],[35,"Primarina",4.67876,320671,5.135,0,0],[36,"Sableye",4.48964,343844,5.506,0,0],[37,"Tyranitar",4.25956,322230,5.16,0,0],[38,"Scizor-Mega",4.12092,222781,3.568,0,0],[39,"Kangaskhan-Mega",4.0989,221416,3.546,0,0],[40,"Ninetales-Alola",3.78733,251051,4.02,0,0],[41,"Venusaur-Mega",3.62155,191764,3.071,0,0],[42,"Politoed",3.38036,231060,3.7,0,0],[43,"Dragonite",3.24864,154196,2.469,0,0],[44,"Rotom-Heat",3.05465,193467,3.098,0,0],[45,"Dragapult",2.72045,236908,3.794,0,0],[46,"Hydreigon",2.6032,163705,2.622,0,0],[47,"Glimmora-Mega",2.27589,166469,2.666,0,0],[48,"Aggron-Mega",2.21582,194627,3.117,0,0],[49,"Volcarona",2.18814,139937,2.241,0,0],[50,"Tsareena",2.1827,141165,2.261,0,0],[51,"Palafin",2.17793,180219,2.886,0,0],[52,"Charizard-Mega-X",2.13367,149787,2.399,0,0],[53,"Clefable",2.008,189342,3.032,0,0],[54,"Crabominable-Mega",1.90155,175066,2.804,0,0],[55,"Arcanine-Hisui",1.88393,162330,2.6,0,0],[56,"Starmie-Mega",1.87142,184229,2.95,0,0],[57,"Lopunny-Mega",1.78566,93587,1.499,0,0],[58,"Typhlosion-Hisui",1.77963,157140,2.516,0,0],[59,"Zoroark-Hisui",1.59199,163802,2.623,0,0],[60,"Golurk-Mega",1.47439,150254,2.406,0,0],[61,"Orthworm",1.43927,137591,2.203,0,0],[62,"Hatterene",1.41259,135790,2.175,0,0],[63,"Meowscarada",1.40516,114513,1.834,0,0],[64,"Camerupt-Mega",1.34385,110607,1.771,0,0],[65,"Mimikyu",1.34222,98226,1.573,0,0],[66,"Oranguru",1.31777,139281,2.23,0,0],[67,"Mamoswine",1.30468,90509,1.449,0,0],[68,"Gyarados-Mega",1.29157,102075,1.635,0,0],[69,"Gyarados",1.28345,106448,1.705,0,0],[70,"Manectric-Mega",1.22388,70186,1.124,0,0],[71,"Gallade",1.20184,78394,1.255,0,0],[72,"Drampa-Mega",1.19001,134646,2.156,0,0],[73,"Tauros-Paldea-Aqua",1.18786,117166,1.876,0,0],[74,"Basculegion-F",1.08872,47363,0.758,0,0],[75,"Ceruledge",1.05787,65472,1.048,0,0],[76,"Rotom-Frost",1.05767,96714,1.549,0,0],[77,"Scizor",1.04057,78027,1.25,0,0],[78,"Lucario-Mega",1.00144,135786,2.175,0,0],[79,"Tinkaton",0.96037,92389,1.48,0,0],[80,"Kangaskhan",0.90851,66196,1.06,0,0],[81,"Garchomp-Mega",0.89424,88185,1.412,0,0],[82,"Heliolisk",0.8907,89553,1.434,0,0],[83,"Snorlax",0.88787,71019,1.137,0,0],[84,"Araquanid",0.85877,97390,1.56,0,0],[85,"Skarmory-Mega",0.84947,70613,1.131,0,0],[86,"Gardevoir",0.84032,66015,1.057,0,0],[87,"Vivillon",0.81988,52021,0.833,0,0],[88,"Gengar",0.81128,57736,0.925,0,0],[89,"Meowstic",0.79464,114564,1.835,0,0],[90,"Azumarill",0.78896,62565,1.002,0,0],[91,"Conkeldurr",0.76161,73929,1.184,0,0],[92,"Empoleon",0.75627,96076,1.539,0,0],[93,"Espathra",0.75128,79920,1.28,0,0],[94,"Raichu",0.74975,94720,1.517,0,0],[95,"Arcanine",0.74367,72279,1.157,0,0],[96,"Feraligatr-Mega",0.71717,100323,1.607,0,0],[97,"Weavile",0.7138,74338,1.19,0,0],[98,"Chandelure-Mega",0.67763,74472,1.193,0,0],[99,"Goodra-Hisui",0.67338,65632,1.051,0,0],[100,"Glimmora",0.66778,54048,0.866,0,0],[101,"Slowking-Galar",0.61493,66228,1.061,0,0],[102,"Rotom-Mow",0.60852,44609,0.714,0,0],[103,"Vanilluxe",0.59426,49154,0.787,0,0],[104,"Ampharos-Mega",0.57552,58302,0.934,0,0],[105,"Chandelure",0.57277,36452,0.584,0,0],[106,"Greninja-Mega",0.56516,89072,1.426,0,0],[107,"Blastoise",0.55213,37132,0.595,0,0],[108,"Kleavor",0.54467,46572,0.746,0,0],[109,"Chesnaught-Mega",0.52828,59774,0.957,0,0],[110,"Samurott-Hisui",0.50792,31681,0.507,0,0],[111,"Hawlucha-Mega",0.48965,71604,1.147,0,0],[112,"Abomasnow-Mega",0.48914,44226,0.708,0,0],[113,"Klefki",0.48678,60016,0.961,0,0],[114,"Excadrill-Mega",0.47703,50535,0.809,0,0],[115,"Banette-Mega",0.45831,34515,0.553,0,0],[116,"Chimecho-Mega",0.44056,49278,0.789,0,0],[117,"Alakazam-Mega",0.43287,63684,1.02,0,0],[118,"Clefable-Mega",0.39755,40522,0.649,0,0],[119,"Floette-Eternal",0.39138,14004,0.224,0,0],[120,"Slowbro-Mega",0.38495,31034,0.497,0,0],[121,"Gallade-Mega",0.38401,49174,0.787,0,0],[122,"Rhyperior",0.36832,29706,0.476,0,0],[123,"Armarouge",0.36437,53946,0.864,0,0],[124,"Krookodile",0.35451,44864,0.718,0,0],[125,"Mudsdale",0.34058,30070,0.482,0,0],[126,"Lucario",0.33195,35868,0.574,0,0],[127,"Alakazam",0.32839,57750,0.925,0,0],[128,"Slowking",0.3159,43027,0.689,0,0],[129,"Altaria-Mega",0.31461,39077,0.626,0,0],[130,"Glaceon",0.30711,26385,0.423,0,0],[131,"Cofagrigus",0.30705,42076,0.674,0,0],[132,"Victreebel-Mega",0.30613,33305,0.533,0,0],[133,"Decidueye-Hisui",0.30018,33428,0.535,0,0],[134,"Heracross-Mega",0.28909,38668,0.619,0,0],[135,"Jolteon",0.26425,43594,0.698,0,0],[136,"Bellibolt",0.25615,30870,0.494,0,0],[137,"Noivern",0.25196,32213,0.516,0,0],[138,"Umbreon",0.24715,32853,0.526,0,0],[139,"Ditto",0.24001,33167,0.531,0,0],[140,"Beedrill-Mega",0.22978,42246,0.677,0,0],[141,"Tauros-Paldea-Blaze",0.22906,27921,0.447,0,0],[142,"Hydrapple",0.22798,36051,0.577,0,0],[143,"Lycanroc",0.22231,15111,0.242,0,0],[144,"Garganacl",0.21927,34135,0.547,0,0],[145,"Drampa",0.20389,25463,0.408,0,0],[146,"Altaria",0.20174,28735,0.46,0,0],[147,"Toxicroak",0.20062,26685,0.427,0,0],[148,"Liepard",0.19576,27485,0.44,0,0],[149,"Alcremie",0.1859,42297,0.677,0,0],[150,"Greninja",0.17521,27463,0.44,0,0],[151,"Wyrdeer",0.1696,23218,0.372,0,0],[152,"Pinsir-Mega",0.16124,17079,0.274,0,0],[153,"Toxapex",0.16079,36806,0.589,0,0],[154,"Pidgeot-Mega",0.16007,13717,0.22,0,0],[155,"Gliscor",0.15984,27711,0.444,0,0],[156,"Emboar-Mega",0.14847,22450,0.36,0,0],[157,"Reuniclus",0.14699,24571,0.393,0,0],[158,"Skeledirge",0.14493,17413,0.279,0,0],[159,"Quaquaval",0.14411,16746,0.268,0,0],[160,"Passimian",0.14394,19466,0.312,0,0],[161,"Machamp",0.13949,19550,0.313,0,0],[162,"Serperior",0.13853,29594,0.474,0,0],[163,"Torterra",0.13816,15415,0.247,0,0],[164,"Hippowdon",0.13642,19637,0.314,0,0],[165,"Runerigus",0.13204,20741,0.332,0,0],[166,"Slowbro",0.13119,16059,0.257,0,0],[167,"Aromatisse",0.12715,13983,0.224,0,0],[168,"Lycanroc-Dusk",0.12478,17306,0.277,0,0],[169,"Steelix-Mega",0.12103,19670,0.315,0,0],[170,"Slowbro-Galar",0.12061,19536,0.313,0,0],[171,"Ninetales",0.11832,24822,0.398,0,0],[172,"Infernape",0.11696,25778,0.413,0,0],[173,"Mr. Rime",0.11625,24013,0.385,0,0],[174,"Ariados",0.11598,16110,0.258,0,0],[175,"Salazzle",0.1116,16949,0.271,0,0],[176,"Spiritomb",0.11127,18883,0.302,0,0],[177,"Audino-Mega",0.11043,12488,0.2,0,0],[178,"Medicham-Mega",0.10934,15619,0.25,0,0],[179,"Clawitzer",0.10932,21243,0.34,0,0],[180,"Pangoro",0.10779,8090,0.13,0,0],[181,"Pikachu",0.10495,12682,0.203,0,0],[182,"Chesnaught",0.10419,9351,0.15,0,0],[183,