{"total":89318,"data":{"header":["Rank","Pokemon","Usage Percentage","Usage Raw","Usage Raw Percentage"],"rows":[[1,"Kleavor",11.81359,8013,8.971],[2,"Ribombee",7.95669,6080,6.807],[3,"Jirachi",3.9955,2294,2.568],[4,"Forretress",3.94454,3732,4.178],[5,"Chesnaught",3.13043,1820,2.038],[6,"Lycanroc-Dusk",2.66778,1883,2.108],[7,"Politoed",2.63931,2804,3.139],[8,"Krookodile",2.50842,2481,2.778],[9,"Cyclizar",2.24019,1734,1.941],[10,"Entei",2.16674,1193,1.336],[11,"Mienshao",1.78885,1226,1.373],[12,"Barraskewda",1.77661,1060,1.187],[13,"Noivern",1.64675,1314,1.471],[14,"Muk-Alola",1.59931,1072,1.2],[15,"Gastrodon",1.54423,924,1.035],[16,"Registeel",1.40706,1086,1.216],[17,"Terrakion",1.40679,969,1.085],[18,"Crawdaunt",1.36548,968,1.084],[19,"Empoleon",1.32479,1141,1.277],[20,"Breloom",1.32394,1163,1.302],[21,"Golurk",1.3111,446,0.499],[22,"Quagsire",1.20378,1224,1.37],[23,"Slowbro",1.1808,929,1.04],[24,"Basculegion-F",1.16127,713,0.798],[25,"Gengar",1.0958,1221,1.367],[26,"Iron Thorns",1.08447,400,0.448],[27,"Torkoal",1.04689,1969,2.204],[28,"Azelf",1.03996,814,0.911],[29,"Diancie",0.94429,1083,1.213],[30,"Gardevoir",0.90858,567,0.635],[31,"Thwackey",0.87655,454,0.508],[32,"Armarouge",0.8499,720,0.806],[33,"Gligar",0.84407,543,0.608],[34,"Magnezone",0.84059,758,0.849],[35,"Maushold",0.83165,1447,1.62],[36,"Lycanroc",0.81282,995,1.114],[37,"Flamigo",0.78872,254,0.284],[38,"Gallade",0.78726,695,0.778],[39,"Blissey",0.75497,554,0.62],[40,"Araquanid",0.72351,1004,1.124],[41,"Staraptor",0.68732,338,0.378],[42,"Torterra",0.67496,926,1.037],[43,"Toxtricity",0.66183,530,0.593],[44,"Suicune",0.6369,777,0.87],[45,"Goodra-Hisui",0.6196,645,0.722],[46,"Flygon",0.61269,484,0.542],[47,"Klefki",0.58529,396,0.443],[48,"Swampert",0.54379,305,0.341],[49,"Slowbro-Galar",0.52561,272,0.305],[50,"Umbreon",0.52087,639,0.715],[51,"Weezing",0.51063,188,0.21],[52,"Necrozma",0.4874,321,0.359],[53,"Porygon-Z",0.45917,577,0.646],[54,"Tsareena",0.45097,257,0.288],[55,"Ninetales-Alola",0.4322,364,0.408],[56,"Pawmot",0.42505,147,0.165],[57,"Tornadus",0.40334,257,0.288],[58,"Kilowattrel",0.35627,416,0.466],[59,"Infernape",0.33482,685,0.767],[60,"Raikou",0.3325,176,0.197],[61,"Yanmega",0.32271,96,0.107],[62,"Ninetales",0.32138,480,0.537],[63,"Vikavolt",0.30864,374,0.419],[64,"Electrode-Hisui",0.30371,246,0.275],[65,"Pincurchin",0.29429,243,0.272],[66,"Rotom-Heat",0.29293,350,0.392],[67,"Regidrago",0.29256,271,0.303],[68,"Overqwil",0.28019,181,0.203],[69,"Qwilfish",0.27643,65,0.073],[70,"Bisharp",0.25997,568,0.636],[71,"Rhyperior",0.25184,532,0.596],[72,"Munkidori",0.24182,106,0.119],[73,"Basculegion",0.23812,151,0.169],[74,"Froslass",0.23404,260,0.291],[75,"Bellibolt",0.23237,219,0.245],[76,"Houndstone",0.21435,79,0.088],[77,"Espeon",0.21017,341,0.382],[78,"Decidueye-Hisui",0.20862,90,0.101],[79,"Smeargle",0.2068,184,0.206],[80,"Jolteon",0.20615,439,0.492],[81,"Typhlosion-Hisui",0.19513,109,0.122],[82,"Scream Tail",0.19431,154,0.172],[83,"Bronzong",0.19405,312,0.349],[84,"Cloyster",0.19335,501,0.561],[85,"Feraligatr",0.19169,253,0.283],[86,"Grimmsnarl",0.18946,350,0.392],[87,"Galvantula",0.18368,920,1.03],[88,"Indeedee",0.18186,203,0.227],[89,"Chandelure",0.17662,554,0.62],[90,"Reuniclus",0.16779,143,0.16],[91,"Chansey",0.1632,130,0.146],[92,"Deoxys-Defense",0.16084,384,0.43],[93,"Mimikyu",0.15918,564,0.631],[94,"Cresselia",0.15053,98,0.11],[95,"Scyther",0.14655,486,0.544],[96,"Zoroark",0.13599,45,0.05],[97,"Ambipom",0.13505,297,0.333],[98,"Duraludon",0.13029,190,0.213],[99,"Cinccino",0.12913,168,0.188],[100,"Tentacruel",0.12583,225,0.252],[101,"Toedscruel",0.12474,43,0.048],[102,"Amoonguss",0.11385,91,0.102],[103,"Brambleghast",0.11307,172,0.193],[104,"Altaria",0.11028,68,0.076],[105,"Misdreavus",0.10979,63,0.071],[106,"Incineroar",0.09743,407,0.456],[107,"Sylveon",0.09247,91,0.102],[108,"Inteleon",0.08946,84,0.094],[109,"Rotom-Mow",0.0859,81,0.091],[110,"Decidueye",0.0826,63,0.071],[111,"Wo-Chien",0.08111,119,0.133],[112,"Vaporeon",0.07799,102,0.114],[113,"Hattrem",0.07674,97,0.109],[114,"Lucario",0.07233,144,0.161],[115,"Whiscash",0.0695,36,0.04],[116,"Hitmonchan",0.06891,45,0.05],[117,"Scrafty",0.06832,86,0.096],[118,"Salazzle",0.06813,145,0.162],[119,"Uxie",0.06658,110,0.123],[120,"Exeggutor-Alola",0.06639,103,0.115],[121,"Sandslash-Alola",0.06457,26,0.029],[122,"Hariyama",0.06278,79,0.088],[123,"Mew",0.05993,35,0.039],[124,"Sandaconda",0.05975,85,0.095],[125,"Piloswine",0.0531,19,0.021],[126,"Sneasel",0.05234,10,0.011],[127,"Gurdurr",0.05142,41,0.046],[128,"Braviary-Hisui",0.05123,82,0.092],[129,"Grafaiai",0.04923,105,0.118],[130,"Palossand",0.04814,87,0.097],[131,"Mudsdale",0.04789,108,0.121],[132,"Cetitan",0.0477,47,0.053],[133,"Passimian",0.04374,20,0.022],[134,"Comfey",0.04334,37,0.041],[135,"Glimmet",0.04222,28,0.031],[136,"Talonflame",0.04162,54,0.06],[137,"Dragalge",0.04113,60,0.067],[138,"Charizard",0.04081,204,0.228],[139,"Toxicroak",0.03921,128,0.143],[140,"Vileplume",0.03432,62,0.069],[141,"Dudunsparce",0.03375,98,0.11],[142,"Bombirdier",0.03268,51,0.057],[143,"Hitmontop",0.03189,72,0.081],[144,"Kingdra",0.03132,57,0.064],[145,"Coalossal",0.03029,98,0.11],[146,"Trevenant",0.02995,205,0.23],[147,"Arcanine",0.02924,165,0.185],[148,"Avalugg-Hisui",0.02893,168,0.188],[149,"Meloetta",0.0271,30,0.034],[150,"Sableye",0.02671,124,0.139],[151,"Delibird",0.02582,16,0.018],[152,"Ditto",0.02558,65,0.073],[153,"Frosmoth",0.02551,12,0.013],[154,"Oricorio-Sensu",0.02466,54,0.06],[155,"Porygon2",0.02452,109,0.122],[156,"Sceptile",0.02352,56,0.063],[157,"Heracross",0.02251,82,0.092],[158,"Braviary",0.02106,80,0.09],[159,"Carbink",0.02097,37,0.041],[160,"Shiftry",0.01985,31,0.035],[161,"Scovillain",0.0196,15,0.017],[162,"Drifblim",0.01864,65,0.073],[163,"Arboliva",0.0171,67,0.075],[164,"Mesprit",0.01705,24,0.027],[165,"Shaymin",0.01661,18,0.02],[166,"Eelektross",0.01647,39,0.044],[167,"Drednaw",0.01602,20,0.022],[168,"Crabominable",0.01566,6,0.007],[169,"Mismagius",0.01444,24,0.027],[170,"Zebstrika",0.01427,9,0.01],[171,"Raichu-Alola",0.01371,17,0.019],[172,"Dusknoir",0.01345,28,0.031],[173,"Venusaur",0.0132,54,0.06],[174,"Hitmonlee",0.01302,74,0.083],[175,"Tauros-Paldea-Aqua",0.01279,59,0.066],[176,"Masquerain",0.01247,64,0.072],[177,"Typhlosion",0.01244,68,0.076],[178,"Graveler",0.01223,2,0.002],[179,"Orthworm",0.01197,51,0.057],[180,"Muk",0.01196,18,0.02],[181,"Skuntank",0.01085,29,0.032],[182,"Mareanie",0.01006,2,0.002],[183,"Grumpig",0.00974,16,0.018],[184,"Tauros-Paldea-Blaze",0.00944,38,0.043],[185,"Milotic",0.00916,116,0.13],[186,"Whimsicott",0.00911,131,0.147],[187,"Zangoose",0.00902,30,0.034],[188,"Swalot",0.00874,10,0.011],[189,"Avalugg",0.00846,23,0.026],[190,"Alcremie",0.00831,19,0.021],[191,"Houndoom",0.00818,32,0.036],[192,"Ludicolo",0.00788,25,0.028],[193,"Articuno-Galar",0.00783,32,0.036],[194,"Hoopa",0.00782,27,0.03],[195,"Ariados",0.00729,46,0.052],[196,"Luxray",0.00699,23,0.026],[197,"Florges",0.0067,14,0.016],[198,"Veluza",0.00668,8,0.009],[199,"Gabite",0.00658,7,0.008],[200,"Delphox",0.00649,29,0.032],[201,"Lurantis",0.0063,53,0.059],[202,"Tauros",0.00592,15,0.017],[203,"Floatzel",0.00585,15,0.017],[204,"Rotom-Fan",0.00547,9,0.01],[205,"Regirock",0.00526,135,0.151],[206,"Spidops",0.00515,52,0.058],[207,"Pichu",0.00511,1,0.001],[208,"Lapras",0.00497,34,0.038],[209,"Lanturn",0.00494,17,0.019],[210,"Copperajah",0.00485,43,0.048],[211,"Dunsparce",0.00485,13,0.015],[212,"Golem-Alola",0.00472,51,0.057],[213,"Electivire",0.00465,28,0.031],[214,"Goodra",0.00444,27,0.03],[215,"Tatsugiri",0.00426,30,0.034],[216,"Magcargo",0.00426,15,0.017],[217,"Poliwrath",0.00395,11,0.012],[218,"Electrode",0.00367,15,0.017],[219,"Farigiraf",0.00358,13,0.015],[220,"Cottonee",0.00353,2,0.002],[221,"Squirtle",0.00347,1,0.001],[222,"Beartic",0.00336,3,0.003],[223,"Primeape",0.0033,23,0.026],[224,"Meowstic",0.00325,24,0.027],[225,"Bastiodon",0.00319,70,0.078],[226,"Bruxish",0.00308,25,0.028],[227,"Virizion",0.00291,11,0.012],[228,"Emboar",0.00291,16,0.018],[229,"Golem",0.00289,48,0.054],[230,