{"total":92230,"data":{"header":["Rank","Pokemon","Usage Percentage","Usage Raw","Usage Raw Percentage"],"rows":[[1,"Kleavor",9.59081,7371,7.992],[2,"Ribombee",7.3238,5746,6.23],[3,"Forretress",5.06336,3856,4.181],[4,"Jirachi",3.54295,2453,2.66],[5,"Politoed",3.34941,2395,2.597],[6,"Mienshao",2.81046,2088,2.264],[7,"Krookodile",2.51778,2679,2.905],[8,"Entei",2.16145,1213,1.315],[9,"Chesnaught",1.97814,1771,1.92],[10,"Cyclizar",1.97481,1893,2.052],[11,"Muk-Alola",1.84998,1306,1.416],[12,"Lycanroc-Dusk",1.79958,1576,1.709],[13,"Lycanroc",1.70494,1445,1.567],[14,"Basculegion-F",1.68218,988,1.071],[15,"Terrakion",1.61301,899,0.975],[16,"Mew",1.60925,1366,1.481],[17,"Talonflame",1.59297,1694,1.837],[18,"Torkoal",1.54575,1981,2.148],[19,"Magnezone",1.53828,1299,1.408],[20,"Gastrodon",1.42641,1118,1.212],[21,"Quagsire",1.34841,1338,1.451],[22,"Suicune",1.31756,950,1.03],[23,"Breloom",1.3134,1195,1.296],[24,"Goodra-Hisui",1.18315,880,0.954],[25,"Empoleon",1.17483,1219,1.322],[26,"Noivern",1.17194,1086,1.177],[27,"Armarouge",1.1369,801,0.868],[28,"Gallade",1.11017,704,0.763],[29,"Barraskewda",1.06756,458,0.497],[30,"Crawdaunt",1.03615,873,0.947],[31,"Swampert",1.00626,590,0.64],[32,"Diancie",0.99935,1214,1.316],[33,"Azelf",0.97025,904,0.98],[34,"Slowbro",0.96561,796,0.863],[35,"Gengar",0.95645,1461,1.584],[36,"Registeel",0.94439,1049,1.137],[37,"Ninetales-Alola",0.89533,623,0.675],[38,"Flamigo",0.89252,348,0.377],[39,"Regidrago",0.83327,431,0.467],[40,"Iron Thorns",0.71763,401,0.435],[41,"Galvantula",0.68893,1003,1.087],[42,"Torterra",0.64986,1022,1.108],[43,"Slowbro-Galar",0.62372,352,0.382],[44,"Maushold",0.57565,745,0.808],[45,"Araquanid",0.57308,739,0.801],[46,"Gardevoir",0.54291,502,0.544],[47,"Gligar",0.52228,398,0.432],[48,"Blissey",0.49416,590,0.64],[49,"Thwackey",0.48561,320,0.347],[50,"Mimikyu",0.47647,474,0.514],[51,"Toxtricity",0.43557,253,0.274],[52,"Tsareena",0.43517,221,0.24],[53,"Feraligatr",0.43358,362,0.392],[54,"Porygon-Z",0.4321,630,0.683],[55,"Bellibolt",0.42957,260,0.282],[56,"Deoxys-Defense",0.42173,527,0.571],[57,"Umbreon",0.40418,520,0.564],[58,"Kilowattrel",0.39212,361,0.391],[59,"Hippopotas",0.37507,83,0.09],[60,"Flygon",0.3634,525,0.569],[61,"Ninetales",0.36259,405,0.439],[62,"Tauros-Paldea-Aqua",0.362,127,0.138],[63,"Smeargle",0.33847,316,0.343],[64,"Jolteon",0.33843,401,0.435],[65,"Bisharp",0.33815,594,0.644],[66,"Pawmot",0.33806,109,0.118],[67,"Indeedee",0.33194,306,0.332],[68,"Golurk",0.3033,227,0.246],[69,"Weezing",0.29314,235,0.255],[70,"Klefki",0.28004,456,0.494],[71,"Staraptor",0.2681,265,0.287],[72,"Cloyster",0.265,566,0.614],[73,"Espeon",0.26096,479,0.519],[74,"Necrozma",0.23839,211,0.229],[75,"Raikou",0.23512,221,0.24],[76,"Basculegion",0.22341,156,0.169],[77,"Munkidori",0.21432,109,0.118],[78,"Rotom-Heat",0.21388,424,0.46],[79,"Kingdra",0.20231,73,0.079],[80,"Toxicroak",0.19749,137,0.149],[81,"Typhlosion-Hisui",0.19605,112,0.121],[82,"Sandslash-Alola",0.19478,61,0.066],[83,"Brambleghast",0.18766,101,0.11],[84,"Cinccino",0.18607,190,0.206],[85,"Bronzong",0.17959,255,0.276],[86,"Tentacruel",0.17758,209,0.227],[87,"Infernape",0.1768,377,0.409],[88,"Rhyperior",0.16905,661,0.717],[89,"Tornadus",0.16628,209,0.227],[90,"Amoonguss",0.16217,91,0.099],[91,"Froslass",0.14264,178,0.193],[92,"Grimmsnarl",0.1426,318,0.345],[93,"Chandelure",0.14076,504,0.546],[94,"Ditto",0.13601,79,0.086],[95,"Decidueye-Hisui",0.12145,76,0.082],[96,"Uxie",0.11767,161,0.175],[97,"Duraludon",0.11656,131,0.142],[98,"Sylveon",0.10175,73,0.079],[99,"Scream Tail",0.09907,173,0.188],[100,"Reuniclus",0.09668,130,0.141],[101,"Bombirdier",0.09407,62,0.067],[102,"Wo-Chien",0.08982,108,0.117],[103,"Ambipom",0.08842,318,0.345],[104,"Cresselia",0.08676,53,0.057],[105,"Sandaconda",0.07785,129,0.14],[106,"Brute Bonnet",0.07686,15,0.016],[107,"Overqwil",0.07511,142,0.154],[108,"Vaporeon",0.07487,162,0.176],[109,"Dugtrio",0.07449,28,0.03],[110,"Milotic",0.07345,83,0.09],[111,"Meloetta",0.07295,149,0.162],[112,"Hattrem",0.07226,55,0.06],[113,"Salazzle",0.07222,176,0.191],[114,"Incineroar",0.07072,274,0.297],[115,"Chansey",0.06946,105,0.114],[116,"Heracross",0.06826,108,0.117],[117,"Scrafty",0.06625,65,0.07],[118,"Rotom-Mow",0.06619,78,0.085],[119,"Decidueye",0.06607,53,0.057],[120,"Grafaiai",0.06527,110,0.119],[121,"Scyther",0.06382,295,0.32],[122,"Porygon2",0.06145,104,0.113],[123,"Mudsdale",0.06023,163,0.177],[124,"Gurdurr",0.05902,72,0.078],[125,"Arboliva",0.05794,42,0.046],[126,"Goodra",0.05589,48,0.052],[127,"Mabosstiff",0.05566,31,0.034],[128,"Lucario",0.05222,131,0.142],[129,"Piloswine",0.04992,23,0.025],[130,"Altaria",0.04898,30,0.033],[131,"Cetitan",0.04881,34,0.037],[132,"Coalossal",0.04827,92,0.1],[133,"Houndstone",0.04804,41,0.044],[134,"Inteleon",0.04799,141,0.153],[135,"Dragalge",0.04795,101,0.11],[136,"Carbink",0.04745,32,0.035],[137,"Drednaw",0.04725,22,0.024],[138,"Vikavolt",0.04639,212,0.23],[139,"Pincurchin",0.04552,217,0.235],[140,"Dudunsparce",0.03962,113,0.123],[141,"Avalugg",0.03886,29,0.031],[142,"Palossand",0.03791,52,0.056],[143,"Delibird",0.03628,37,0.04],[144,"Golem-Alola",0.03239,51,0.055],[145,"Electrode-Hisui",0.03107,148,0.16],[146,"Naclstack",0.03049,34,0.037],[147,"Electrode",0.02985,42,0.046],[148,"Vileplume",0.0291,69,0.075],[149,"Exeggutor-Alola",0.02895,54,0.059],[150,"Hitmontop",0.02703,70,0.076],[151,"Sceptile",0.02663,103,0.112],[152,"Dipplin",0.02607,9,0.01],[153,"Poliwrath",0.02562,34,0.037],[154,"Whimsicott",0.02498,98,0.106],[155,"Rotom-Frost",0.02424,26,0.028],[156,"Rhydon",0.02421,64,0.069],[157,"Avalugg-Hisui",0.02322,49,0.053],[158,"Spidops",0.02143,141,0.153],[159,"Shiftry",0.02095,15,0.016],[160,"Charizard",0.02062,114,0.124],[161,"Hariyama",0.02027,62,0.067],[162,"Minior",0.01986,62,0.067],[163,"Sneasel",0.01963,15,0.016],[164,"Arcanine",0.01892,108,0.117],[165,"Hitmonlee",0.0187,54,0.059],[166,"Hoopa",0.01832,37,0.04],[167,"Dusknoir",0.01788,41,0.044],[168,"Indeedee-F",0.01729,34,0.037],[169,"Leavanny",0.01677,53,0.057],[170,"Veluza",0.01616,20,0.022],[171,"Qwilfish",0.01579,10,0.011],[172,"Snorlax",0.01575,64,0.069],[173,"Oricorio-Sensu",0.01545,47,0.051],[174,"Clawitzer",0.01536,56,0.061],[175,"Grumpig",0.01502,24,0.026],[176,"Houndoom",0.01495,36,0.039],[177,"Muk",0.01422,29,0.031],[178,"Floatzel",0.01402,23,0.025],[179,"Skuntank",0.01364,68,0.074],[180,"Honchkrow",0.01358,54,0.059],[181,"Scovillain",0.01291,8,0.009],[182,"Abomasnow",0.01264,66,0.072],[183,"Primeape",0.01229,41,0.044],[184,"Alcremie",0.01226,4,0.004],[185,"Virizion",0.01217,4,0.004],[186,"Slaking",0.01211,34,0.037],[187,"Typhlosion",0.01181,40,0.043],[188,"Eelektross",0.01177,21,0.023],[189,"Ariados",0.01176,36,0.039],[190,"Misdreavus",0.01061,51,0.055],[191,"Basculin",0.01016,18,0.02],[192,"Dunsparce",0.0097,51,0.055],[193,"Klawf",0.00954,10,0.011],[194,"Tatsugiri",0.0095,42,0.046],[195,"Braviary-Hisui",0.00919,34,0.037],[196,"Medicham",0.00893,15,0.016],[197,"Bruxish",0.00878,12,0.013],[198,"Spiritomb",0.00852,14,0.015],[199,"Granbull",0.00834,22,0.024],[200,"Mismagius",0.00831,39,0.042],[201,"Braviary",0.00826,23,0.025],[202,"Toedscruel",0.00816,19,0.021],[203,"Florges",0.00813,34,0.037],[204,"Sableye",0.00801,49,0.053],[205,"Pikachu",0.00784,48,0.052],[206,"Articuno-Galar",0.00771,32,0.035],[207,"Hitmonchan",0.00767,21,0.023],[208,"Qwilfish-Hisui",0.00734,49,0.053],[209,"Tinkatuff",0.00676,36,0.039],[210,"Regirock",0.00647,96,0.104],[211,"Sandslash",0.0061,9,0.01],[212,"Sneasel-Hisui",0.00608,4,0.004],[213,"Leafeon",0.00601,27,0.029],[214,"Masquerain",0.00575,34,0.037],[215,"Mesprit",0.00573,88,0.095],[216,"Magmortar",0.00502,25,0.027],[217,"Zoroark",0.00501,30,0.033],[218,"Raichu-Alola",0.00484,24,0.026],[219,"Trevenant",0.00483,103,0.112],[220,"Mareanie",0.00471,2,0.002],[221,"Flareon",0.00461,59,0.064],[222,"Toucannon",0.00453,20,0.022],[223,"Perrserker",0.00431,56,0.061],[224,"Crocalor",0.00425,3,0.003],[225,"Shaymin",0.00424,8,0.009],[226,"Golem",0.00419,113,0.123],[227,"Venomoth",0.00418,32,0.035],[228,"Tauros-Paldea-Blaze",0.00416,16,