{"total":74684,"data":{"header":["Rank","Pokemon","Usage Percentage","Usage Raw","Usage Raw Percentage"],"rows":[[1,"Kleavor",8.13637,5878,7.87],[2,"Ribombee",7.24956,5674,7.597],[3,"Lycanroc",3.82427,1636,2.191],[4,"Krookodile",3.10774,2110,2.825],[5,"Mienshao",2.88853,1794,2.402],[6,"Jirachi",2.84905,1966,2.632],[7,"Chesnaught",2.83945,1372,1.837],[8,"Politoed",2.76969,2073,2.776],[9,"Forretress",2.72229,2795,3.742],[10,"Talonflame",2.61079,1798,2.407],[11,"Cyclizar",2.28596,1572,2.105],[12,"Terrakion",2.1243,847,1.134],[13,"Basculegion-F",2.03281,784,1.05],[14,"Muk-Alola",1.99836,1225,1.64],[15,"Magnezone",1.54484,978,1.31],[16,"Mew",1.54366,1194,1.599],[17,"Entei",1.52405,785,1.051],[18,"Breloom",1.45486,1080,1.446],[19,"Lycanroc-Dusk",1.43437,1293,1.731],[20,"Torkoal",1.40351,1158,1.551],[21,"Slowbro",1.383,808,1.082],[22,"Empoleon",1.36294,1046,1.401],[23,"Gengar",1.36279,1169,1.565],[24,"Necrozma",1.33691,391,0.524],[25,"Noivern",1.33283,833,1.115],[26,"Crawdaunt",1.31331,697,0.933],[27,"Gastrodon",1.27977,801,1.073],[28,"Gallade",1.22745,669,0.896],[29,"Barraskewda",1.22049,443,0.593],[30,"Goodra-Hisui",1.14655,697,0.933],[31,"Quagsire",1.11239,993,1.33],[32,"Registeel",0.94783,762,1.02],[33,"Diancie",0.84787,727,0.973],[34,"Blissey",0.76119,425,0.569],[35,"Armarouge",0.7421,611,0.818],[36,"Slowbro-Galar",0.72077,253,0.339],[37,"Azelf",0.70137,728,0.975],[38,"Suicune",0.67811,1134,1.518],[39,"Torterra",0.65442,741,0.992],[40,"Flygon",0.65139,401,0.537],[41,"Golurk",0.64285,214,0.287],[42,"Gligar",0.63806,311,0.416],[43,"Raikou",0.6372,349,0.467],[44,"Gardevoir",0.60991,415,0.556],[45,"Scream Tail",0.59411,134,0.179],[46,"Maushold",0.58451,737,0.987],[47,"Kilowattrel",0.56555,505,0.676],[48,"Porygon-Z",0.54181,574,0.769],[49,"Ninetales-Alola",0.53516,367,0.491],[50,"Regidrago",0.51555,373,0.499],[51,"Basculegion",0.48799,195,0.261],[52,"Araquanid",0.48685,581,0.778],[53,"Flamigo",0.47666,269,0.36],[54,"Deoxys-Defense",0.47606,303,0.406],[55,"Thwackey",0.47187,291,0.39],[56,"Hattrem",0.47167,144,0.193],[57,"Klefki",0.45138,349,0.467],[58,"Galvantula",0.43674,877,1.174],[59,"Swampert",0.42525,468,0.627],[60,"Iron Thorns",0.41946,275,0.368],[61,"Toxtricity",0.41109,203,0.272],[62,"Munkidori",0.38389,168,0.225],[63,"Infernape",0.38268,261,0.349],[64,"Feraligatr",0.36902,329,0.441],[65,"Bellibolt",0.36167,147,0.197],[66,"Rhyperior",0.33868,210,0.281],[67,"Tsareena",0.32053,159,0.213],[68,"Bisharp",0.30544,400,0.536],[69,"Indeedee",0.28781,208,0.279],[70,"Staraptor",0.278,204,0.273],[71,"Pawmot",0.27598,101,0.135],[72,"Ninetales",0.26494,304,0.407],[73,"Tentacruel",0.25967,263,0.352],[74,"Mimikyu",0.25312,409,0.548],[75,"Rotom-Heat",0.25125,366,0.49],[76,"Espeon",0.23403,182,0.244],[77,"Cloyster",0.23291,423,0.566],[78,"Umbreon",0.22616,313,0.419],[79,"Tornadus",0.22022,222,0.297],[80,"Brambleghast",0.21718,147,0.197],[81,"Bronzong",0.21653,195,0.261],[82,"Uxie",0.20381,119,0.159],[83,"Toxicroak",0.20116,129,0.173],[84,"Incineroar",0.18735,375,0.502],[85,"Amoonguss",0.16714,63,0.084],[86,"Decidueye-Hisui",0.15709,103,0.138],[87,"Ditto",0.14856,76,0.102],[88,"Porygon2",0.14504,81,0.108],[89,"Wo-Chien",0.13809,71,0.095],[90,"Overqwil",0.13687,103,0.138],[91,"Chansey",0.13564,97,0.13],[92,"Vaporeon",0.13273,162,0.217],[93,"Reuniclus",0.1278,123,0.165],[94,"Piloswine",0.1256,39,0.052],[95,"Sneasel-Hisui",0.12035,29,0.039],[96,"Kingdra",0.10101,38,0.051],[97,"Weezing",0.09943,134,0.179],[98,"Sandaconda",0.0993,60,0.08],[99,"Vikavolt",0.09918,133,0.178],[100,"Heracross",0.09908,62,0.083],[101,"Scyther",0.09821,101,0.135],[102,"Sandslash",0.09615,29,0.039],[103,"Chandelure",0.09174,363,0.486],[104,"Avalugg-Hisui",0.09057,154,0.206],[105,"Altaria",0.0868,44,0.059],[106,"Carbink",0.08655,38,0.051],[107,"Lucario",0.08381,136,0.182],[108,"Palossand",0.08303,99,0.133],[109,"Cresselia",0.08132,56,0.075],[110,"Dragalge",0.0792,50,0.067],[111,"Froslass",0.07914,194,0.26],[112,"Medicham",0.07845,38,0.051],[113,"Bombirdier",0.0745,20,0.027],[114,"Sandslash-Alola",0.07303,48,0.064],[115,"Grafaiai",0.07193,140,0.187],[116,"Crabominable",0.06892,27,0.036],[117,"Primeape",0.06017,30,0.04],[118,"Houndstone",0.05972,21,0.028],[119,"Golem-Alola",0.0594,34,0.046],[120,"Muk",0.05886,29,0.039],[121,"Sylveon",0.05857,105,0.141],[122,"Grimmsnarl",0.05576,236,0.316],[123,"Smeargle",0.0555,141,0.189],[124,"Scrafty",0.05546,55,0.074],[125,"Coalossal",0.04855,60,0.08],[126,"Sableye",0.04779,83,0.111],[127,"Salazzle",0.04736,231,0.309],[128,"Floatzel",0.0449,31,0.042],[129,"Decidueye",0.04455,46,0.062],[130,"Milotic",0.04373,62,0.083],[131,"Jolteon",0.04321,222,0.297],[132,"Electrode-Hisui",0.04092,170,0.228],[133,"Pincurchin",0.04028,99,0.133],[134,"Typhlosion-Hisui",0.03944,66,0.088],[135,"Tauros-Paldea-Blaze",0.03834,24,0.032],[136,"Cramorant",0.03618,32,0.043],[137,"Veluza",0.03561,20,0.027],[138,"Indeedee-F",0.03403,55,0.074],[139,"Hariyama",0.03377,39,0.052],[140,"Hitmontop",0.03273,19,0.025],[141,"Masquerain",0.03135,48,0.064],[142,"Hippopotas",0.03129,25,0.033],[143,"Cinccino",0.0307,110,0.147],[144,"Regirock",0.02986,49,0.066],[145,"Exeggutor-Alola",0.02896,28,0.037],[146,"Vileplume",0.02875,51,0.068],[147,"Mudsdale",0.02848,136,0.182],[148,"Venusaur",0.02839,30,0.04],[149,"Brute Bonnet",0.02837,23,0.031],[150,"Glastrier",0.02827,14,0.019],[151,"Inteleon",0.02814,109,0.146],[152,"Rhydon",0.02739,62,0.083],[153,"Braviary-Hisui",0.02634,29,0.039],[154,"Rotom-Mow",0.02634,50,0.067],[155,"Qwilfish",0.02608,27,0.036],[156,"Zoroark",0.02471,20,0.027],[157,"Magmortar",0.02361,54,0.072],[158,"Ambipom",0.02118,98,0.131],[159,"Basculin",0.0197,16,0.021],[160,"Magneton",0.01886,13,0.017],[161,"Banette",0.01861,17,0.023],[162,"Raichu-Alola",0.01774,14,0.019],[163,"Slaking",0.01722,69,0.092],[164,"Mabosstiff",0.01713,3,0.004],[165,"Wugtrio",0.01703,9,0.012],[166,"Florges",0.01516,12,0.016],[167,"Goodra",0.01496,20,0.027],[168,"Dusclops",0.01484,32,0.043],[169,"Dugtrio-Alola",0.01474,9,0.012],[170,"Hoopa",0.01385,18,0.024],[171,"Gurdurr",0.01378,16,0.021],[172,"Minior",0.01364,19,0.025],[173,"Copperajah",0.01352,44,0.059],[174,"Shiftry",0.01341,37,0.05],[175,"Lycanroc-Midnight",0.01321,17,0.023],[176,"Furret",0.01292,23,0.031],[177,"Hitmonlee",0.0126,23,0.031],[178,"Qwilfish-Hisui",0.01134,48,0.064],[179,"Mesprit",0.01118,19,0.025],[180,"Duraludon",0.01099,36,0.048],[181,"Ursaring",0.01055,5,0.007],[182,"Toedscruel",0.01037,20,0.027],[183,"Golduck",0.01036,11,0.015],[184,"Dodrio",0.01036,11,0.015],[185,"Tauros-Paldea-Aqua",0.01018,34,0.046],[186,"Cryogonal",0.01016,17,0.023],[187,"Orthworm",0.01002,37,0.05],[188,"Drednaw",0.00977,12,0.016],[189,"Honchkrow",0.00904,28,0.037],[190,"Scovillain",0.00902,7,0.009],[191,"Glimmet",0.00897,20,0.027],[192,"Tatsugiri",0.00891,13,0.017],[193,"Avalugg",0.0084,15,0.02],[194,"Electrode",0.00821,37,0.05],[195,"Leavanny",0.00816,45,0.06],[196,"Meloetta",0.00813,24,0.032],[197,"Braviary",0.00804,19,0.025],[198,"Spidops",0.00799,95,0.127],[199,"Rotom",0.00765,12,0.016],[200,"Virizion",0.00724,23,0.031],[201,"Regice",0.00723,8,0.011],[202,"Delibird",0.00707,6,0.008],[203,"Sawsbuck",0.00699,18,0.024],[204,"Malamar",0.00679,12,0.016],[205,"Spiritomb",0.00669,7,0.009],[206,"Camerupt",0.00668,3,0.004],[207,"Whimsicott",0.00665,43,0.058],[208,"Rabsca",0.00659,11,0.015],[209,"Hitmonchan",0.00659,39,0.052],[210,"Frosmoth",0.00653,13,0.017],[211,"Delphox",0.00647,23,0.031],[212,"Skuntank",0.00564,12,0.016],[213,"Shaymin",0.00549,7,0.009],[214,"Oricorio-Sensu",0.00543,23,0.031],[215,"Emboar",0.00538,13,0.017],[216,"Dipplin",0.00536,7,0.009],[217,"Arcanine",0.00531,54,0.072],[218,"Glaceon",0.00521,8,0.011],[219,"Sceptile",0.00497,14,0.019],[220,"Morpeko",0.00482,19,0.025],[221,"Beartic",0.00466,4,0.005],[222,"Articuno",0.00441,20,0.027],[223,"Granbull",0.00436,11,0.015],[224,"Sneasel",0.00436,10,0.013],[225,"Haunter",0.00396,5,0.007],[226,"Houndoom",0.00391,20,0.027],[227,"Swalot",0.00368,2,0.003],[228,"Nosepass",0.0036,6,0.008],[229,"Crocalor",0.00342,6,0.008],