{"total":37342,"weight":0.2,"data":{"header":["Rank","Pokemon","Usage Percentage","Usage Raw","Usage Raw Percentage","Usage Real","Usage Real Percentage"],"rows":[[1,"Mimikyu",21.43341,11889,15.919,9166,15.154],[2,"Krookodile",20.3264,14097,18.876,11603,19.183],[3,"Chesnaught",19.51115,10302,13.794,8964,14.82],[4,"Bisharp",18.63274,11947,15.997,9097,15.04],[5,"Talonflame",17.89636,11968,16.025,10075,16.657],[6,"Gengar",17.72135,13811,18.493,10605,17.533],[7,"Armarouge",17.44164,11038,14.78,8233,13.611],[8,"Slowbro",17.09383,10664,14.279,8786,14.526],[9,"Basculegion-F",14.98268,8334,11.159,6617,10.94],[10,"Cyclizar",14.37774,10873,14.559,8829,14.597],[11,"Noivern",13.19883,9225,12.352,7469,12.348],[12,"Goodra-Hisui",12.86793,8991,12.039,7382,12.204],[13,"Entei",12.81491,7398,9.906,5896,9.748],[14,"Kleavor",12.16701,9898,13.253,9020,14.912],[15,"Ribombee",11.87485,9250,12.386,8454,13.977],[16,"Torterra",11.79948,8024,10.744,6161,10.186],[17,"Crawdaunt",11.64836,7028,9.41,5690,9.407],[18,"Jirachi",10.95728,7630,10.216,6460,10.68],[19,"Forretress",10.77137,10467,14.015,9167,15.155],[20,"Muk-Alola",10.40609,7341,9.829,6351,10.5],[21,"Mienshao",9.77414,7433,9.953,6059,10.017],[22,"Gallade",9.15876,7225,9.674,5395,8.919],[23,"Quagsire",8.79358,7250,9.708,5793,9.577],[24,"Empoleon",8.77404,6015,8.054,5183,8.569],[25,"Magnezone",8.43972,6450,8.636,5370,8.878],[26,"Diancie",8.28434,4161,5.571,3299,5.454],[27,"Terrakion",8.19519,3696,4.949,2897,4.789],[28,"Breloom",8.16221,8396,11.242,6906,11.417],[29,"Porygon-Z",7.52965,6112,8.184,4562,7.542],[30,"Politoed",7.24778,5325,7.13,4874,8.058],[31,"Gastrodon",7.18747,4517,6.048,3868,6.395],[32,"Gardevoir",7.00899,5096,6.823,3903,6.453],[33,"Blissey",6.98744,4730,6.333,3848,6.362],[34,"Maushold",6.91176,6248,8.366,4711,7.789],[35,"Mew",6.46873,4134,5.535,3377,5.583],[36,"Suicune",6.21839,5004,6.7,4141,6.846],[37,"Toxtricity",6.17828,3171,4.246,2349,3.884],[38,"Registeel",5.57611,3593,4.811,3101,5.127],[39,"Feraligatr",5.51003,4233,5.668,3146,5.201],[40,"Barraskewda",5.21434,2908,3.894,2409,3.983],[41,"Umbreon",4.89331,5904,7.905,4522,7.476],[42,"Necrozma",4.5759,1986,2.659,1533,2.534],[43,"Basculegion",4.28481,1816,2.432,1514,2.503],[44,"Lycanroc",4.19401,2051,2.746,1953,3.229],[45,"Cresselia",3.78845,2423,3.244,1521,2.515],[46,"Regidrago",3.57207,2648,3.546,2019,3.338],[47,"Lycanroc-Dusk",3.54876,3611,4.835,2996,4.953],[48,"Kilowattrel",3.53275,2834,3.795,2340,3.869],[49,"Torkoal",3.34755,2474,3.313,2294,3.793],[50,"Espeon",3.30468,2193,2.936,1630,2.695],[51,"Kingdra",3.10114,1304,1.746,1027,1.698],[52,"Ditto",3.09319,1324,1.773,941,1.556],[53,"Toxicroak",2.97317,1323,1.771,1114,1.842],[54,"Bellibolt",2.83856,1231,1.648,1034,1.709],[55,"Gligar",2.78723,1075,1.439,970,1.604],[56,"Flygon",2.65971,1921,2.572,1527,2.525],[57,"Venusaur",2.57636,1289,1.726,1061,1.754],[58,"Cloyster",2.5354,2722,3.645,2017,3.335],[59,"Tornadus",2.49914,1382,1.85,1093,1.807],[60,"Rhyperior",2.49645,1280,1.714,1069,1.767],[61,"Scream Tail",2.34438,986,1.32,802,1.326],[62,"Golurk",2.20421,1034,1.385,856,1.415],[63,"Deoxys-Defense",2.10413,1480,1.982,1225,2.025],[64,"Wo-Chien",2.0543,894,1.197,762,1.26],[65,"Raikou",2.03907,1604,2.148,1330,2.199],[66,"Tsareena",1.92999,1554,2.081,1282,2.119],[67,"Reuniclus",1.92123,1605,2.149,1152,1.905],[68,"Slowbro-Galar",1.83905,871,1.166,754,1.247],[69,"Staraptor",1.82575,1013,1.356,851,1.407],[70,"Brambleghast",1.8068,1472,1.971,1174,1.941],[71,"Overqwil",1.78697,1119,1.498,887,1.466],[72,"Tentacruel",1.75508,2149,2.877,1723,2.849],[73,"Hattrem",1.70316,482,0.645,391,0.646],[74,"Pawmot",1.69641,855,1.145,669,1.106],[75,"Altaria",1.62106,1025,1.372,802,1.326],[76,"Thwackey",1.62087,913,1.222,809,1.337],[77,"Vaporeon",1.52096,1472,1.971,1244,2.057],[78,"Ninetales-Alola",1.43708,1024,1.371,906,1.498],[79,"Iron Thorns",1.41062,1296,1.735,990,1.637],[80,"Grafaiai",1.40821,818,1.095,634,1.048],[81,"Lucario",1.35709,1992,2.667,1498,2.477],[82,"Araquanid",1.33642,1424,1.907,1280,2.116],[83,"Swampert",1.32873,1419,1.9,1226,2.027],[84,"Klefki",1.31638,946,1.267,850,1.405],[85,"Azelf",1.29491,1499,2.007,1307,2.161],[86,"Heracross",1.28398,879,1.177,687,1.136],[87,"Scrafty",1.26752,645,0.864,491,0.812],[88,"Flamigo",1.26369,892,1.194,773,1.278],[89,"Infernape",1.24369,1320,1.767,1086,1.795],[90,"Munkidori",1.14536,654,0.876,501,0.828],[91,"Amoonguss",1.123,862,1.154,722,1.194],[92,"Decidueye-Hisui",1.1118,718,0.961,615,1.017],[93,"Chansey",1.01454,1831,2.452,1164,1.924],[94,"Rotom-Heat",0.95718,1282,1.717,1134,1.875],[95,"Cetitan",0.94126,632,0.846,485,0.802],[96,"Scyther",0.91765,871,1.166,669,1.106],[97,"Houndstone",0.90517,456,0.611,373,0.617],[98,"Chandelure",0.819,2499,3.346,2018,3.336],[99,"Incineroar",0.81356,1669,2.235,1419,2.346],[100,"Sandslash-Alola",0.80194,432,0.578,348,0.575],[101,"Ninetales",0.77313,1366,1.829,1152,1.905],[102,"Galvantula",0.77093,1736,2.324,1547,2.558],[103,"Indeedee",0.75005,713,0.955,593,0.98],[104,"Bronzong",0.74544,640,0.857,572,0.946],[105,"Sylveon",0.69452,1022,1.368,774,1.28],[106,"Grimmsnarl",0.63917,932,1.248,739,1.222],[107,"Typhlosion-Hisui",0.63559,549,0.735,416,0.688],[108,"Scovillain",0.63147,421,0.564,334,0.552],[109,"Sableye",0.59255,518,0.694,453,0.749],[110,"Weezing",0.59161,470,0.629,425,0.703],[111,"Crabominable",0.529,274,0.367,206,0.341],[112,"Articuno-Galar",0.50969,492,0.659,333,0.551],[113,"Milotic",0.50679,946,1.267,741,1.225],[114,"Porygon2",0.50433,434,0.581,342,0.565],[115,"Salazzle",0.49544,1095,1.466,818,1.352],[116,"Rotom-Mow",0.46404,441,0.59,361,0.597],[117,"Avalugg",0.41186,372,0.498,287,0.474],[118,"Glastrier",0.4064,259,0.347,174,0.288],[119,"Oricorio-Sensu",0.39808,613,0.821,457,0.756],[120,"Vikavolt",0.38401,455,0.609,382,0.632],[121,"Palossand",0.36687,448,0.6,392,0.648],[122,"Brute Bonnet",0.36281,417,0.558,346,0.572],[123,"Ludicolo",0.36264,430,0.576,339,0.56],[124,"Drednaw",0.35331,255,0.341,179,0.296],[125,"Drifblim",0.34392,610,0.817,467,0.772],[126,"Whimsicott",0.34098,459,0.615,373,0.617],[127,"Hitmontop",0.33554,331,0.443,278,0.46],[128,"Dragalge",0.32377,345,0.462,283,0.468],[129,"Decidueye",0.31935,509,0.682,422,0.698],[130,"Tauros-Paldea-Aqua",0.31855,303,0.406,248,0.41],[131,"Frosmoth",0.31778,299,0.4,198,0.327],[132,"Shiftry",0.31671,252,0.337,199,0.329],[133,"Hitmonlee",0.29617,744,0.996,560,0.926],[134,"Zoroark",0.29505,369,0.494,169,0.279],[135,"Hoopa",0.284,308,0.412,242,0.4],[136,"Cinccino",0.28308,789,1.056,611,1.01],[137,"Hariyama",0.27892,302,0.404,240,0.397],[138,"Uxie",0.26925,305,0.408,272,0.45],[139,"Avalugg-Hisui",0.26623,295,0.395,268,0.443],[140,"Tatsugiri",0.26158,269,0.36,215,0.355],[141,"Bombirdier",0.24496,105,0.141,82,0.136],[142,"Veluza",0.23891,95,0.127,72,0.119],[143,"Sneasel-Hisui",0.23589,85,0.114,77,0.127],[144,"Floatzel",0.22962,264,0.353,209,0.346],[145,"Coalossal",0.22939,283,0.379,248,0.41],[146,"Tauros-Paldea-Blaze",0.22894,144,0.193,125,0.207],[147,"Vileplume",0.22681,478,0.64,383,0.633],[148,"Sandaconda",0.21317,203,0.272,167,0.276],[149,"Arboliva",0.2118,274,0.367,215,0.355],[150,"Piloswine",0.20204,165,0.221,131,0.217],[151,"Poliwrath",0.19762,145,0.194,112,0.185],[152,"Florges",0.19728,249,0.333,192,0.317],[153,"Sneasel",0.19608,126,0.169,94,0.155],[154,"Jolteon",0.19368,892,1.194,711,1.175],[155,"Charizard",0.18991,593,0.794,445,0.736],[156,"Sandslash",0.18948,133,0.178,113,0.187],[157,"Alcremie",0.18637,155,0.208,108,0.179],[158,"Meloetta",0.1851,290,0.388,231,0.382],[159,"Mudsdale",0.17637,619,0.829,512,0.846],[160,"Leafeon",0.17449,725,0.971,604,0.999],[161,"Braviary-Hisui",0.17344,310,0.415,216,0.357],[162,"Golem-Alola",0.17103,152,0.204,122,0.202],[163,"Ursaring",0.16913,122,0.163,103,0.17],[164,"Smeargle",0.16709,425,0.569,365,0.603],[165,"Virizion",0.16655,259,0.347,217,0.359],[166,"Primeape",0.15745,167,0.224,133,0.22],[167,"Cramorant",0.15355,226,0.303,180,0.298],[168,"Exeggutor-Alola",0.15351,251,0.336,195,0.322],[169,"Honchkrow",0.14991,464,0.621,363,0.6],[170,"Muk",0.14539,211,0.283,