{"total":2482248,"data":{"header":["Rank","Pokemon","Usage Percentage","Usage Raw","Usage Raw Percentage"],"rows":[[1,"Togekiss",7.32083,165574,6.67],[2,"Whimsicott",5.15999,137902,5.556],[3,"Incineroar",4.82026,114145,4.598],[4,"Dusclops",4.46374,100043,4.03],[5,"Lapras",4.27955,98488,3.968],[6,"Dragapult",4.197,87179,3.512],[7,"Indeedee-F",3.61378,81474,3.282],[8,"Excadrill",2.76184,62015,2.498],[9,"Venusaur",2.67346,60295,2.429],[10,"Tyranitar",2.31978,53742,2.165],[11,"Charizard",2.2976,53039,2.137],[12,"Milotic",2.2046,51653,2.081],[13,"Grimmsnarl",2.12691,56659,2.283],[14,"Raichu",1.77545,40849,1.646],[15,"Rotom-Wash",1.76435,38334,1.544],[16,"Duraludon",1.71783,41922,1.689],[17,"Arcanine",1.56854,37426,1.508],[18,"Hatterene",1.56572,36971,1.489],[19,"Gothitelle",1.38887,30544,1.23],[20,"Sableye",1.38319,37088,1.494],[21,"Mimikyu",1.38104,30232,1.218],[22,"Torkoal",1.27456,33569,1.352],[23,"Durant",1.24683,26734,1.077],[24,"Snorlax",1.06548,25506,1.028],[25,"Chandelure",1.03193,25863,1.042],[26,"Coalossal",1.00459,24815,1],[27,"Corviknight",0.98469,23388,0.942],[28,"Sylveon",0.89042,21338,0.86],[29,"Gengar",0.8674,21666,0.873],[30,"Butterfree",0.84864,23253,0.937],[31,"Clefairy",0.83199,17395,0.701],[32,"Conkeldurr",0.82647,22957,0.925],[33,"Liepard",0.81594,19817,0.798],[34,"Inteleon",0.78987,19583,0.789],[35,"Braviary",0.78316,18089,0.729],[36,"Meowstic",0.75,19116,0.77],[37,"Rhyperior",0.7294,19549,0.788],[38,"Gyarados",0.72321,19032,0.767],[39,"Alcremie",0.71238,18266,0.736],[40,"Passimian",0.6853,16412,0.661],[41,"Primarina",0.65897,15293,0.616],[42,"Ninetales-Alola",0.62688,16108,0.649],[43,"Dracozolt",0.58632,13394,0.54],[44,"Jellicent",0.57392,14648,0.59],[45,"Blastoise",0.55852,15604,0.629],[46,"Darmanitan-Galar",0.55062,14066,0.567],[47,"Persian-Alola",0.54904,11759,0.474],[48,"Hitmontop",0.53552,13476,0.543],[49,"Dracovish",0.53035,16162,0.651],[50,"Toxtricity",0.51078,14678,0.591],[51,"Goodra",0.50446,12292,0.495],[52,"Rotom-Heat",0.49477,13219,0.533],[53,"Rotom-Mow",0.46558,11878,0.479],[54,"Mudsdale",0.45816,11994,0.483],[55,"Reuniclus",0.43644,11767,0.474],[56,"Lucario",0.42236,12510,0.504],[57,"Pelipper",0.41444,14706,0.592],[58,"Orbeetle",0.41443,13331,0.537],[59,"Ninetales",0.40904,10927,0.44],[60,"Gastrodon",0.39256,12704,0.512],[61,"Bisharp",0.3922,9361,0.377],[62,"Togedemaru",0.38772,9047,0.364],[63,"Indeedee",0.38675,9400,0.379],[64,"Roserade",0.36993,7845,0.316],[65,"Ludicolo",0.35467,9623,0.388],[66,"Bronzong",0.27007,7115,0.287],[67,"Kingler",0.25505,6819,0.275],[68,"Hydreigon",0.24203,7038,0.284],[69,"Oranguru",0.23954,8554,0.345],[70,"Vanilluxe",0.23519,6648,0.268],[71,"Weezing-Galar",0.2348,7035,0.283],[72,"Aegislash",0.22662,5162,0.208],[73,"Obstagoon",0.22392,6046,0.244],[74,"Ferrothorn",0.20743,6534,0.263],[75,"Hawlucha",0.20342,6252,0.252],[76,"Malamar",0.19216,6646,0.268],[77,"Scrafty",0.16876,4859,0.196],[78,"Silvally",0.16838,4853,0.196],[79,"Weavile",0.15769,5299,0.213],[80,"Tsareena",0.14933,4059,0.164],[81,"Umbreon",0.14836,4250,0.171],[82,"Leafeon",0.14812,4955,0.2],[83,"Heliolisk",0.1469,4231,0.17],[84,"Pikachu",0.14481,4163,0.168],[85,"Sirfetch'd",0.14445,4157,0.167],[86,"Ribombee",0.14368,4604,0.185],[87,"Barraskewda",0.14222,4771,0.192],[88,"Salazzle",0.1305,4112,0.166],[89,"Gardevoir",0.12816,4386,0.177],[90,"Runerigus",0.12382,4644,0.187],[91,"Gallade",0.12106,4098,0.165],[92,"Clefable",0.11561,4315,0.174],[93,"Morpeko",0.11367,3827,0.154],[94,"Gourgeist-Super",0.10962,2764,0.111],[95,"Seismitoad",0.10897,3423,0.138],[96,"Mamoswine",0.1076,3141,0.127],[97,"Drifblim",0.10436,3495,0.141],[98,"Cinderace",0.10264,3743,0.151],[99,"Gigalith",0.1008,3015,0.121],[100,"Kommo-o",0.1007,3441,0.139],[101,"Diggersby",0.09798,2961,0.119],[102,"Rillaboom",0.09696,2917,0.118],[103,"Sigilyph",0.09628,3005,0.121],[104,"Centiskorch",0.09299,2831,0.114],[105,"Cofagrigus",0.09273,2673,0.108],[106,"Mandibuzz",0.09214,2513,0.101],[107,"Haxorus",0.08938,2613,0.105],[108,"Torracat",0.08764,1978,0.08],[109,"Polteageist",0.08518,2919,0.118],[110,"Noivern",0.0839,2798,0.113],[111,"Flapple",0.08387,2443,0.098],[112,"Mr. Mime-Galar",0.08366,2575,0.104],[113,"Beartic",0.08164,2577,0.104],[114,"Accelgor",0.08084,2172,0.088],[115,"Eldegoss",0.08008,2229,0.09],[116,"Drednaw",0.07351,2339,0.094],[117,"Sandaconda",0.07264,2498,0.101],[118,"Machamp",0.06864,2842,0.114],[119,"Sneasel",0.06565,1496,0.06],[120,"Manectric",0.06502,2097,0.084],[121,"Perrserker",0.06393,1997,0.08],[122,"Jolteon",0.06347,2265,0.091],[123,"Shiinotic",0.06134,2028,0.082],[124,"Araquanid",0.05947,1935,0.078],[125,"Swoobat",0.05873,2479,0.1],[126,"Vikavolt",0.05853,1795,0.072],[127,"Stonjourner",0.05788,2190,0.088],[128,"Klinklang",0.05608,1828,0.074],[129,"Vileplume",0.05544,1689,0.068],[130,"Toxicroak",0.05532,2018,0.081],[131,"Decidueye",0.05348,1796,0.072],[132,"Espeon",0.05326,1944,0.078],[133,"Slowpoke-Galar",0.05205,1557,0.063],[134,"Falinks",0.05185,1929,0.078],[135,"Dhelmise",0.05134,1727,0.07],[136,"Escavalier",0.04903,1748,0.07],[137,"Pincurchin",0.04868,1945,0.078],[138,"Crawdaunt",0.04854,1555,0.063],[139,"Drapion",0.04808,1919,0.077],[140,"Trevenant",0.04791,1680,0.068],[141,"Rotom-Fan",0.04708,1331,0.054],[142,"Cinccino",0.04507,1768,0.071],[143,"Hippowdon",0.04128,1439,0.058],[144,"Aromatisse",0.0406,1027,0.041],[145,"Flygon",0.03965,1452,0.058],[146,"Cursola",0.03834,1313,0.053],[147,"Toxapex",0.03815,1708,0.069],[148,"Corsola-Galar",0.03767,1311,0.053],[149,"Musharna",0.0367,1130,0.046],[150,"Hitmonlee",0.03648,1205,0.049],[151,"Golisopod",0.03627,1235,0.05],[152,"Slurpuff",0.0362,892,0.036],[153,"Dubwool",0.03617,1347,0.054],[154,"Togetic",0.03481,1373,0.055],[155,"Greedent",0.03406,1255,0.051],[156,"Shuckle",0.03255,1620,0.065],[157,"Mr. Rime",0.02987,1056,0.043],[158,"Boltund",0.02951,1333,0.054],[159,"Glaceon",0.02931,1033,0.042],[160,"Cramorant",0.02855,1164,0.047],[161,"Frosmoth",0.02846,925,0.037],[162,"Thievul",0.02738,778,0.031],[163,"Appletun",0.02691,1020,0.041],[164,"Galvantula",0.0261,972,0.039],[165,"Drampa",0.02567,1011,0.041],[166,"Eiscue",0.02567,1027,0.041],[167,"Dugtrio",0.02477,960,0.039],[168,"Copperajah",0.02442,902,0.036],[169,"Cherrim",0.02432,910,0.037],[170,"Claydol",0.0239,783,0.032],[171,"Darmanitan",0.02374,858,0.035],[172,"Abomasnow",0.02367,964,0.039],[173,"Steelix",0.02324,926,0.037],[174,"Dusknoir",0.0225,1120,0.045],[175,"Riolu",0.02224,875,0.035],[176,"Froslass",0.02196,785,0.032],[177,"Shiftry",0.02079,865,0.035],[178,"Qwilfish",0.01996,732,0.029],[179,"Mantine",0.01962,771,0.031],[180,"Cloyster",0.01902,1051,0.042],[181,"Gourgeist",0.01871,583,0.023],[182,"Sawk",0.01846,415,0.017],[183,"Vaporeon",0.01813,890,0.036],[184,"Arctozolt",0.01777,633,0.026],[185,"Gourgeist-Small",0.01756,559,0.023],[186,"Grapploct",0.01717,812,0.033],[187,"Xatu",0.01688,878,0.035],[188,"Rapidash-Galar",0.0168,723,0.029],[189,"Octillery",0.01674,647,0.026],[190,"Linoone",0.01612,667,0.027],[191,"Shedinja",0.01558,626,0.025],[192,"Dugtrio-Alola",0.01526,487,0.02],[193,"Barbaracle",0.01502,400,0.016],[194,"Wishiwashi",0.01404,464,0.019],[195,"Gothorita",0.01394,480,0.019],[196,"Rhydon",0.01324,446,0.018],[197,"Seaking",0.0132,832,0.034],[198,"Unfezant",0.01319,489,0.02],[199,"Solosis",0.01315,518,0.021],[200,"Lanturn",0.01261,617,0.025],[201,"Persian",0.01258,340,0.014],[202,"Rotom-Frost",0.01248,413,0.017],[203,"Gourgeist-Large",0.01228,236,0.01],[204,"Hitmonchan",0.01227,498,0.02],[205,"Bellossom",0.01173,406,0.016],[206,"Maractus",0.01086,493,0.02],[207,"Ditto",0.01065,538,0.022],[208,"Bewear",0.01024,386,0.016],[209,"Avalugg",0.00992,435,0.018],[210,"Pangoro",0.00975,375,0.015],[211,"Golurk",0.00975,577,0.023],[212,"Beheeyem",0.00958,405,0.016],[213,"Silvally-Fairy",0.00885,226,0.009],[214,"Turtonator",0.00852,373,0.015],[215,"Ninjask",0.00824,448,0.018],[216,"Silvally-Grass",0.00814,258,0.01],[217,"Flareon",0.00798,428,0.017],[218,"Klang",0.00765,232,0.009],[219,"Bronzor",0.00761,191,0.008],[220,"Quagsire",0.00746,358,0.014],