{"total":2410852,"data":{"header":["Rank","Pokemon","Usage Percentage","Usage Raw","Usage Raw Percentage"],"rows":[[1,"Togekiss",7.1237,160512,6.658],[2,"Whimsicott",6.6106,158843,6.589],[3,"Dragapult",5.5069,121007,5.019],[4,"Dusclops",5.15451,114710,4.758],[5,"Excadrill",3.73936,81055,3.362],[6,"Indeedee-F",3.38465,75951,3.15],[7,"Tyranitar",3.18864,69471,2.882],[8,"Incineroar",3.13192,74795,3.102],[9,"Lapras",2.97714,69055,2.864],[10,"Arcanine",2.08004,47217,1.959],[11,"Venusaur",2.0176,46588,1.932],[12,"Grimmsnarl",1.97042,48278,2.003],[13,"Mimikyu",1.96638,42451,1.761],[14,"Milotic",1.96433,46005,1.908],[15,"Charizard",1.92371,44227,1.834],[16,"Primarina",1.83096,37924,1.573],[17,"Rotom-Wash",1.6664,37184,1.542],[18,"Duraludon",1.40889,32581,1.351],[19,"Sableye",1.31995,34817,1.444],[20,"Hatterene",1.2352,30232,1.254],[21,"Clefairy",1.23302,26878,1.115],[22,"Coalossal",1.22658,31317,1.299],[23,"Chandelure",1.19949,27871,1.156],[24,"Torkoal",1.17417,30783,1.277],[25,"Durant",1.15049,25950,1.076],[26,"Conkeldurr",1.09613,30260,1.255],[27,"Raichu",0.99911,24175,1.003],[28,"Corviknight",0.99473,23622,0.98],[29,"Gengar",0.94404,23584,0.978],[30,"Dracozolt",0.94082,20779,0.862],[31,"Darmanitan-Galar",0.87747,20909,0.867],[32,"Braviary",0.87663,19162,0.795],[33,"Gyarados",0.85818,21278,0.883],[34,"Sylveon",0.85651,20068,0.832],[35,"Gothitelle",0.8037,18899,0.784],[36,"Snorlax",0.77328,18536,0.769],[37,"Rhyperior",0.7474,18594,0.771],[38,"Dracovish",0.62847,17105,0.71],[39,"Bisharp",0.62292,13456,0.558],[40,"Pikachu",0.59948,15317,0.635],[41,"Butterfree",0.5037,12975,0.538],[42,"Ferrothorn",0.49417,12277,0.509],[43,"Inteleon",0.4847,12487,0.518],[44,"Lucario",0.46487,13753,0.57],[45,"Persian-Alola",0.46145,10552,0.438],[46,"Toxtricity",0.46002,12177,0.505],[47,"Gastrodon",0.45482,13505,0.56],[48,"Diggersby",0.4404,8634,0.358],[49,"Pelipper",0.43981,13682,0.568],[50,"Liepard",0.4297,10835,0.449],[51,"Mudsdale",0.42423,10440,0.433],[52,"Hitmontop",0.40582,10502,0.436],[53,"Ludicolo",0.3987,10697,0.444],[54,"Ninetales",0.39798,10616,0.44],[55,"Alcremie",0.37359,10417,0.432],[56,"Goodra",0.37343,9624,0.399],[57,"Meowstic",0.36178,9963,0.413],[58,"Ninetales-Alola",0.35869,9488,0.394],[59,"Rotom-Heat",0.34961,8801,0.365],[60,"Weezing-Galar",0.3311,9498,0.394],[61,"Indeedee",0.32842,7929,0.329],[62,"Blastoise",0.32429,9126,0.379],[63,"Machamp",0.31808,9284,0.385],[64,"Jellicent",0.28612,7477,0.31],[65,"Togedemaru",0.2824,6594,0.274],[66,"Hydreigon",0.27831,6988,0.29],[67,"Oranguru",0.27762,8361,0.347],[68,"Rotom-Mow",0.25933,6643,0.276],[69,"Passimian",0.25564,6096,0.253],[70,"Bronzong",0.22968,6279,0.26],[71,"Obstagoon",0.22338,5586,0.232],[72,"Clefable",0.21727,6259,0.26],[73,"Hawlucha",0.20216,6108,0.253],[74,"Reuniclus",0.19763,5464,0.227],[75,"Drifblim",0.19632,5027,0.209],[76,"Malamar",0.19473,6542,0.271],[77,"Salazzle",0.19182,5026,0.208],[78,"Rillaboom",0.1886,4689,0.194],[79,"Barraskewda",0.18855,5364,0.222],[80,"Haxorus",0.1874,5281,0.219],[81,"Roserade",0.18699,4624,0.192],[82,"Mamoswine",0.1753,4291,0.178],[83,"Umbreon",0.17365,4251,0.176],[84,"Weavile",0.17049,5683,0.236],[85,"Drednaw",0.16765,4222,0.175],[86,"Jolteon",0.15725,3969,0.165],[87,"Tsareena",0.15694,3876,0.161],[88,"Gardevoir",0.15082,4778,0.198],[89,"Ribombee",0.144,4406,0.183],[90,"Heliolisk",0.14111,3982,0.165],[91,"Scrafty",0.13186,3684,0.153],[92,"Orbeetle",0.13115,4086,0.169],[93,"Stonjourner",0.1305,3334,0.138],[94,"Sirfetch'd",0.12797,3520,0.146],[95,"Gigalith",0.12465,3503,0.145],[96,"Aegislash",0.12209,3453,0.143],[97,"Vanilluxe",0.11843,3043,0.126],[98,"Accelgor",0.11274,2873,0.119],[99,"Runerigus",0.11257,3746,0.155],[100,"Noivern",0.1086,3353,0.139],[101,"Leafeon",0.10614,2834,0.118],[102,"Kommo-o",0.10434,3319,0.138],[103,"Seismitoad",0.10403,2968,0.123],[104,"Cinderace",0.10314,3341,0.139],[105,"Mandibuzz",0.10189,2599,0.108],[106,"Drapion",0.09762,2936,0.122],[107,"Kingler",0.09669,2767,0.115],[108,"Cinccino",0.09588,3120,0.129],[109,"Gallade",0.09216,2936,0.122],[110,"Sneasel",0.09201,2093,0.087],[111,"Swoobat",0.08918,3152,0.131],[112,"Morpeko",0.08893,2581,0.107],[113,"Sigilyph",0.08534,2538,0.105],[114,"Espeon",0.08493,2692,0.112],[115,"Silvally",0.08275,2291,0.095],[116,"Sandaconda",0.08216,2410,0.1],[117,"Polteageist",0.08198,2565,0.106],[118,"Torracat",0.08049,2098,0.087],[119,"Centiskorch",0.07952,2443,0.101],[120,"Slurpuff",0.07689,1837,0.076],[121,"Garbodor",0.07474,2164,0.09],[122,"Toxicroak",0.068,2098,0.087],[123,"Shiinotic",0.06563,2007,0.083],[124,"Flapple",0.06401,1813,0.075],[125,"Araquanid",0.06007,1814,0.075],[126,"Perrserker",0.05853,1853,0.077],[127,"Glaceon",0.05801,1574,0.065],[128,"Crawdaunt",0.05778,1762,0.073],[129,"Eldegoss",0.05736,1841,0.076],[130,"Cofagrigus",0.0553,1696,0.07],[131,"Vileplume",0.05446,1593,0.066],[132,"Manectric",0.05329,1756,0.073],[133,"Flygon",0.05212,1634,0.068],[134,"Beartic",0.05111,1622,0.067],[135,"Mr. Mime-Galar",0.05064,1571,0.065],[136,"Toxapex",0.05022,1930,0.08],[137,"Eiscue",0.05012,1569,0.065],[138,"Falinks",0.04772,1529,0.063],[139,"Decidueye",0.04756,1568,0.065],[140,"Darmanitan",0.04725,1341,0.056],[141,"Escavalier",0.04665,1512,0.063],[142,"Cursola",0.04591,1382,0.057],[143,"Vikavolt",0.04544,1367,0.057],[144,"Klinklang",0.04446,1478,0.061],[145,"Pincurchin",0.0444,1579,0.065],[146,"Hippowdon",0.04403,1374,0.057],[147,"Togetic",0.04312,1359,0.056],[148,"Dusknoir",0.04288,1411,0.059],[149,"Aromatisse",0.04272,1104,0.046],[150,"Shuckle",0.04251,1759,0.073],[151,"Gourgeist-Super",0.04189,1121,0.046],[152,"Abomasnow",0.04181,1216,0.05],[153,"Dhelmise",0.04127,1235,0.051],[154,"Copperajah",0.04008,1429,0.059],[155,"Froslass",0.03981,1140,0.047],[156,"Galvantula",0.0392,1204,0.05],[157,"Vaporeon",0.0389,1152,0.048],[158,"Boltund",0.03838,1359,0.056],[159,"Drampa",0.03829,1177,0.049],[160,"Hitmonlee",0.03777,1084,0.045],[161,"Golisopod",0.03594,1169,0.048],[162,"Cloyster",0.03435,1318,0.055],[163,"Rotom-Fan",0.03433,891,0.037],[164,"Dugtrio",0.03386,951,0.039],[165,"Frosmoth",0.03169,965,0.04],[166,"Cherrim",0.03151,983,0.041],[167,"Trevenant",0.03001,1106,0.046],[168,"Mantine",0.02842,774,0.032],[169,"Greedent",0.02775,914,0.038],[170,"Appletun",0.02736,967,0.04],[171,"Cramorant",0.02564,825,0.034],[172,"Shiftry",0.02501,882,0.037],[173,"Mr. Rime",0.02479,848,0.035],[174,"Corsola-Galar",0.0239,815,0.034],[175,"Slowpoke-Galar",0.02295,755,0.031],[176,"Riolu",0.02138,629,0.026],[177,"Octillery",0.02135,765,0.032],[178,"Xatu",0.02122,897,0.037],[179,"Wishiwashi",0.02121,588,0.024],[180,"Dubwool",0.02056,712,0.03],[181,"Qwilfish",0.01839,537,0.022],[182,"Shedinja",0.01811,708,0.029],[183,"Rotom-Frost",0.01785,505,0.021],[184,"Wartortle",0.0174,541,0.022],[185,"Unfezant",0.0169,486,0.02],[186,"Grapploct",0.01674,698,0.029],[187,"Steelix",0.01665,620,0.026],[188,"Arctozolt",0.0163,539,0.022],[189,"Avalugg",0.01624,507,0.021],[190,"Claydol",0.01613,583,0.024],[191,"Rapidash-Galar",0.01564,563,0.023],[192,"Gothorita",0.01555,455,0.019],[193,"Barbaracle",0.01535,572,0.024],[194,"Musharna",0.0151,435,0.018],[195,"Thievul",0.01495,468,0.019],[196,"Maractus",0.01462,485,0.02],[197,"Crustle",0.01443,464,0.019],[198,"Rhydon",0.01437,470,0.019],[199,"Hitmonchan",0.01435,471,0.02],[200,"Ninjask",0.01383,557,0.023],[201,"Lanturn",0.01369,548,0.023],[202,"Bewear",0.01353,474,0.02],[203,"Beheeyem",0.01273,426,0.018],[204,"Gourgeist-Small",0.01229,310,0.013],[205,"Turtonator",0.01227,433,0.018],[206,"Noctowl",0.01203,437,0.018],[207,"Golurk",0.01196,471,0.02],[208,"Bellossom",0.01116,395,0.016],[209,"Eevee",0.01109,397,0.016],[210,"Spritzee",0.01058,161,0.007],[211,"Flareon",0.01024,432,0.018],[212,"Arctovish",0.0102,357,0.015],[213,"Pangoro",0.01018,396,0.016],[214,"Mawile",0.01006,373,0.015],[215,"Ditto",0.01002,462,0.019],[216,"Gourgeist",0.0093,272,0.011],[217,"Silvally-Steel",0.00867,267,0.011],[218,"Basculin",0.00855,276,0.011],[219,"Mr. Mime",0.00816,300,0.012],[220,"Dottler",0.00815,201,0.008],[221,"Persian",0.00803,265,