{"total":24827,"weight":0.023,"data":{"header":["Rank","Pokemon","Usage Percentage","Usage Raw","Usage Raw Percentage","Usage Real","Usage Real Percentage"],"rows":[[1,"Togekiss",38.93995,7616,15.338,0,0],[2,"Rillaboom",36.3745,7263,14.627,0,0],[3,"Torkoal",36.37405,3704,7.46,0,0],[4,"Dragapult",31.19025,6628,13.348,0,0],[5,"Charizard",27.49357,3478,7.004,0,0],[6,"Terrakion",24.08145,1779,3.583,0,0],[7,"Incineroar",17.1429,6022,12.128,0,0],[8,"Amoonguss",14.95953,8149,16.412,0,0],[9,"Venusaur",14.23461,3234,6.513,0,0],[10,"Dusclops",14.23224,7405,14.913,0,0],[11,"Cinderace",12.03386,3509,7.067,0,0],[12,"Indeedee-F",11.69994,3706,7.464,0,0],[13,"Primarina",11.65416,6452,12.994,0,0],[14,"Hatterene",11.36567,4205,8.469,0,0],[15,"Whimsicott",11.29523,4302,8.664,0,0],[16,"Urshifu",10.16091,4618,9.3,0,0],[17,"Talonflame",9.17991,7565,15.235,0,0],[18,"Tyranitar",8.7293,4194,8.446,0,0],[19,"Urshifu-Rapid-Strike",8.4471,4294,8.648,0,0],[20,"Porygon2",8.14778,1473,2.967,0,0],[21,"Braviary",7.29968,2833,5.705,0,0],[22,"Duraludon",7.26955,3333,6.712,0,0],[23,"Dracovish",7.02562,5643,11.365,0,0],[24,"Coalossal",6.69143,3965,7.985,0,0],[25,"Excadrill",6.26429,3594,7.238,0,0],[26,"Arcanine",5.96498,6586,13.264,0,0],[27,"Milotic",5.7723,3373,6.793,0,0],[28,"Indeedee",5.67605,1455,2.93,0,0],[29,"Bisharp",5.34515,816,1.643,0,0],[30,"Corviknight",5.32129,3091,6.225,0,0],[31,"Rhyperior",5.25967,2546,5.127,0,0],[32,"Grimmsnarl",5.16961,3838,7.729,0,0],[33,"Conkeldurr",5.11725,3023,6.088,0,0],[34,"Ferrothorn",4.73784,4075,8.207,0,0],[35,"Dracozolt",4.70064,2836,5.712,0,0],[36,"Mienshao",4.60529,327,0.659,0,0],[37,"Lapras",4.5208,4657,9.379,0,0],[38,"Clefairy",4.41093,3653,7.357,0,0],[39,"Sylveon",3.87586,4366,8.793,0,0],[40,"Porygon-Z",3.82285,3044,6.13,0,0],[41,"Tsareena",3.78276,2128,4.286,0,0],[42,"Chandelure",3.59422,2578,5.192,0,0],[43,"Gastrodon",3.58453,4420,8.902,0,0],[44,"Marowak-Alola",3.54443,2019,4.066,0,0],[45,"Toxtricity",3.49748,2153,4.336,0,0],[46,"Pelipper",3.36941,1937,3.901,0,0],[47,"Comfey",3.17392,2046,4.121,0,0],[48,"Durant",3.09042,918,1.849,0,0],[49,"Rotom-Wash",2.71862,1800,3.625,0,0],[50,"Cobalion",2.68733,1167,2.35,0,0],[51,"Clefable",2.63559,1778,3.581,0,0],[52,"Oranguru",2.5943,820,1.651,0,0],[53,"Alakazam",2.54693,1517,3.055,0,0],[54,"Noivern",2.37603,933,1.879,0,0],[55,"Gyarados",2.26991,2004,4.036,0,0],[56,"Weezing-Galar",2.19474,2625,5.287,0,0],[57,"Barraskewda",2.17129,785,1.581,0,0],[58,"Lycanroc",2.13401,308,0.62,0,0],[59,"Gengar",2.11855,1719,3.462,0,0],[60,"Lurantis",2.06683,459,0.924,0,0],[61,"Gigalith",2.0266,875,1.762,0,0],[62,"Raichu",1.92434,1643,3.309,0,0],[63,"Ninetales",1.89072,1884,3.794,0,0],[64,"Kingdra",1.87892,1866,3.758,0,0],[65,"Exeggutor",1.82041,162,0.326,0,0],[66,"Blastoise",1.73234,1687,3.398,0,0],[67,"Dhelmise",1.64231,1164,2.344,0,0],[68,"Azumarill",1.61867,1860,3.746,0,0],[69,"Haxorus",1.55916,516,1.039,0,0],[70,"Hydreigon",1.52993,1210,2.437,0,0],[71,"Goodra",1.51724,1908,3.843,0,0],[72,"Ludicolo",1.47551,1609,3.24,0,0],[73,"Drifblim",1.46358,680,1.369,0,0],[74,"Hitmonlee",1.44428,299,0.602,0,0],[75,"Bronzong",1.4167,756,1.523,0,0],[76,"Snorlax",1.40482,1679,3.381,0,0],[77,"Darmanitan-Galar",1.37247,1781,3.587,0,0],[78,"Inteleon",1.3166,1268,2.554,0,0],[79,"Politoed",1.29706,2588,5.212,0,0],[80,"Weavile",1.29071,1410,2.84,0,0],[81,"Salazzle",1.27451,555,1.118,0,0],[82,"Escavalier",1.26896,724,1.458,0,0],[83,"Rotom-Heat",1.26415,967,1.947,0,0],[84,"Sableye",1.26176,1542,3.105,0,0],[85,"Mimikyu",1.19746,777,1.565,0,0],[86,"Gothitelle",1.18513,1317,2.652,0,0],[87,"Sandaconda",0.972,200,0.403,0,0],[88,"Ninetales-Alola",0.96173,1732,3.488,0,0],[89,"Umbreon",0.93942,639,1.287,0,0],[90,"Virizion",0.81754,670,1.349,0,0],[91,"Lucario",0.80028,862,1.736,0,0],[92,"Maractus",0.79787,197,0.397,0,0],[93,"Hitmontop",0.77987,723,1.456,0,0],[94,"Ribombee",0.77959,650,1.309,0,0],[95,"Jolteon",0.74086,1838,3.702,0,0],[96,"Krookodile",0.70875,1127,2.27,0,0],[97,"Tentacruel",0.6816,269,0.542,0,0],[98,"Butterfree",0.67059,567,1.142,0,0],[99,"Riolu",0.64018,700,1.41,0,0],[100,"Flareon",0.63997,538,1.083,0,0],[101,"Raichu-Alola",0.58585,427,0.86,0,0],[102,"Starmie",0.58028,505,1.017,0,0],[103,"Seismitoad",0.57525,548,1.104,0,0],[104,"Espeon",0.57371,586,1.18,0,0],[105,"Drednaw",0.57294,289,0.582,0,0],[106,"Glaceon",0.56465,368,0.741,0,0],[107,"Sneasel",0.54117,743,1.496,0,0],[108,"Vanilluxe",0.53292,429,0.864,0,0],[109,"Gourgeist-Small",0.51865,230,0.463,0,0],[110,"Shuckle",0.49118,383,0.771,0,0],[111,"Musharna",0.48893,130,0.262,0,0],[112,"Hitmonchan",0.48822,149,0.3,0,0],[113,"Mawile",0.47835,147,0.296,0,0],[114,"Polteageist",0.47723,172,0.346,0,0],[115,"Heliolisk",0.46842,850,1.712,0,0],[116,"Swoobat",0.46689,489,0.985,0,0],[117,"Vaporeon",0.46365,356,0.717,0,0],[118,"Meowstic",0.45119,931,1.875,0,0],[119,"Pikachu",0.44921,612,1.233,0,0],[120,"Jellicent",0.43904,642,1.293,0,0],[121,"Blissey",0.4381,285,0.574,0,0],[122,"Slowbro-Galar",0.43197,689,1.388,0,0],[123,"Kommo-o",0.37811,731,1.472,0,0],[124,"Rhydon",0.37436,164,0.33,0,0],[125,"Hawlucha",0.36971,965,1.943,0,0],[126,"Kangaskhan",0.36583,556,1.12,0,0],[127,"Magnezone",0.3578,617,1.243,0,0],[128,"Malamar",0.35609,632,1.273,0,0],[129,"Scizor",0.35439,1348,2.715,0,0],[130,"Dragalge",0.33397,476,0.959,0,0],[131,"Copperajah",0.32572,183,0.369,0,0],[132,"Cofagrigus",0.32027,147,0.296,0,0],[133,"Araquanid",0.31719,516,1.039,0,0],[134,"Liepard",0.31582,529,1.065,0,0],[135,"Noctowl",0.30862,51,0.103,0,0],[136,"Leafeon",0.29467,676,1.361,0,0],[137,"Luxray",0.26817,426,0.858,0,0],[138,"Sawk",0.24917,45,0.091,0,0],[139,"Sirfetch'd",0.24507,143,0.288,0,0],[140,"Drampa",0.24357,431,0.868,0,0],[141,"Appletun",0.23533,199,0.401,0,0],[142,"Volcarona",0.22385,1146,2.308,0,0],[143,"Centiskorch",0.22208,301,0.606,0,0],[144,"Persian-Alola",0.22028,781,1.573,0,0],[145,"Mamoswine",0.21973,673,1.355,0,0],[146,"Passimian",0.21673,936,1.885,0,0],[147,"Boltund",0.21449,399,0.804,0,0],[148,"Scrafty",0.21247,653,1.315,0,0],[149,"Vikavolt",0.2056,275,0.554,0,0],[150,"Klefki",0.19992,607,1.222,0,0],[151,"Obstagoon",0.18539,295,0.594,0,0],[152,"Toxapex",0.18336,264,0.532,0,0],[153,"Togedemaru",0.18312,457,0.92,0,0],[154,"Tangrowth",0.18246,112,0.226,0,0],[155,"Dusknoir",0.18208,169,0.34,0,0],[156,"Lycanroc-Dusk",0.17882,315,0.634,0,0],[157,"Zoroark",0.17783,380,0.765,0,0],[158,"Gardevoir",0.17545,1132,2.28,0,0],[159,"Froslass",0.17427,291,0.586,0,0],[160,"Pincurchin",0.1599,589,1.186,0,0],[161,"Mudsdale",0.15643,829,1.67,0,0],[162,"Sandslash-Alola",0.15606,682,1.374,0,0],[163,"Emolga",0.15477,188,0.379,0,0],[164,"Poliwrath",0.14975,292,0.588,0,0],[165,"Aromatisse",0.14932,128,0.258,0,0],[166,"Diggersby",0.13126,481,0.969,0,0],[167,"Abomasnow",0.12807,120,0.242,0,0],[168,"Stoutland",0.12342,105,0.211,0,0],[169,"Gallade",0.12009,316,0.636,0,0],[170,"Thwackey",0.11554,127,0.256,0,0],[171,"Marowak",0.11201,168,0.338,0,0],[172,"Beartic",0.11048,241,0.485,0,0],[173,"Orbeetle",0.10914,316,0.636,0,0],[174,"Galvantula",0.10508,101,0.203,0,0],[175,"Aegislash",0.10139,649,1.307,0,0],[176,"Torracat",0.10014,122,0.246,0,0],[177,"Togetic",0.09964,341,0.687,0,0],[178,"Sudowoodo",0.09735,45,0.091,0,0],[179,"Lopunny",0.09664,146,0.294,0,0],[180,"Corsola-Galar",0.09652,100,0.201,0,0],[181,"Morpeko",0.09421,135,0.272,0,0],[182,"Machamp",0.09017,241,0.485,0,0],[183,"Claydol",0.08864,74,0.149,0,0],[184,"Reuniclus",0.08761,505,1.017,0,0],[185,"Chansey",0.08691,258,0.52,0,0],[186,"Sigilyph",0.08414,136,0.274,0,0],[187,"Octillery",0.07692,157,0.316,0,0],[188,"Rotom-Mow",0.07396,428,0.862,0,0],[189,"Lanturn",0.07395,209,0.421,0,0],[190,"Accelgor",0.07256,400,0.806,0,0],[191,"Wishiwashi",0.07185,84,0.169,0,0],[192,"Exeggutor-Alola",0.07129,111,0.224,0,0],[193,"Thievul",0.06915,80,0.161,0,0],[194,"Flapple",0.06781,247,0.497,0,0],[195,"Gourgeist-Super",0.06695,225,0.453,0,0],[196,"Kingler",0.06666,144,0.29,0,0],[197,"Cursola",0.06554,139,0.28,0,0],[198,"Frosmoth",0.06442,148,0.298,0,0],[199,"Runerigus",0.0622,452,0.91,0,0],[200,