{"total":1241124,"weight":0.544,"data":{"header":["Rank","Pokemon","Usage Percentage","Usage Raw","Usage Raw Percentage","Usage Real","Usage Real Percentage"],"rows":[[1,"Togekiss",41.84509,985471,39.701,444006,39.653],[2,"Incineroar",30.63238,703487,28.341,354986,31.703],[3,"Conkeldurr",23.25758,533124,21.477,248366,22.181],[4,"Dragapult",20.5834,458743,18.481,189402,16.915],[5,"Excadrill",20.53945,469883,18.93,228207,20.38],[6,"Dusclops",20.38599,454225,18.299,183700,16.406],[7,"Whimsicott",20.0429,524960,21.149,190925,17.051],[8,"Tyranitar",16.89164,383891,15.465,187638,16.757],[9,"Lapras",16.60763,393936,15.87,197185,17.61],[10,"Venusaur",15.74512,358796,14.454,177049,15.812],[11,"Milotic",15.36793,368633,14.851,158570,14.161],[12,"Rotom-Wash",14.39013,315467,12.709,151872,13.563],[13,"Indeedee-F",12.51088,286037,11.523,113381,10.126],[14,"Rhyperior",12.42946,296814,11.957,163684,14.618],[15,"Torkoal",12.19299,288218,11.611,150941,13.48],[16,"Arcanine",11.5866,284486,11.461,123994,11.073],[17,"Charizard",10.70962,260959,10.513,112461,10.043],[18,"Duraludon",10.64561,277558,11.182,121949,10.891],[19,"Sylveon",9.06542,207706,8.368,104972,9.375],[20,"Mimikyu",9.05168,193468,7.794,88061,7.864],[21,"Gastrodon",8.69335,232248,9.356,109534,9.782],[22,"Grimmsnarl",8.02461,221065,8.906,85644,7.649],[23,"Hatterene",7.87045,184063,7.415,86973,7.767],[24,"Corviknight",7.56718,181835,7.325,75590,6.751],[25,"Raichu",7.49849,179064,7.214,81750,7.301],[26,"Snorlax",6.81772,165685,6.675,74631,6.665],[27,"Dracovish",6.39107,173632,6.995,91321,8.156],[28,"Chandelure",6.33196,160804,6.478,63368,5.659],[29,"Rotom-Mow",6.05877,148124,5.967,62968,5.623],[30,"Durant",5.89087,130689,5.265,56971,5.088],[31,"Gothitelle",5.85994,131240,5.287,51187,4.571],[32,"Passimian",5.49837,129897,5.233,58069,5.186],[33,"Gyarados",5.15726,135013,5.439,66562,5.944],[34,"Sableye",4.81978,130776,5.268,53518,4.779],[35,"Ferrothorn",4.49247,109891,4.427,52548,4.693],[36,"Primarina",4.46579,102582,4.133,56734,5.067],[37,"Rotom-Heat",4.36452,113679,4.58,49909,4.457],[38,"Jellicent",4.15774,102990,4.149,37976,3.391],[39,"Braviary",4.1111,99921,4.025,36971,3.302],[40,"Hitmontop",3.9348,90923,3.663,40100,3.581],[41,"Clefairy",3.7645,82677,3.331,41824,3.735],[42,"Dracozolt",3.74709,90135,3.631,47193,4.215],[43,"Coalossal",3.70797,93545,3.769,46088,4.116],[44,"Darmanitan-Galar",3.56874,93073,3.75,45938,4.103],[45,"Mudsdale",3.47465,91255,3.676,45174,4.034],[46,"Inteleon",3.45872,88685,3.573,38759,3.461],[47,"Gengar",3.38965,91763,3.697,34876,3.115],[48,"Alcremie",3.37076,87404,3.521,42422,3.789],[49,"Butterfree",3.32399,89809,3.618,34188,3.053],[50,"Goodra",3.3202,86215,3.473,41422,3.699],[51,"Ninetales-Alola",3.14448,79589,3.206,36334,3.245],[52,"Toxtricity",2.91479,84395,3.4,39455,3.524],[53,"Liepard",2.72918,66856,2.693,25450,2.273],[54,"Pelipper",2.71821,80646,3.249,37422,3.342],[55,"Meowstic",2.69754,69461,2.798,26581,2.374],[56,"Blastoise",2.64455,74313,2.994,33006,2.948],[57,"Reuniclus",2.6423,70385,2.836,31985,2.856],[58,"Ludicolo",2.36141,60656,2.444,32228,2.878],[59,"Ninetales",2.27208,58303,2.349,28689,2.562],[60,"Lucario",2.25455,65541,2.64,30872,2.757],[61,"Bisharp",2.15056,53139,2.141,23118,2.065],[62,"Roserade",2.02082,44060,1.775,20588,1.839],[63,"Persian-Alola",1.82801,40277,1.623,18859,1.684],[64,"Togedemaru",1.75162,42726,1.721,19055,1.702],[65,"Bronzong",1.69527,43295,1.744,14990,1.339],[66,"Hydreigon",1.67218,50483,2.034,21971,1.962],[67,"Aegislash",1.65026,41346,1.666,19696,1.759],[68,"Indeedee",1.51648,37016,1.491,13066,1.167],[69,"Weezing-Galar",1.45097,41276,1.663,15842,1.415],[70,"Vanilluxe",1.38169,36991,1.49,17839,1.593],[71,"Sirfetch'd",1.37982,35470,1.429,18099,1.616],[72,"Orbeetle",1.37257,44881,1.808,11838,1.057],[73,"Tsareena",1.33005,33485,1.349,14319,1.279],[74,"Ribombee",1.29896,33388,1.345,14930,1.333],[75,"Hawlucha",1.27511,37823,1.524,17844,1.594],[76,"Scrafty",1.22926,33510,1.35,16050,1.433],[77,"Oranguru",1.07632,36246,1.46,13924,1.244],[78,"Kingler",1.05566,29021,1.169,11766,1.051],[79,"Gigalith",0.98547,25224,1.016,13323,1.19],[80,"Obstagoon",0.97899,29970,1.207,13141,1.174],[81,"Dhelmise",0.96354,25650,1.033,12792,1.142],[82,"Leafeon",0.92997,31128,1.254,14683,1.311],[83,"Malamar",0.89882,29268,1.179,14722,1.315],[84,"Araquanid",0.86391,22765,0.917,11464,1.024],[85,"Gardevoir",0.85944,28078,1.131,11598,1.036],[86,"Kommo-o",0.84239,26294,1.059,11204,1.001],[87,"Barraskewda",0.82488,27379,1.103,13855,1.237],[88,"Cinderace",0.82238,28383,1.143,12020,1.073],[89,"Heliolisk",0.81639,25222,1.016,12064,1.077],[90,"Escavalier",0.81627,25065,1.01,12472,1.114],[91,"Rillaboom",0.78902,21720,0.875,9845,0.879],[92,"Vikavolt",0.77388,22807,0.919,11521,1.029],[93,"Umbreon",0.76423,21913,0.883,8592,0.767],[94,"Clefable",0.71772,25558,1.03,10998,0.982],[95,"Seismitoad",0.70961,22739,0.916,11476,1.025],[96,"Gourgeist-Super",0.70425,16212,0.653,5733,0.512],[97,"Silvally",0.70346,20126,0.811,8451,0.755],[98,"Mamoswine",0.65542,20080,0.809,9866,0.881],[99,"Flapple",0.61976,18710,0.754,9189,0.821],[100,"Gallade",0.61849,20319,0.819,9535,0.852],[101,"Haxorus",0.60857,20183,0.813,8866,0.792],[102,"Machamp",0.58201,20078,0.809,10419,0.93],[103,"Centiskorch",0.56467,18553,0.747,7933,0.708],[104,"Runerigus",0.56094,19748,0.796,7329,0.655],[105,"Pikachu",0.55839,15589,0.628,5073,0.453],[106,"Salazzle",0.52853,17147,0.691,6992,0.624],[107,"Weavile",0.52661,18965,0.764,8430,0.753],[108,"Beartic",0.52318,17169,0.692,7960,0.711],[109,"Morpeko",0.51165,17323,0.698,7539,0.673],[110,"Mr. Mime-Galar",0.50614,15307,0.617,5700,0.509],[111,"Cherrim",0.48828,14170,0.571,7682,0.686],[112,"Torracat",0.48769,10699,0.431,5166,0.461],[113,"Drampa",0.47997,15039,0.606,6370,0.569],[114,"Appletun",0.45226,14116,0.569,5705,0.509],[115,"Diggersby",0.4449,13363,0.538,6800,0.607],[116,"Cofagrigus",0.44115,13001,0.524,4471,0.399],[117,"Shiinotic",0.435,12269,0.494,5434,0.485],[118,"Pincurchin",0.4271,14898,0.6,5624,0.502],[119,"Drifblim",0.40807,13692,0.552,5970,0.533],[120,"Manectric",0.40533,13719,0.553,6687,0.597],[121,"Noivern",0.40475,14008,0.564,5280,0.472],[122,"Mandibuzz",0.39791,11628,0.468,3943,0.352],[123,"Sandaconda",0.39734,13667,0.551,5331,0.476],[124,"Drednaw",0.39381,12898,0.52,6485,0.579],[125,"Crawdaunt",0.3771,12292,0.495,5896,0.527],[126,"Sigilyph",0.37411,12217,0.492,4099,0.366],[127,"Copperajah",0.37373,12857,0.518,5759,0.514],[128,"Vileplume",0.37039,11451,0.461,4796,0.428],[129,"Cursola",0.36637,11806,0.476,5800,0.518],[130,"Decidueye",0.35937,12520,0.504,5804,0.518],[131,"Eldegoss",0.35686,10605,0.427,4458,0.398],[132,"Perrserker",0.35682,11478,0.462,5469,0.488],[133,"Stonjourner",0.35271,11887,0.479,5186,0.463],[134,"Hippowdon",0.34117,11069,0.446,4935,0.441],[135,"Toxicroak",0.33435,12445,0.501,5880,0.525],[136,"Corsola-Galar",0.33264,11543,0.465,4904,0.438],[137,"Jolteon",0.32928,12153,0.49,5507,0.492],[138,"Polteageist",0.32898,11728,0.472,5204,0.465],[139,"Espeon",0.31599,11856,0.478,4907,0.438],[140,"Flygon",0.30958,11367,0.458,4891,0.437],[141,"Trevenant",0.30925,10100,0.407,3988,0.356],[142,"Falinks",0.29504,10475,0.422,3854,0.344],[143,"Toxapex",0.27972,11883,0.479,5606,0.501],[144,"Arctozolt",0.27731,7819,0.315,3708,0.331],[145,"Rotom-Fan",0.26744,7365,0.297,3286,0.293],[146,"Accelgor",0.26463,8103,0.326,2820,0.252],[147,"Glaceon",0.26027,9053,0.365,4070,0.363],[148,"Klinklang",0.25863,8573,0.345,3724,0.333],[149,"Golisopod",0.25801,9199,0.371,4628,0.413],[150,"Mr. Rime",0.25489,8863,0.357,3364,0.3],[151,"Maractus",0.23921,8518,0.343,3209,0.287],[152,"Steelix",0.23492,7707,0.31,3737,0.334],[153,"Drapion",0.228,9602,0.387,4409,0.394],[154,"Cinccino",0.22586,8629,0.348,3702,0.331],[155,"Musharna",0.21729,6157,0.248,2573,0.23],[156,"Swoobat",0.21023,9177,0.37,3758,0.336],[157,"Frosmoth",0.21004,6859,0.276,2814,0.251],[158,"Greedent",0.20115,7366,0.297,3179,0.284],[159,"Abomasnow",0.19478,6781,0.273,3028,0.27],[160,"Rhydon",0.1942,6024,0.243,2574,0.23],[161,"Sneasel",0.19161,