{"total":238124,"data":{"header":["Rank","Pokemon","Usage Percentage","Usage Raw","Usage Raw Percentage"],"rows":[[1,"Incineroar",11.80472,28479,11.96],[2,"Tapu Koko",7.32154,15667,6.579],[3,"Xerneas",5.68311,12658,5.316],[4,"Lunala",5.53628,11134,4.676],[5,"Groudon-Primal",4.39676,10540,4.426],[6,"Tapu Fini",4.3053,9640,4.048],[7,"Tapu Lele",4.29546,9509,3.993],[8,"Kyogre-Primal",3.57055,8610,3.616],[9,"Yveltal",3.00827,6331,2.659],[10,"Rayquaza-Mega",2.94267,6625,2.782],[11,"Kangaskhan-Mega",2.54852,5514,2.316],[12,"Salamence-Mega",2.47411,5888,2.473],[13,"Gengar-Mega",2.36324,5373,2.256],[14,"Necrozma-Dawn-Wings",2.33208,4545,1.909],[15,"Crobat",2.19803,4827,2.027],[16,"Tornadus",2.15675,4907,2.061],[17,"Necrozma-Dusk-Mane",1.95366,4467,1.876],[18,"Amoonguss",1.94676,4383,1.841],[19,"Whimsicott",1.78162,3939,1.654],[20,"Smeargle",1.43815,3543,1.488],[21,"Metagross-Mega",1.09415,2320,0.974],[22,"Stakataka",1.05093,2452,1.03],[23,"Landorus-Therian",0.85902,2440,1.025],[24,"Nihilego",0.84219,1864,0.783],[25,"Lopunny-Mega",0.77356,1804,0.758],[26,"Togedemaru",0.74181,1808,0.759],[27,"Kartana",0.72758,1757,0.738],[28,"Jumpluff",0.62648,1176,0.494],[29,"Persian-Alola",0.61727,1469,0.617],[30,"Ho-Oh",0.55088,1332,0.559],[31,"Accelgor",0.49949,979,0.411],[32,"Lucario-Mega",0.48444,1143,0.48],[33,"Solgaleo",0.47532,1086,0.456],[34,"Kyogre",0.42988,876,0.368],[35,"Venusaur",0.41314,823,0.346],[36,"Mewtwo-Mega-Y",0.40078,997,0.419],[37,"Mimikyu",0.39932,1224,0.514],[38,"Bronzong",0.39412,876,0.368],[39,"Ferrothorn",0.38027,1135,0.477],[40,"Aerodactyl-Mega",0.37258,827,0.347],[41,"Medicham-Mega",0.33372,780,0.328],[42,"Umbreon",0.32622,835,0.351],[43,"Gengar",0.32603,713,0.299],[44,"Manectric-Mega",0.31649,755,0.317],[45,"Celesteela",0.29487,854,0.359],[46,"Naganadel",0.2859,799,0.336],[47,"Raichu",0.2802,745,0.313],[48,"Mandibuzz",0.2783,559,0.235],[49,"Cresselia",0.27429,766,0.322],[50,"Dialga",0.24538,636,0.267],[51,"Raichu-Alola",0.24066,554,0.233],[52,"Salazzle",0.23351,639,0.268],[53,"Tsareena",0.23298,511,0.215],[54,"Murkrow",0.22925,705,0.296],[55,"Palkia",0.22437,497,0.209],[56,"Mewtwo",0.21241,609,0.256],[57,"Ribombee",0.20966,511,0.215],[58,"Lugia",0.20291,541,0.227],[59,"Weavile",0.19815,557,0.234],[60,"Mawile-Mega",0.19814,427,0.179],[61,"Oranguru",0.19754,611,0.257],[62,"Togekiss",0.19571,503,0.211],[63,"Zygarde",0.18815,490,0.206],[64,"Mienshao",0.18724,574,0.241],[65,"Hitmontop",0.18453,530,0.223],[66,"Suicune",0.18401,458,0.192],[67,"Gardevoir-Mega",0.16685,449,0.189],[68,"Milotic",0.15922,641,0.269],[69,"Gothitelle",0.15083,304,0.128],[70,"Snorlax",0.14992,549,0.231],[71,"Beedrill-Mega",0.14968,375,0.157],[72,"Bisharp",0.14227,429,0.18],[73,"Gastrodon",0.12648,400,0.168],[74,"Greninja",0.12642,402,0.169],[75,"Pheromosa",0.12607,352,0.148],[76,"Malamar",0.12,361,0.152],[77,"Shedinja",0.10989,303,0.127],[78,"Porygon2",0.10809,353,0.148],[79,"Zapdos",0.1002,314,0.132],[80,"Charizard",0.09206,268,0.113],[81,"Rotom-Wash",0.08984,200,0.084],[82,"Braviary",0.08919,224,0.094],[83,"Venusaur-Mega",0.08815,253,0.106],[84,"Eevee",0.08644,369,0.155],[85,"Drifblim",0.08641,217,0.091],[86,"Zekrom",0.08632,197,0.083],[87,"Breloom",0.08544,247,0.104],[88,"Lilligant",0.08409,235,0.099],[89,"Sableye",0.08195,246,0.103],[90,"Kommo-o",0.07907,260,0.109],[91,"Lucario",0.07788,202,0.085],[92,"Sceptile-Mega",0.07768,252,0.106],[93,"Thundurus-Therian",0.0755,163,0.068],[94,"Aegislash",0.07473,273,0.115],[95,"Ludicolo",0.07335,281,0.118],[96,"Swampert-Mega",0.07309,305,0.128],[97,"Blaziken-Mega",0.07068,207,0.087],[98,"Dusclops",0.06588,204,0.086],[99,"Wigglytuff",0.05957,105,0.044],[100,"Kyurem-White",0.05936,165,0.069],[101,"Scizor-Mega",0.05935,183,0.077],[102,"Meowstic",0.05828,296,0.124],[103,"Audino-Mega",0.05772,197,0.083],[104,"Staraptor",0.05721,217,0.091],[105,"Talonflame",0.05711,166,0.07],[106,"Clefairy",0.05415,173,0.073],[107,"Liepard",0.05333,183,0.077],[108,"Gyarados-Mega",0.05104,165,0.069],[109,"Charizard-Mega-Y",0.05045,221,0.093],[110,"Ditto",0.04917,163,0.068],[111,"Scrafty",0.04695,180,0.076],[112,"Serperior",0.04613,142,0.06],[113,"Excadrill",0.04602,166,0.07],[114,"Tapu Bulu",0.04596,177,0.074],[115,"Ninetales-Alola",0.04509,201,0.084],[116,"Garchomp",0.04438,168,0.071],[117,"Xatu",0.04359,181,0.076],[118,"Chansey",0.04351,126,0.053],[119,"Empoleon",0.04351,102,0.043],[120,"Cloyster",0.04286,89,0.037],[121,"Metagross",0.04032,146,0.061],[122,"Shuckle",0.04003,186,0.078],[123,"Thundurus",0.03916,152,0.064],[124,"Terrakion",0.03887,97,0.041],[125,"Bruxish",0.03867,133,0.056],[126,"Pidgeot-Mega",0.03828,133,0.056],[127,"Charizard-Mega-X",0.03732,101,0.042],[128,"Shiftry",0.0357,103,0.043],[129,"Purugly",0.03562,114,0.048],[130,"Volcarona",0.03505,139,0.058],[131,"Hydreigon",0.03431,129,0.054],[132,"Lurantis",0.0339,175,0.073],[133,"Arcanine",0.03384,177,0.074],[134,"Blissey",0.03328,142,0.06],[135,"Audino",0.03326,78,0.033],[136,"Infernape",0.03294,157,0.066],[137,"Shiinotic",0.03192,139,0.058],[138,"Mr. Mime",0.03183,137,0.058],[139,"Azumarill",0.03151,92,0.039],[140,"Slowbro-Mega",0.03149,120,0.05],[141,"Banette-Mega",0.03115,140,0.059],[142,"Tyranitar-Mega",0.03111,104,0.044],[143,"Ambipom",0.03081,239,0.1],[144,"Alakazam-Mega",0.03055,86,0.036],[145,"Landorus",0.03034,109,0.046],[146,"Aromatisse",0.03009,302,0.127],[147,"Pikachu",0.02878,103,0.043],[148,"Linoone",0.02817,126,0.053],[149,"Silvally",0.02772,85,0.036],[150,"Toxicroak",0.02765,120,0.05],[151,"Giratina-Origin",0.02695,110,0.046],[152,"Tyranitar",0.02629,113,0.047],[153,"Pelipper",0.02591,132,0.055],[154,"Clefable",0.02538,87,0.037],[155,"Golduck",0.0253,97,0.041],[156,"Sceptile",0.02326,56,0.024],[157,"Reshiram",0.02312,112,0.047],[158,"Ampharos-Mega",0.02311,60,0.025],[159,"Togetic",0.02297,129,0.054],[160,"Salamence",0.02294,98,0.041],[161,"Jynx",0.02261,57,0.024],[162,"Groudon",0.02241,57,0.024],[163,"Lapras",0.0224,57,0.024],[164,"Gallade-Mega",0.02234,70,0.029],[165,"Krookodile",0.02182,74,0.031],[166,"Aerodactyl",0.02124,95,0.04],[167,"Electrode",0.02107,49,0.021],[168,"Sylveon",0.02086,70,0.029],[169,"Blacephalon",0.02041,74,0.031],[170,"Mewtwo-Mega-X",0.02038,103,0.043],[171,"Kyurem-Black",0.0203,82,0.034],[172,"Nidoking",0.01989,64,0.027],[173,"Regigigas",0.01975,69,0.029],[174,"Primeape",0.01883,44,0.018],[175,"Heatran",0.01824,80,0.034],[176,"Floatzel",0.01814,34,0.014],[177,"Toxapex",0.01768,81,0.034],[178,"Torkoal",0.01729,65,0.027],[179,"Comfey",0.01706,71,0.03],[180,"Scolipede",0.0169,72,0.03],[181,"Decidueye",0.01655,78,0.033],[182,"Sableye-Mega",0.01651,91,0.038],[183,"Muk-Alola",0.01641,111,0.047],[184,"Gliscor",0.01587,76,0.032],[185,"Parasect",0.01556,50,0.021],[186,"Xurkitree",0.0155,80,0.034],[187,"Marowak",0.01539,45,0.019],[188,"Primarina",0.01532,56,0.024],[189,"Giratina",0.01511,59,0.025],[190,"Vaporeon",0.01459,47,0.02],[191,"Delphox",0.01411,71,0.03],[192,"Butterfree",0.014,62,0.026],[193,"Mantine",0.0137,37,0.016],[194,"Blaziken",0.01349,92,0.039],[195,"Chandelure",0.01341,45,0.019],[196,"Klefki",0.01336,75,0.031],[197,"Sneasel",0.01334,33,0.014],[198,"Pachirisu",0.01308,48,0.02],[199,"Roserade",0.013,40,0.017],[200,"Moltres",0.0127,56,0.024],[201,"Crabominable",0.01263,41,0.017],[202,"Spinda",0.01226,64,0.027],[203,"Dewgong",0.01224,28,0.012],[204,"Noivern",0.01208,86,0.036],[205,"Raikou",0.01198,28,0.012],[206,"Drapion",0.01194,51,0.021],[207,"Misdreavus",0.01179,21,0.009],[208,"Seismitoad",0.01178,36,0.015],[209,"Latias-Mega",0.01173,39,0.016],[210,"Farfetch'd",0.01162,69,0.029],[211,"Slowbro",0.01162,39,0.016],[212,"Kingdra",0.01151,67,0.028],[213,"Porygon-Z",0.01151,45,0.019],[214,"Galvantula",0.01148,48,0.02],[215,"Heracross-Mega",0.01109,65,0.027],[216,"Blastoise",0.01086,283,0.119],[217,"Vivillon",0.01076,26,0.011],[218,"Drampa",0.01059,37,0.016],[219,"Gyarados",0.01039,51,0.021],[220,"Slurpuff",0.01038,46,0.019],[221,"Hariyama",0.01029,61,0.026],[222,"Walrein",0.00994,27,0.011],[223,"Gardevoir",0.00989,45,0.019],[224,"Froslass",0.0098,44,