{"total":8734,"data":{"header":["Rank","Pokemon","Usage Percentage","Usage Raw","Usage Raw Percentage"],"rows":[[1,"Steelix",6.16849,493,5.645],[2,"Druddigon",4.28892,342,3.916],[3,"Ambipom",4.01197,391,4.477],[4,"Mesprit",3.45761,263,3.011],[5,"Incineroar",3.44571,249,2.851],[6,"Passimian",3.20528,230,2.633],[7,"Aerodactyl",2.99838,252,2.885],[8,"Garbodor",2.87873,245,2.805],[9,"Cinccino",2.79917,188,2.153],[10,"Heliolisk",2.70358,189,2.164],[11,"Seismitoad",2.5156,232,2.656],[12,"Weezing",2.1304,178,2.038],[13,"Rhydon",2.06468,179,2.049],[14,"Piloswine",1.71787,143,1.637],[15,"Minior",1.68175,147,1.683],[16,"Rotom",1.44985,107,1.225],[17,"Accelgor",1.286,122,1.397],[18,"Shuckle",1.27852,130,1.488],[19,"Blastoise",1.25209,99,1.134],[20,"Whimsicott",1.21531,124,1.42],[21,"Electrode",1.16961,82,0.939],[22,"Clawitzer",1.16942,104,1.191],[23,"Glalie-Mega",1.13103,97,1.111],[24,"Togedemaru",1.08783,90,1.03],[25,"Typhlosion",1.04728,95,1.088],[26,"Dhelmise",1.03779,80,0.916],[27,"Vivillon",1.01684,104,1.191],[28,"Vaporeon",1.0132,89,1.019],[29,"Braviary",1.01245,83,0.95],[30,"Miltank",1.00782,105,1.202],[31,"Malamar",1.00408,94,1.076],[32,"Xatu",0.96781,103,1.179],[33,"Mismagius",0.95124,74,0.847],[34,"Palossand",0.88042,82,0.939],[35,"Golem",0.87571,72,0.824],[36,"Abomasnow-Mega",0.85892,70,0.801],[37,"Hariyama",0.85177,65,0.744],[38,"Crustle",0.84304,57,0.653],[39,"Comfey",0.82867,70,0.801],[40,"Delphox",0.82161,65,0.744],[41,"Medicham",0.74862,58,0.664],[42,"Scrafty",0.74528,62,0.71],[43,"Vikavolt",0.73265,65,0.744],[44,"Gurdurr",0.71529,44,0.504],[45,"Slowking",0.70076,62,0.71],[46,"Sneasel",0.66362,55,0.63],[47,"Aurorus",0.63929,50,0.572],[48,"Decidueye",0.5651,49,0.561],[49,"Sceptile",0.53958,55,0.63],[50,"Klinklang",0.51246,52,0.595],[51,"Hitmonlee",0.49922,52,0.595],[52,"Archeops",0.49652,44,0.504],[53,"Golbat",0.49198,42,0.481],[54,"Ferroseed",0.48505,41,0.469],[55,"Magmortar",0.46357,46,0.527],[56,"Carracosta",0.46101,26,0.298],[57,"Silvally-Steel",0.45879,37,0.424],[58,"Pangoro",0.45656,35,0.401],[59,"Torterra",0.45225,40,0.458],[60,"Claydol",0.39916,35,0.401],[61,"Sigilyph",0.38349,33,0.378],[62,"Guzzlord",0.34188,28,0.321],[63,"Smeargle",0.33877,33,0.378],[64,"Hitmontop",0.31689,35,0.401],[65,"Exeggutor-Alola",0.31461,31,0.355],[66,"Gallade",0.30725,25,0.286],[67,"Regirock",0.30625,30,0.343],[68,"Audino-Mega",0.30444,31,0.355],[69,"Sawk",0.30024,30,0.343],[70,"Omastar",0.27865,26,0.298],[71,"Masquerain",0.27185,26,0.298],[72,"Charizard",0.2644,30,0.343],[73,"Electivire",0.24313,26,0.298],[74,"Samurott",0.23703,20,0.229],[75,"Leavanny",0.22304,26,0.298],[76,"Ninjask",0.21632,25,0.286],[77,"Scyther",0.21191,17,0.195],[78,"Aromatisse",0.20978,14,0.16],[79,"Mudsdale",0.2088,19,0.218],[80,"Sandslash",0.20341,19,0.218],[81,"Houndoom",0.19385,21,0.24],[82,"Torkoal",0.18456,22,0.252],[83,"Ariados",0.18311,19,0.218],[84,"Swirlix",0.17978,15,0.172],[85,"Camerupt",0.17662,16,0.183],[86,"Muk",0.17465,14,0.16],[87,"Sableye",0.17302,23,0.263],[88,"Absol",0.17085,14,0.16],[89,"Aggron",0.16728,22,0.252],[90,"Tauros",0.1612,15,0.172],[91,"Kingler",0.16003,15,0.172],[92,"Shedinja",0.15326,18,0.206],[93,"Meowstic",0.14988,14,0.16],[94,"Dusclops",0.14781,13,0.149],[95,"Mr. Mime",0.14577,24,0.275],[96,"Probopass",0.14574,16,0.183],[97,"Marshtomp",0.13359,21,0.24],[98,"Rotom-Fan",0.13238,14,0.16],[99,"Primeape",0.1317,15,0.172],[100,"Carbink",0.1297,15,0.172],[101,"Ditto",0.12346,15,0.172],[102,"Musharna",0.12227,11,0.126],[103,"Liepard",0.11873,11,0.126],[104,"Lycanroc",0.11747,10,0.114],[105,"Sandslash-Alola",0.1174,13,0.149],[106,"Gastrodon",0.11675,11,0.126],[107,"Swoobat",0.11204,7,0.08],[108,"Ludicolo",0.10774,10,0.114],[109,"Lilligant",0.10706,9,0.103],[110,"Persian-Alola",0.10554,14,0.16],[111,"Kabutops",0.10121,8,0.092],[112,"Rattata",0.09972,25,0.286],[113,"Manectric",0.09738,10,0.114],[114,"Drifblim",0.09702,9,0.103],[115,"Pikachu",0.09601,9,0.103],[116,"Zangoose",0.09526,10,0.114],[117,"Eelektross",0.09371,9,0.103],[118,"Jynx",0.0921,12,0.137],[119,"Zebstrika",0.09113,10,0.114],[120,"Nosepass",0.08886,9,0.103],[121,"Haunter",0.08646,6,0.069],[122,"Bastiodon",0.08538,10,0.114],[123,"Volbeat",0.08394,10,0.114],[124,"Rotom-Frost",0.0818,13,0.149],[125,"Qwilfish",0.08101,9,0.103],[126,"Turtonator",0.07904,8,0.092],[127,"Butterfree",0.07665,9,0.103],[128,"Clefairy",0.07561,9,0.103],[129,"Lickilicky",0.07411,6,0.069],[130,"Hitmonchan",0.07321,7,0.08],[131,"Rampardos",0.07191,6,0.069],[132,"Bouffalant",0.06959,9,0.103],[133,"Dewpider",0.0693,6,0.069],[134,"Komala",0.06897,5,0.057],[135,"Lanturn",0.06796,7,0.08],[136,"Whirlipede",0.06612,6,0.069],[137,"Purugly",0.06598,5,0.057],[138,"Jellicent",0.06475,5,0.057],[139,"Dunsparce",0.06415,9,0.103],[140,"Misdreavus",0.06379,5,0.057],[141,"Regigigas",0.06372,7,0.08],[142,"Golem-Alola",0.06246,8,0.092],[143,"Politoed",0.06214,6,0.069],[144,"Swadloon",0.06201,16,0.183],[145,"Abomasnow",0.0617,6,0.069],[146,"Lurantis",0.06126,5,0.057],[147,"Noctowl",0.06089,5,0.057],[148,"Kecleon",0.0607,9,0.103],[149,"Sawsbuck",0.05975,4,0.046],[150,"Cradily",0.05847,6,0.069],[151,"Swanna",0.05727,7,0.08],[152,"Hypno",0.0568,5,0.057],[153,"Geodude",0.05659,7,0.08],[154,"Dugtrio",0.05557,26,0.298],[155,"Floatzel",0.05525,5,0.057],[156,"Flareon",0.05358,5,0.057],[157,"Pyroar",0.05247,6,0.069],[158,"Combusken",0.05236,8,0.092],[159,"Lycanroc-Midnight",0.05233,5,0.057],[160,"Emolga",0.05227,6,0.069],[161,"Lapras",0.05212,4,0.046],[162,"Raichu-Alola",0.05065,5,0.057],[163,"Relicanth",0.05032,5,0.057],[164,"Ursaring",0.0502,3,0.034],[165,"Poliwrath",0.04928,6,0.069],[166,"Tangela",0.04895,6,0.069],[167,"Frogadier",0.04887,4,0.046],[168,"Roselia",0.04802,7,0.08],[169,"Chatot",0.04772,6,0.069],[170,"Silvally",0.04688,4,0.046],[171,"Spiritomb",0.04586,3,0.034],[172,"Marowak",0.04553,8,0.092],[173,"Gogoat",0.04423,4,0.046],[174,"Raichu",0.04322,5,0.057],[175,"Cryogonal",0.04188,4,0.046],[176,"Magcargo",0.04171,4,0.046],[177,"Skuntank",0.04154,3,0.034],[178,"Jigglypuff",0.04112,5,0.057],[179,"Kadabra",0.0394,4,0.046],[180,"Murkrow",0.03889,4,0.046],[181,"Regice",0.03807,4,0.046],[182,"Corsola",0.03742,3,0.034],[183,"Fletchinder",0.03601,3,0.034],[184,"Diglett",0.03601,3,0.034],[185,"Dugtrio-Alola",0.03447,5,0.057],[186,"Phanpy",0.03394,5,0.057],[187,"Wigglytuff",0.03384,5,0.057],[188,"Monferno",0.03182,3,0.034],[189,"Delcatty",0.03149,4,0.046],[190,"Silvally-Ground",0.03132,2,0.023],[191,"Silvally-Dragon",0.03118,2,0.023],[192,"Magmar",0.03034,3,0.034],[193,"Gabite",0.03034,3,0.034],[194,"Anorith",0.03034,3,0.034],[195,"Shiinotic",0.02979,3,0.034],[196,"Toucannon",0.02894,3,0.034],[197,"Gorebyss",0.02869,2,0.023],[198,"Dusknoir",0.02869,5,0.057],[199,"Servine",0.02852,3,0.034],[200,"Golurk",0.02741,4,0.046],[201,"Fraxure",0.02664,2,0.023],[202,"Surskit",0.02602,4,0.046],[203,"Ivysaur",0.0257,4,0.046],[204,"Pupitar",0.02494,2,0.023],[205,"Articuno",0.02479,7,0.08],[206,"Cottonee",0.02473,4,0.046],[207,"Furret",0.02467,3,0.034],[208,"Illumise",0.02467,3,0.034],[209,"Altaria",0.02442,2,0.023],[210,"Victreebel",0.02377,5,0.057],[211,"Luxray",0.02236,2,0.023],[212,"Oricorio-Pom-Pom",0.02235,2,0.023],[213,"Mawile",0.02212,4,0.046],[214,"Leafeon",0.02212,2,0.023],[215,"Bellossom",0.02212,2,0.023],[216,"Trevenant",0.02212,2,0.023],[217,"Banette",0.02212,2,0.023],[218,"Tentacool",0.02129,2,0.023],[219,"Drampa",0.02114,2,0.023],[220,"Dodrio",0.02054,2,0.023],[221,"Lopunny",0.01994,5,0.057],[222,"Metang",0.01973,4,0.046],[223,"Krokorok",0.01957,3,0.034],[224,"Solrock",0.01946,2,0.023],[225,"Dewgong",0.01911,1,0.011],[226,"Type: Null",0.0188,2,0.023],[227,"Fearow",0.01878,4,0.046],[228,"Seaking",0.01854,1,0.011],[229,"Tyrunt",0.01737,2,0.023],[230,"Granbull",0.01714,2,0.023],[231,"Silvally-Fairy",0.01714,2,0.023],[232,"Beedrill",0.01694,2,0.023],[233,"Magnemite",0.01661,1,0.011],[234,"Silvally-Psychic",0.01645,2,0.023],[235,"Raticate",0.01645,2,0.023],[236,"Riolu",0.01645,2,0.023],[237,"Slaking",0.01645,2,0.023],[238,"Lunatone",0.01645,2,0.023],[239,