{"total":19814,"data":{"header":["Rank","Pokemon","Usage Percentage","Usage Raw","Usage Raw Percentage"],"rows":[[1,"Exploud",8.95785,417,2.105],[2,"Passimian",5.38993,497,2.508],[3,"Bronzong",3.75269,667,3.366],[4,"Steelix",3.45046,495,2.498],[5,"Vanilluxe",2.99425,254,1.282],[6,"Vikavolt",2.64067,462,2.332],[7,"Arcanine",2.57956,433,2.185],[8,"Druddigon",2.33051,535,2.7],[9,"Goodra",2.31862,314,1.585],[10,"Drapion",2.31147,373,1.883],[11,"Dragalge",2.23062,194,0.979],[12,"Torkoal",2.08467,574,2.897],[13,"Salazzle",2.06232,344,1.736],[14,"Accelgor",2.03192,149,0.752],[15,"Golurk",2.01643,463,2.337],[16,"Braviary",2.00975,383,1.933],[17,"Indeedee-F",1.94087,305,1.539],[18,"Mudsdale",1.65824,177,0.893],[19,"Seismitoad",1.63199,450,2.271],[20,"Barraskewda",1.60277,406,2.049],[21,"Escavalier",1.5837,102,0.515],[22,"Scrafty",1.58191,234,1.181],[23,"Lycanroc",1.55571,336,1.696],[24,"Dhelmise",1.52498,194,0.979],[25,"Inteleon",1.33528,385,1.943],[26,"Rotom",1.32407,83,0.419],[27,"Heliolisk",1.29773,484,2.443],[28,"Shuckle",1.28404,272,1.373],[29,"Gigalith",1.16343,312,1.575],[30,"Gardevoir",1.1633,233,1.176],[31,"Blastoise",1.12528,188,0.949],[32,"Klefki",1.08294,469,2.367],[33,"Bewear",1.05005,130,0.656],[34,"Espeon",1.01734,295,1.489],[35,"Abomasnow",0.98402,50,0.252],[36,"Gastrodon",0.97132,96,0.485],[37,"Copperajah",0.94771,181,0.913],[38,"Sandslash",0.9213,61,0.308],[39,"Corsola-Galar",0.90994,54,0.273],[40,"Xatu",0.90574,254,1.282],[41,"Golisopod",0.82476,317,1.6],[42,"Milotic",0.79087,113,0.57],[43,"Decidueye",0.78408,151,0.762],[44,"Ribombee",0.7679,184,0.929],[45,"Charizard",0.72808,193,0.974],[46,"Virizion",0.67799,117,0.59],[47,"Mantine",0.65779,137,0.691],[48,"Flapple",0.62487,20,0.101],[49,"Centiskorch",0.61043,147,0.742],[50,"Runerigus",0.60451,106,0.535],[51,"Ninjask",0.58184,160,0.808],[52,"Coalossal",0.5474,323,1.63],[53,"Lairon",0.52269,14,0.071],[54,"Silvally-Steel",0.50207,28,0.141],[55,"Cofagrigus",0.50107,56,0.283],[56,"Claydol",0.46347,364,1.837],[57,"Persian-Alola",0.43398,83,0.419],[58,"Vileplume",0.43345,105,0.53],[59,"Thwackey",0.39792,40,0.202],[60,"Kingdra",0.39496,127,0.641],[61,"Porygon2",0.37585,234,1.181],[62,"Hitmonlee",0.35085,178,0.898],[63,"Tauros",0.3421,109,0.55],[64,"Silvally-Fairy",0.33705,80,0.404],[65,"Toxicroak",0.33197,124,0.626],[66,"Sableye",0.30979,139,0.702],[67,"Galvantula",0.30848,320,1.615],[68,"Rotom-Frost",0.29321,46,0.232],[69,"Whimsicott",0.26002,105,0.53],[70,"Ninetales",0.25063,222,1.12],[71,"Frosmoth",0.24541,14,0.071],[72,"Rhydon",0.2398,99,0.5],[73,"Sandaconda",0.23191,24,0.121],[74,"Pincurchin",0.22236,20,0.101],[75,"Snorlax",0.21883,56,0.283],[76,"Duraludon",0.18035,45,0.227],[77,"Jolteon",0.17125,113,0.57],[78,"Vaporeon",0.16817,82,0.414],[79,"Dugtrio",0.16003,32,0.162],[80,"Drampa",0.15642,29,0.146],[81,"Gurdurr",0.15082,22,0.111],[82,"Silvally-Ghost",0.14878,18,0.091],[83,"Sneasel",0.13736,72,0.363],[84,"Magneton",0.13554,44,0.222],[85,"Lycanroc-Midnight",0.12781,10,0.05],[86,"Clawitzer",0.12687,21,0.106],[87,"Silvally-Ground",0.1223,6,0.03],[88,"Comfey",0.11831,99,0.5],[89,"Crustle",0.11485,34,0.172],[90,"Hippopotas",0.11225,25,0.126],[91,"Umbreon",0.11039,85,0.429],[92,"Garbodor",0.10679,38,0.192],[93,"Cinccino",0.09244,101,0.51],[94,"Politoed",0.09125,16,0.081],[95,"Togedemaru",0.08767,18,0.091],[96,"Stunfisk-Galar",0.08708,6,0.03],[97,"Rotom-Fan",0.08017,39,0.197],[98,"Weezing",0.07253,44,0.222],[99,"Eiscue",0.06868,9,0.045],[100,"Sudowoodo",0.06393,60,0.303],[101,"Cursola",0.06271,31,0.156],[102,"Pikachu",0.05863,20,0.101],[103,"Rapidash",0.05782,7,0.035],[104,"Silvally-Dark",0.04953,7,0.035],[105,"Tangela",0.04871,65,0.328],[106,"Swoobat",0.04822,72,0.363],[107,"Orbeetle",0.04564,32,0.162],[108,"Swirlix",0.0418,5,0.025],[109,"Pinsir",0.0417,27,0.136],[110,"Arctozolt",0.03825,7,0.035],[111,"Unfezant",0.03633,4,0.02],[112,"Combusken",0.03591,12,0.061],[113,"Mr. Rime",0.03573,21,0.106],[114,"Marowak",0.03566,32,0.162],[115,"Gallade",0.03274,45,0.227],[116,"Piloswine",0.03249,22,0.111],[117,"Cramorant",0.02934,22,0.111],[118,"Malamar",0.02731,32,0.162],[119,"Liepard",0.02604,56,0.283],[120,"Turtonator",0.02515,53,0.267],[121,"Golbat",0.02487,12,0.061],[122,"Jellicent",0.02133,17,0.086],[123,"Stoutland",0.01979,3,0.015],[124,"Hitmontop",0.01864,64,0.323],[125,"Dugtrio-Alola",0.01837,13,0.066],[126,"Luxray",0.01777,10,0.05],[127,"Poliwrath",0.01479,19,0.096],[128,"Raichu",0.01385,47,0.237],[129,"Gourgeist",0.01309,3,0.015],[130,"Miltank",0.01272,36,0.182],[131,"Glaceon",0.01013,15,0.076],[132,"Onix",0.00843,7,0.035],[133,"Rhyhorn",0.00835,3,0.015],[134,"Flareon",0.00818,16,0.081],[135,"Haunter",0.00713,32,0.162],[136,"Aromatisse",0.00699,14,0.071],[137,"Lapras",0.00659,4,0.02],[138,"Froslass",0.00612,69,0.348],[139,"Stonjourner",0.00592,2,0.01],[140,"Arctovish",0.00584,6,0.03],[141,"Mr. Mime-Galar",0.00495,3,0.015],[142,"Dusknoir",0.00397,18,0.091],[143,"Mawile",0.00397,4,0.02],[144,"Silvally-Fire",0.00396,2,0.01],[145,"Meowstic",0.00388,45,0.227],[146,"Morpeko",0.00345,23,0.116],[147,"Vulpix-Alola",0.00314,16,0.081],[148,"Quagsire",0.00282,14,0.071],[149,"Pyukumuku",0.00271,11,0.056],[150,"Sandslash-Alola",0.00265,22,0.111],[151,"Lanturn",0.00214,14,0.071],[152,"Musharna",0.00211,3,0.015],[153,"Shiinotic",0.00181,11,0.056],[154,"Qwilfish",0.00129,50,0.252],[155,"Skuntank",0.00127,85,0.429],[156,"Throh",0.00126,1,0.005],[157,"Magmar",0.00122,2,0.01],[158,"Whiscash",0.00107,3,0.015],[159,"Klinklang",0.00095,4,0.02],[160,"Hitmonchan",0.00078,34,0.172],[161,"Mareanie",0.00075,7,0.035],[162,"Dubwool",0.00069,7,0.035],[163,"Basculin",0.00065,8,0.04],[164,"Butterfree",0.00063,11,0.056],[165,"Omanyte",0.00059,2,0.01],[166,"Thievul",0.00037,19,0.096],[167,"Lilligant",0.00036,1,0.005],[168,"Raboot",0.00033,16,0.081],[169,"Mr. Mime",0.00029,6,0.03],[170,"Drifblim",0.00026,24,0.121],[171,"Wigglytuff",0.00022,2,0.01],[172,"Wishiwashi",0.00019,5,0.025],[173,"Dusclops",0.00018,44,0.222],[174,"Solrock",0.00013,1,0.005],[175,"Lopunny",0.00011,10,0.05],[176,"Appletun",0.0001,9,0.045],[177,"Porygon",0.00008,1,0.005],[178,"Lurantis",0.00008,6,0.03],[179,"Avalugg",0.00007,5,0.025],[180,"Falinks",0.00005,5,0.025],[181,"Clefairy",0.00003,13,0.066],[182,"Dragonair",0,6,0.03],[183,"Leafeon",0,14,0.071],[184,"Electabuzz",0,1,0.005],[185,"Alcremie",0,5,0.025],[186,"Type: Null",0,15,0.076],[187,"Machoke",0,25,0.126],[188,"Eldegoss",0,7,0.035],[189,"Tirtouga",0,12,0.061],[190,"Beartic",0,3,0.015],[191,"Bronzor",0,2,0.01],[192,"Kingler",0,25,0.126],[193,"Corsola",0,2,0.01],[194,"Kadabra",0,1,0.005],[195,"Eevee",0,7,0.035],[196,"Emolga",0,5,0.025],[197,"Exeggutor-Alola",0,22,0.111],[198,"Exeggutor",0,4,0.02],[199,"Farfetch'd-Galar",0,3,0.015],[200,"Grovyle",0,4,0.02],[201,"Riolu",0,4,0.02],[202,"Marshtomp",0,1,0.005],[203,"Noctowl",0,7,0.035],[204,"Ludicolo",0,4,0.02],[205,"Shelgon",0,2,0.01],[206,"Bulbasaur",0,2,0.01],[207,"Silvally-Dragon",0,2,0.01],[208,"Manectric",0,5,0.025],[209,"Linoone-Galar",0,9,0.045],[210,"Ferroseed",0,12,0.061],[211,"Persian",0,1,0.005],[212,"Bellossom",0,6,0.03],[213,"Noibat",0,1,0.005],[214,"Gabite",0,2,0.01],[215,"Tyrunt",0,1,0.005],[216,"Lampent",0,1,0.005],[217,"Dedenne",0,1,0.005],[218,"Golduck",0,2,0.01],[219,"Cherrim",0,1,0.005],[220,"Silvally-Flying",0,5,0.025],[221,"Meltan",0,1,0.005],[222,"Wailord",0,5,0.025],[223,"Cottonee",0,3,0.015],[224,"Rapidash-Galar",0,6,0.03],[225,"Ponyta",0,1,0.005],[226,"Perrserker",0,2,0.01],[227,"Ivysaur",0,1,0.005],[228,"Greedent",0,1,0.005],[229,"Krokorok",0,2,0.01],[230,"Stunfisk",0,2,0.01],[231,"Elekid",0,1,0.005],[232,"Heatmor",0,3,0.015],[233,"Metang",0,1,0.005],[234,"Boltund",0,28,0.141],[235,"Hattrem",0,1,0.005],[236,"Sawk",0,3,0.015],[237,"Lunatone",0,2,0.01],[238,"Vespiquen",0,9,0.045],[239,"Karrablast",0,5,0.025],[240,"Gourgeist-Small",0,8,0.04],[241,"Pupitar",0,1,0.005],[242,"Silvally",0,5,0.025],[243,"Bouffalant",0,3,0.015],[244,"Beheeyem",0,4,0.02],[245,"Dunsparce",0,2,0.01],[246,"Archen",0,3,0.015],[247,"Glalie",0,1,0.005],[248,