{"total":167402,"data":{"header":["Rank","Pokemon","Usage Percentage","Usage Raw","Usage Raw Percentage"],"rows":[[1,"Zarude",5.61215,6022,3.597],[2,"Seismitoad",4.45485,6607,3.947],[3,"Raikou",3.70486,4116,2.459],[4,"Mienshao",3.61419,4050,2.419],[5,"Xurkitree",3.03602,4282,2.558],[6,"Klefki",2.89214,5920,3.536],[7,"Cobalion",2.648,4616,2.757],[8,"Darmanitan",2.6236,4934,2.947],[9,"Incineroar",2.60661,4683,2.797],[10,"Galvantula",2.58983,2907,1.737],[11,"Rhyperior",2.18958,3479,2.078],[12,"Steelix",2.07,4376,2.614],[13,"Noivern",2.06851,2194,1.311],[14,"Toxtricity",1.9963,2057,1.229],[15,"Heracross",1.95231,3131,1.87],[16,"Registeel",1.77695,2524,1.508],[17,"Necrozma",1.71805,1945,1.162],[18,"Metagross",1.7101,3524,2.105],[19,"Chandelure",1.63853,2719,1.624],[20,"Crobat",1.59168,3846,2.297],[21,"Politoed",1.59002,2948,1.761],[22,"Froslass",1.56436,1401,0.837],[23,"Roserade",1.41172,1435,0.857],[24,"Milotic",1.40619,1964,1.173],[25,"Volcanion",1.37563,2056,1.228],[26,"Togekiss",1.32691,2591,1.548],[27,"Torkoal",1.32347,2248,1.343],[28,"Magnezone",1.19439,2057,1.229],[29,"Reuniclus",1.18262,1249,0.746],[30,"Stakataka",1.14428,1738,1.038],[31,"Cloyster",1.09541,3396,2.029],[32,"Weezing-Galar",1.07109,1357,0.811],[33,"Ribombee",0.97452,1612,0.963],[34,"Aerodactyl",0.94398,1451,0.867],[35,"Zygarde-10%",0.90691,1381,0.825],[36,"Rotom-Mow",0.90461,1429,0.854],[37,"Flygon",0.89756,1054,0.63],[38,"Celebi",0.88411,921,0.55],[39,"Shuckle",0.80283,2015,1.204],[40,"Porygon2",0.73188,1971,1.177],[41,"Obstagoon",0.721,1845,1.102],[42,"Gardevoir",0.70576,1344,0.803],[43,"Golisopod",0.70226,750,0.448],[44,"Suicune",0.62608,876,0.523],[45,"Vikavolt",0.61003,864,0.516],[46,"Regidrago",0.59446,1355,0.809],[47,"Cursola",0.55827,266,0.159],[48,"Slurpuff",0.55357,1635,0.977],[49,"Sirfetch'd",0.54019,347,0.207],[50,"Bronzong",0.53461,1121,0.67],[51,"Entei",0.51327,1116,0.667],[52,"Indeedee",0.47353,518,0.309],[53,"Diancie",0.46621,749,0.447],[54,"Gastrodon",0.44916,596,0.356],[55,"Tornadus",0.42916,666,0.398],[56,"Dragalge",0.42904,366,0.219],[57,"Araquanid",0.40816,1040,0.621],[58,"Pangoro",0.40806,328,0.196],[59,"Audino",0.39619,179,0.107],[60,"Xatu",0.39567,345,0.206],[61,"Marowak-Alola",0.37818,1111,0.664],[62,"Golurk",0.37686,579,0.346],[63,"Sharpedo",0.36403,667,0.398],[64,"Porygon-Z",0.3557,708,0.423],[65,"Durant",0.34475,656,0.392],[66,"Snorlax",0.34459,796,0.476],[67,"Vanilluxe",0.33971,438,0.262],[68,"Salazzle",0.32208,688,0.411],[69,"Uxie",0.30776,596,0.356],[70,"Goodra",0.30014,335,0.2],[71,"Runerigus",0.28172,359,0.214],[72,"Hitmontop",0.27102,240,0.143],[73,"Abomasnow",0.23129,343,0.205],[74,"Lucario",0.22738,606,0.362],[75,"Dhelmise",0.22547,334,0.2],[76,"Pincurchin",0.22074,440,0.263],[77,"Starmie",0.22009,399,0.238],[78,"Drapion",0.21551,498,0.297],[79,"Vileplume",0.21396,281,0.168],[80,"Aurorus",0.21234,387,0.231],[81,"Morgrem",0.21226,198,0.118],[82,"Mimikyu",0.20816,1112,0.664],[83,"Doublade",0.20241,503,0.3],[84,"Glastrier",0.20107,410,0.245],[85,"Heliolisk",0.192,489,0.292],[86,"Sandaconda",0.1903,294,0.176],[87,"Blastoise",0.18941,452,0.27],[88,"Lycanroc-Midnight",0.16914,115,0.069],[89,"Espeon",0.1689,831,0.496],[90,"Druddigon",0.16348,315,0.188],[91,"Virizion",0.16159,184,0.11],[92,"Claydol",0.15919,336,0.201],[93,"Toxicroak",0.15859,270,0.161],[94,"Sylveon",0.15706,208,0.124],[95,"Whimsicott",0.15649,372,0.222],[96,"Natu",0.15633,144,0.086],[97,"Aggron",0.15177,343,0.205],[98,"Polteageist",0.14713,552,0.33],[99,"Ninjask",0.14697,340,0.203],[100,"Accelgor",0.14393,488,0.292],[101,"Umbreon",0.13532,559,0.334],[102,"Arcanine",0.13394,350,0.209],[103,"Archeops",0.13079,217,0.13],[104,"Passimian",0.12535,160,0.096],[105,"Gigalith",0.12159,452,0.27],[106,"Vaporeon",0.11765,185,0.111],[107,"Ferroseed",0.11395,87,0.052],[108,"Mudsdale",0.11221,344,0.205],[109,"Duraludon",0.11033,188,0.112],[110,"Escavalier",0.10748,134,0.08],[111,"Cresselia",0.10734,292,0.174],[112,"Inteleon",0.10663,392,0.234],[113,"Talonflame",0.09964,184,0.11],[114,"Sawk",0.09318,69,0.041],[115,"Ninetales",0.08938,520,0.311],[116,"Decidueye",0.088,135,0.081],[117,"Machamp",0.08787,238,0.142],[118,"Pyukumuku",0.08545,131,0.078],[119,"Dugtrio-Alola",0.08521,134,0.08],[120,"Barbaracle",0.07961,292,0.174],[121,"Kabutops",0.07943,52,0.031],[122,"Sandslash",0.07803,100,0.06],[123,"Tsareena",0.07631,155,0.093],[124,"Thwackey",0.07282,85,0.051],[125,"Tyrantrum",0.06717,277,0.165],[126,"Mantine",0.06543,107,0.064],[127,"Sableye",0.0653,221,0.132],[128,"Zoroark",0.06529,362,0.216],[129,"Tangela",0.06487,77,0.046],[130,"Orbeetle",0.06277,173,0.103],[131,"Silvally-Steel",0.06217,47,0.028],[132,"Lycanroc",0.05951,218,0.13],[133,"Linoone",0.05608,412,0.246],[134,"Exploud",0.056,149,0.089],[135,"Crustle",0.0556,178,0.106],[136,"Bewear",0.05531,170,0.102],[137,"Ditto",0.0532,82,0.049],[138,"Omastar",0.05296,124,0.074],[139,"Gurdurr",0.05073,41,0.024],[140,"Charizard",0.05029,121,0.072],[141,"Butterfree",0.04945,56,0.033],[142,"Palossand",0.04926,65,0.039],[143,"Meowstic",0.04772,155,0.093],[144,"Avalugg",0.04761,29,0.017],[145,"Absol",0.04736,140,0.084],[146,"Relicanth",0.04483,44,0.026],[147,"Jolteon",0.04423,362,0.216],[148,"Poliwrath",0.04316,92,0.055],[149,"Copperajah",0.04221,148,0.088],[150,"Articuno-Galar",0.03766,59,0.035],[151,"Jellicent",0.03562,45,0.027],[152,"Scyther",0.03554,123,0.073],[153,"Scrafty",0.03261,142,0.085],[154,"Turtonator",0.03188,88,0.053],[155,"Lanturn",0.03073,60,0.036],[156,"Morpeko",0.03064,101,0.06],[157,"Togedemaru",0.02877,122,0.073],[158,"Comfey",0.02874,126,0.075],[159,"Arctozolt",0.02825,53,0.032],[160,"Rhydon",0.02813,126,0.075],[161,"Rotom-Fan",0.02717,6,0.004],[162,"Emolga",0.02618,100,0.06],[163,"Corsola-Galar",0.02366,158,0.094],[164,"Sigilyph",0.02277,205,0.122],[165,"Liepard",0.02194,155,0.093],[166,"Electivire",0.02164,65,0.039],[167,"Tauros",0.02129,205,0.122],[168,"Braviary",0.02051,96,0.057],[169,"Eldegoss",0.01953,53,0.032],[170,"Kangaskhan",0.01871,39,0.023],[171,"Marill",0.01818,7,0.004],[172,"Gallade",0.01804,77,0.046],[173,"Regirock",0.01803,106,0.063],[174,"Arctovish",0.01801,68,0.041],[175,"Centiskorch",0.01746,73,0.044],[176,"Shedinja",0.01717,94,0.056],[177,"Sceptile",0.01619,180,0.108],[178,"Cofagrigus",0.01559,92,0.055],[179,"Piloswine",0.01519,159,0.095],[180,"Kingler",0.01492,65,0.039],[181,"Regigigas",0.01447,65,0.039],[182,"Flapple",0.01401,17,0.01],[183,"Cinccino",0.01386,212,0.127],[184,"Kingdra",0.01376,147,0.088],[185,"Marowak",0.01344,44,0.026],[186,"Stunfisk-Galar",0.01329,26,0.016],[187,"Malamar",0.01301,109,0.065],[188,"Rotom-Frost",0.01273,47,0.028],[189,"Drampa",0.01254,32,0.019],[190,"Armaldo",0.0115,70,0.042],[191,"Swoobat",0.01131,113,0.068],[192,"Altaria",0.01122,46,0.027],[193,"Luxray",0.01073,40,0.024],[194,"Dugtrio",0.01058,83,0.05],[195,"Mesprit",0.01035,91,0.054],[196,"Skuntank",0.01018,16,0.01],[197,"Cradily",0.01013,65,0.039],[198,"Kadabra",0.00989,14,0.008],[199,"Pinsir",0.00948,25,0.015],[200,"Bronzor",0.00937,11,0.007],[201,"Exeggutor-Alola",0.0093,39,0.023],[202,"Silvally-Dragon",0.00918,6,0.004],[203,"Mareanie",0.00907,13,0.008],[204,"Hitmonlee",0.00891,186,0.111],[205,"Magneton",0.00877,127,0.076],[206,"Cramorant",0.00862,53,0.032],[207,"Lopunny",0.00854,36,0.022],[208,"Silvally-Ghost",0.00781,9,0.005],[209,"Raichu-Alola",0.00729,63,0.038],[210,"Weezing",0.00728,86,0.051],[211,"Boltund",0.0071,64,0.038],[212,"Carbink",0.007,136,0.081],[213,"Mr. Rime",0.00692,18,0.011],[214,"Silvally",0.00691,144,0.086],[215,"Stunfisk",0.00653,31,0.019],[216,"Shiinotic",0.0064,15,0.009],[217,"Ludicolo",0.00593,52,0.031],[218,"Leafeon",0.00592,94,0.056],[219,"Sneasel",0.00573,45,0.027],[220,"Qwilfish",0.0057,72,0.043],[221,"Swirlix",0.00561,126,0.075],[222,"Pikachu",0.00551,124,0.074],[223,"Guzzlord",0.0055,44,0.026],[224,"Persian-Alola",0.0053,197,0.118],[225,"Indeedee-F",0.00496,72,0.043],[226,"Tranquill",0.00494,5,0.003],[227,"Spiritomb",0.00493,41,0.024],[228,"Sandslash-Alola",0.00463,70,0.042],[229,"Dusclops",0.00447,64,