{"total":141164,"data":{"header":["Rank","Pokemon","Usage Percentage","Usage Raw","Usage Raw Percentage"],"rows":[[1,"Zarude",5.79545,4874,3.453],[2,"Cobalion",4.30023,4543,3.218],[3,"Seismitoad",4.0361,5654,4.005],[4,"Heracross",3.26398,3703,2.623],[5,"Klefki",3.25349,5623,3.983],[6,"Xurkitree",2.98967,3092,2.19],[7,"Raikou",2.89179,3087,2.187],[8,"Incineroar",2.86595,3882,2.75],[9,"Darmanitan",2.63396,4280,3.032],[10,"Rhyperior",2.42172,2931,2.076],[11,"Mienshao",2.32255,2238,1.585],[12,"Metagross",2.25459,3218,2.28],[13,"Noivern",2.22565,2066,1.464],[14,"Zygarde-10%",1.97138,1999,1.416],[15,"Crobat",1.87742,2895,2.051],[16,"Steelix",1.81833,2576,1.825],[17,"Toxtricity",1.78437,1524,1.08],[18,"Volcanion",1.71198,1829,1.296],[19,"Togekiss",1.69202,2217,1.571],[20,"Necrozma",1.67502,1909,1.352],[21,"Chandelure",1.51559,1990,1.41],[22,"Roserade",1.42075,1070,0.758],[23,"Araquanid",1.34857,1335,0.946],[24,"Celebi",1.32067,958,0.679],[25,"Milotic",1.2884,1813,1.284],[26,"Politoed",1.28052,1914,1.356],[27,"Registeel",1.12364,2140,1.516],[28,"Galvantula",1.10889,1718,1.217],[29,"Flygon",0.99946,802,0.568],[30,"Bronzong",0.94711,996,0.706],[31,"Obstagoon",0.93642,1699,1.204],[32,"Ribombee",0.88749,1566,1.109],[33,"Torkoal",0.84507,2053,1.454],[34,"Stakataka",0.84408,1437,1.018],[35,"Cloyster",0.84125,2681,1.899],[36,"Reuniclus",0.83023,1013,0.718],[37,"Vanilluxe",0.77743,731,0.518],[38,"Aerodactyl",0.77397,1192,0.844],[39,"Golisopod",0.7546,619,0.438],[40,"Marowak-Alola",0.74078,888,0.629],[41,"Vikavolt",0.74052,586,0.415],[42,"Magnezone",0.73539,1484,1.051],[43,"Froslass",0.7326,713,0.505],[44,"Weezing-Galar",0.70717,793,0.562],[45,"Suicune",0.65546,853,0.604],[46,"Drapion",0.65385,588,0.417],[47,"Slowbro-Galar",0.62389,931,0.66],[48,"Golurk",0.61964,492,0.349],[49,"Entei",0.6093,908,0.643],[50,"Shuckle",0.55617,1608,1.139],[51,"Tornadus",0.54642,633,0.448],[52,"Rotom-Mow",0.53426,973,0.689],[53,"Porygon2",0.51241,1399,0.991],[54,"Starmie",0.50343,439,0.311],[55,"Gardevoir",0.50232,1215,0.861],[56,"Salazzle",0.47445,565,0.4],[57,"Slurpuff",0.4611,1308,0.927],[58,"Hitmontop",0.43924,195,0.138],[59,"Regidrago",0.43608,844,0.598],[60,"Diancie",0.42992,644,0.456],[61,"Porygon-Z",0.40286,731,0.518],[62,"Accelgor",0.40164,540,0.383],[63,"Dhelmise",0.37686,356,0.252],[64,"Uxie",0.36628,468,0.332],[65,"Thundurus",0.36156,414,0.293],[66,"Gastrodon",0.35122,287,0.203],[67,"Indeedee",0.34477,493,0.349],[68,"Druddigon",0.3345,460,0.326],[69,"Durant",0.32523,435,0.308],[70,"Pincurchin",0.31254,285,0.202],[71,"Sableye",0.29122,408,0.289],[72,"Claydol",0.28931,442,0.313],[73,"Sharpedo",0.28279,725,0.514],[74,"Xatu",0.27186,272,0.193],[75,"Tangela",0.2661,94,0.067],[76,"Mimikyu",0.24084,976,0.691],[77,"Snorlax",0.24003,627,0.444],[78,"Sylveon",0.23308,238,0.169],[79,"Mesprit",0.23184,144,0.102],[80,"Dragalge",0.22424,260,0.184],[81,"Lucario",0.22304,494,0.35],[82,"Qwilfish",0.22271,143,0.101],[83,"Kabutops",0.19413,132,0.094],[84,"Tsareena",0.1923,167,0.118],[85,"Lycanroc",0.17995,199,0.141],[86,"Aurorus",0.17487,218,0.154],[87,"Arcanine",0.16391,249,0.176],[88,"Ninetales",0.1638,580,0.411],[89,"Tyrantrum",0.15598,201,0.142],[90,"Umbreon",0.14298,630,0.446],[91,"Abomasnow",0.14091,168,0.119],[92,"Inteleon",0.14005,430,0.305],[93,"Doublade",0.1398,353,0.25],[94,"Decidueye",0.13633,109,0.077],[95,"Goodra",0.1243,178,0.126],[96,"Heliolisk",0.1234,397,0.281],[97,"Audino",0.11856,41,0.029],[98,"Whimsicott",0.11668,318,0.225],[99,"Glastrier",0.11633,310,0.22],[100,"Barbaracle",0.11511,411,0.291],[101,"Espeon",0.11237,684,0.485],[102,"Copperajah",0.11211,197,0.14],[103,"Exeggutor-Alola",0.10867,75,0.053],[104,"Talonflame",0.10325,131,0.093],[105,"Polteageist",0.10215,530,0.375],[106,"Corsola-Galar",0.10178,215,0.152],[107,"Gigalith",0.09835,310,0.22],[108,"Sigilyph",0.0972,234,0.166],[109,"Charizard",0.09585,199,0.141],[110,"Runerigus",0.09493,264,0.187],[111,"Aromatisse",0.09191,42,0.03],[112,"Jolteon",0.09088,403,0.285],[113,"Escavalier",0.09057,105,0.074],[114,"Passimian",0.08865,110,0.078],[115,"Eldegoss",0.08849,46,0.033],[116,"Butterfree",0.08564,228,0.162],[117,"Pangoro",0.08549,196,0.139],[118,"Cursola",0.08218,72,0.051],[119,"Bewear",0.08188,175,0.124],[120,"Blastoise",0.08101,314,0.222],[121,"Virizion",0.07965,98,0.069],[122,"Machamp",0.07765,163,0.115],[123,"Toxicroak",0.07679,130,0.092],[124,"Arctovish",0.07343,26,0.018],[125,"Scrafty",0.07331,119,0.084],[126,"Mudsdale",0.0681,289,0.205],[127,"Sandaconda",0.0668,151,0.107],[128,"Electivire",0.06297,113,0.08],[129,"Sirfetch'd",0.06287,230,0.163],[130,"Raichu",0.06219,55,0.039],[131,"Sandslash",0.06161,82,0.058],[132,"Meowstic",0.05873,154,0.109],[133,"Raichu-Alola",0.05657,46,0.033],[134,"Aggron",0.05239,226,0.16],[135,"Exploud",0.05177,128,0.091],[136,"Thwackey",0.0515,37,0.026],[137,"Cresselia",0.05147,174,0.123],[138,"Turtonator",0.05111,100,0.071],[139,"Jellicent",0.04918,33,0.023],[140,"Coalossal",0.049,129,0.091],[141,"Cofagrigus",0.04899,114,0.081],[142,"Archeops",0.04748,217,0.154],[143,"Palossand",0.04716,96,0.068],[144,"Stunfisk-Galar",0.04516,45,0.032],[145,"Hitmonlee",0.0451,204,0.145],[146,"Sceptile",0.04504,115,0.081],[147,"Linoone",0.04451,395,0.28],[148,"Morpeko",0.04408,78,0.055],[149,"Kingdra",0.04328,63,0.045],[150,"Vileplume",0.04319,129,0.091],[151,"Liepard",0.04276,81,0.057],[152,"Vaporeon",0.04225,157,0.111],[153,"Articuno-Galar",0.03926,69,0.049],[154,"Maractus",0.03852,47,0.033],[155,"Cramorant",0.03742,99,0.07],[156,"Sandslash-Alola",0.03617,91,0.064],[157,"Cinccino",0.03609,235,0.166],[158,"Crustle",0.03465,152,0.108],[159,"Arctozolt",0.03348,104,0.074],[160,"Silvally-Steel",0.03295,57,0.04],[161,"Comfey",0.03177,84,0.06],[162,"Magmortar",0.03096,58,0.041],[163,"Rhydon",0.02978,55,0.039],[164,"Piloswine",0.02977,101,0.072],[165,"Ninjask",0.02972,189,0.134],[166,"Persian-Alola",0.026,209,0.148],[167,"Carbink",0.02559,80,0.057],[168,"Lanturn",0.02536,140,0.099],[169,"Ferroseed",0.02379,64,0.045],[170,"Regirock",0.02262,125,0.089],[171,"Gallade",0.01982,147,0.104],[172,"Articuno",0.01976,48,0.034],[173,"Silvally",0.01963,217,0.154],[174,"Weezing",0.01747,63,0.045],[175,"Duraludon",0.0173,109,0.077],[176,"Tauros",0.01679,87,0.062],[177,"Ditto",0.01636,82,0.058],[178,"Flapple",0.01635,29,0.021],[179,"Gourgeist",0.01626,10,0.007],[180,"Malamar",0.01572,46,0.033],[181,"Pikachu",0.01545,67,0.047],[182,"Mantine",0.01542,53,0.038],[183,"Leafeon",0.01529,139,0.098],[184,"Boltund",0.01477,62,0.044],[185,"Silvally-Fairy",0.01418,31,0.022],[186,"Braviary",0.01356,96,0.068],[187,"Sawk",0.01336,39,0.028],[188,"Pyukumuku",0.01272,116,0.082],[189,"Silvally-Water",0.01246,15,0.011],[190,"Orbeetle",0.01146,94,0.067],[191,"Zoroark",0.0114,198,0.14],[192,"Altaria",0.01127,18,0.013],[193,"Lurantis",0.01089,27,0.019],[194,"Klinklang",0.01082,45,0.032],[195,"Scyther",0.0108,85,0.06],[196,"Poliwrath",0.01031,66,0.047],[197,"Slowpoke",0.00996,10,0.007],[198,"Centiskorch",0.00965,159,0.113],[199,"Greedent",0.00954,14,0.01],[200,"Miltank",0.00932,42,0.03],[201,"Mareanie",0.00929,14,0.01],[202,"Absol",0.00913,91,0.064],[203,"Whiscash",0.009,14,0.01],[204,"Cradily",0.00861,128,0.091],[205,"Hitmonchan",0.00848,35,0.025],[206,"Dusknoir",0.0078,34,0.024],[207,"Lickilicky",0.00774,33,0.023],[208,"Kingler",0.007,36,0.026],[209,"Glalie",0.00655,55,0.039],[210,"Regigigas",0.00627,23,0.016],[211,"Golbat",0.00595,13,0.009],[212,"Indeedee-F",0.00589,71,0.05],[213,"Swoobat",0.00586,171,0.121],[214,"Lairon",0.00565,40,0.028],[215,"Shiinotic",0.00564,64,0.045],[216,"Dusclops",0.00554,128,0.091],[217,"Basculin",0.00553,36,0.026],[218,"Flareon",0.0054,114,0.081],[219,"Togedemaru",0.00531,48,0.034],[220,"Rotom-Frost",0.00512,73,0.052],[221,"Dugtrio-Alola",0.00508,36,0.026],[222,"Lunatone",0.00487,16,0.011],[223,"Carracosta",0.00469,29,0.021],[224,"Shiftry",0.00455,27,0.019],[225,"Emolga",0.0045,76,0.054],[226,"Marshtomp",0.00449,6,0.004],[227,"Glaceon",0.00437,30,0.021],[228,"Silvally-Ghost",0.00434,3,0.002],[229,"Lapras",0.00415,23,