{"total":213176,"data":{"header":["Rank","Pokemon","Usage Percentage","Usage Raw","Usage Raw Percentage"],"rows":[[1,"Terrakion",3.83498,6282,2.947],[2,"Xurkitree",3.28401,5510,2.585],[3,"Metagross",3.03681,4519,2.12],[4,"Nidoqueen",2.99194,3674,1.723],[5,"Ninetales-Alola",2.70305,6804,3.192],[6,"Torkoal",2.57339,6098,2.861],[7,"Lycanroc-Dusk",2.31513,3899,1.829],[8,"Conkeldurr",2.29915,3830,1.797],[9,"Aerodactyl",2.24416,4588,2.152],[10,"Drapion",2.23122,1494,0.701],[11,"Darmanitan",2.06967,4789,2.247],[12,"Zarude",1.91742,2536,1.19],[13,"Politoed",1.86205,4299,2.017],[14,"Kyurem",1.80329,1973,0.926],[15,"Ribombee",1.75732,4205,1.973],[16,"Registeel",1.69846,3319,1.557],[17,"Steelix",1.68715,3901,1.83],[18,"Araquanid",1.54625,4500,2.111],[19,"Seismitoad",1.5317,2852,1.338],[20,"Diggersby",1.44258,2363,1.108],[21,"Slowking",1.44149,2103,0.987],[22,"Klefki",1.42488,3762,1.765],[23,"Raikou",1.41258,2647,1.242],[24,"Crobat",1.41032,2790,1.309],[25,"Mienshao",1.37369,2418,1.134],[26,"Thundurus",1.32923,2729,1.28],[27,"Shuckle",1.30806,2681,1.258],[28,"Slowking-Galar",1.30627,1044,0.49],[29,"Scolipede",1.26345,2081,0.976],[30,"Necrozma",1.24998,1285,0.603],[31,"Gengar",1.17687,2709,1.271],[32,"Mudsdale",1.15072,613,0.288],[33,"Grimmsnarl",1.08138,3324,1.559],[34,"Bronzong",1.06202,3236,1.518],[35,"Diancie",0.95929,2415,1.133],[36,"Zygarde-10%",0.89188,1418,0.665],[37,"Rhyperior",0.87725,1740,0.816],[38,"Togekiss",0.87297,1317,0.618],[39,"Tangrowth",0.84561,1035,0.486],[40,"Entei",0.79889,1867,0.876],[41,"Indeedee",0.79833,1397,0.655],[42,"Flygon",0.75652,1811,0.85],[43,"Haxorus",0.75473,1775,0.833],[44,"Archeops",0.68714,2036,0.955],[45,"Cloyster",0.6816,1983,0.93],[46,"Suicune",0.67738,943,0.442],[47,"Chandelure",0.67444,1631,0.765],[48,"Uxie",0.6331,1439,0.675],[49,"Rotom-Mow",0.60849,1449,0.68],[50,"Gardevoir",0.57513,1198,0.562],[51,"Starmie",0.54703,1207,0.566],[52,"Weezing-Galar",0.53366,925,0.434],[53,"Kabutops",0.50837,735,0.345],[54,"Vikavolt",0.49784,1248,0.585],[55,"Golisopod",0.48563,900,0.422],[56,"Golurk",0.48265,1240,0.582],[57,"Heliolisk",0.46026,1089,0.511],[58,"Dragalge",0.45773,1111,0.521],[59,"Durant",0.43831,1364,0.64],[60,"Pincurchin",0.43258,684,0.321],[61,"Doublade",0.41781,471,0.221],[62,"Tornadus",0.41661,887,0.416],[63,"Blastoise",0.3998,1172,0.55],[64,"Druddigon",0.38989,1357,0.637],[65,"Celebi",0.38715,952,0.447],[66,"Arcanine",0.37119,1375,0.645],[67,"Obstagoon",0.35887,842,0.395],[68,"Articuno-Galar",0.34287,844,0.396],[69,"Galvantula",0.33706,1804,0.846],[70,"Abomasnow",0.33641,1240,0.582],[71,"Bewear",0.33462,517,0.243],[72,"Runerigus",0.32591,603,0.283],[73,"Milotic",0.32182,910,0.427],[74,"Talonflame",0.32072,756,0.355],[75,"Porygon-Z",0.31876,938,0.44],[76,"Gigalith",0.31872,1029,0.483],[77,"Goodra",0.31432,784,0.368],[78,"Noivern",0.31206,1147,0.538],[79,"Decidueye",0.3117,595,0.279],[80,"Palossand",0.30191,844,0.396],[81,"Dhelmise",0.30084,715,0.335],[82,"Heracross",0.30071,571,0.268],[83,"Vanilluxe",0.29622,817,0.383],[84,"Porygon2",0.29462,520,0.244],[85,"Machamp",0.28769,615,0.288],[86,"Copperajah",0.27597,807,0.379],[87,"Passimian",0.27024,576,0.27],[88,"Toxtricity",0.2659,751,0.352],[89,"Roserade",0.26019,937,0.44],[90,"Exploud",0.25676,896,0.42],[91,"Hitmontop",0.2518,208,0.098],[92,"Salazzle",0.25007,711,0.334],[93,"Accelgor",0.24334,308,0.144],[94,"Ditto",0.23819,421,0.197],[95,"Slurpuff",0.23333,820,0.385],[96,"Charizard",0.2217,697,0.327],[97,"Lucario",0.2136,643,0.302],[98,"Tsareena",0.21227,491,0.23],[99,"Slowbro-Galar",0.2096,361,0.169],[100,"Reuniclus",0.20146,396,0.186],[101,"Tyrantrum",0.20089,853,0.4],[102,"Indeedee-F",0.1893,352,0.165],[103,"Sirfetch'd",0.1867,445,0.209],[104,"Articuno",0.18585,420,0.197],[105,"Jolteon",0.18413,557,0.261],[106,"Lycanroc",0.18351,270,0.127],[107,"Pangoro",0.17864,444,0.208],[108,"Ninetales",0.17527,845,0.396],[109,"Snorlax",0.17136,402,0.189],[110,"Cresselia",0.16008,573,0.269],[111,"Kingdra",0.15974,341,0.16],[112,"Scrafty",0.15759,468,0.22],[113,"Venusaur",0.15058,394,0.185],[114,"Inteleon",0.14562,599,0.281],[115,"Aurorus",0.14334,369,0.173],[116,"Quagsire",0.13986,96,0.045],[117,"Mantine",0.13635,380,0.178],[118,"Sylveon",0.13186,468,0.22],[119,"Pyukumuku",0.1275,54,0.025],[120,"Cradily",0.12732,196,0.092],[121,"Escavalier",0.12682,200,0.094],[122,"Xatu",0.1252,292,0.137],[123,"Braviary",0.12325,475,0.223],[124,"Thwackey",0.12238,195,0.091],[125,"Magneton",0.11673,293,0.137],[126,"Espeon",0.11356,622,0.292],[127,"Silvally-Steel",0.1117,452,0.212],[128,"Hitmonlee",0.11046,575,0.27],[129,"Sharpedo",0.10923,481,0.226],[130,"Piloswine",0.10918,282,0.132],[131,"Crustle",0.1055,133,0.062],[132,"Barbaracle",0.10366,419,0.197],[133,"Claydol",0.10287,436,0.205],[134,"Polteageist",0.10259,573,0.269],[135,"Arctozolt",0.10198,353,0.166],[136,"Barraskewda",0.09551,110,0.052],[137,"Omastar",0.09173,587,0.275],[138,"Absol",0.08698,193,0.091],[139,"Arctovish",0.08439,198,0.093],[140,"Coalossal",0.08156,327,0.153],[141,"Mimikyu",0.08121,424,0.199],[142,"Umbreon",0.08026,274,0.129],[143,"Comfey",0.07955,127,0.06],[144,"Ferroseed",0.07903,218,0.102],[145,"Vileplume",0.07871,198,0.093],[146,"Sigilyph",0.07815,197,0.092],[147,"Centiskorch",0.07732,180,0.084],[148,"Froslass",0.07641,268,0.126],[149,"Cinccino",0.07539,341,0.16],[150,"Scyther",0.07252,436,0.205],[151,"Onix",0.07178,229,0.107],[152,"Regirock",0.06793,348,0.163],[153,"Virizion",0.06706,284,0.133],[154,"Vaporeon",0.06555,191,0.09],[155,"Gastrodon",0.06252,124,0.058],[156,"Regigigas",0.06225,342,0.16],[157,"Sableye",0.0621,188,0.088],[158,"Zoroark",0.05649,436,0.205],[159,"Sandaconda",0.0507,195,0.091],[160,"Whimsicott",0.04797,390,0.183],[161,"Armaldo",0.04796,63,0.03],[162,"Duraludon",0.0457,181,0.085],[163,"Sandslash",0.04509,102,0.048],[164,"Electivire",0.04322,101,0.047],[165,"Gourgeist-Super",0.04263,17,0.008],[166,"Ninjask",0.0416,118,0.055],[167,"Toxicroak",0.04041,113,0.053],[168,"Corsola-Galar",0.03763,214,0.1],[169,"Meowstic",0.03629,165,0.077],[170,"Lanturn",0.03605,94,0.044],[171,"Togedemaru",0.03411,152,0.071],[172,"Carbink",0.03277,85,0.04],[173,"Pikachu",0.03087,210,0.099],[174,"Liepard",0.0297,158,0.074],[175,"Frosmoth",0.0294,65,0.03],[176,"Combusken",0.02778,45,0.021],[177,"Rotom",0.0275,66,0.031],[178,"Raichu-Alola",0.02735,181,0.085],[179,"Kingler",0.02682,57,0.027],[180,"Silvally-Fairy",0.02636,173,0.081],[181,"Mr. Rime",0.02613,40,0.019],[182,"Miltank",0.02494,88,0.041],[183,"Dwebble",0.02335,30,0.014],[184,"Magmortar",0.02223,58,0.027],[185,"Dugtrio-Alola",0.02102,81,0.038],[186,"Boltund",0.01976,122,0.057],[187,"Morpeko",0.01911,122,0.057],[188,"Regice",0.01837,63,0.03],[189,"Aggron",0.01836,182,0.085],[190,"Flapple",0.01793,58,0.027],[191,"Tauros",0.0177,79,0.037],[192,"Garbodor",0.01724,117,0.055],[193,"Aromatisse",0.01596,33,0.015],[194,"Malamar",0.01579,113,0.053],[195,"Perrserker",0.01578,61,0.029],[196,"Sandslash-Alola",0.01573,90,0.042],[197,"Exeggutor-Alola",0.01545,76,0.036],[198,"Rhydon",0.01517,167,0.078],[199,"Sceptile",0.01497,133,0.062],[200,"Qwilfish",0.01473,28,0.013],[201,"Rotom-Frost",0.01402,37,0.017],[202,"Persian-Alola",0.01346,68,0.032],[203,"Jellicent",0.01291,95,0.045],[204,"Whiscash",0.01276,64,0.03],[205,"Sawk",0.01236,85,0.04],[206,"Clawitzer",0.01221,53,0.025],[207,"Guzzlord",0.01209,47,0.022],[208,"Drampa",0.01191,28,0.013],[209,"Avalugg",0.01062,31,0.015],[210,"Rotom-Fan",0.01007,36,0.017],[211,"Linoone",0.00887,248,0.116],[212,"Glaceon",0.00865,21,0.01],[213,"Cofagrigus",0.00863,146,0.068],[214,"Skuntank",0.00795,43,0.02],[215,"Throh",0.00729,11,0.005],[216,"Silvally-Ground",0.00716,32,0.015],[217,"Hitmonchan",0.00691,15,0.007],[218,"Silvally-Dark",0.00664,5,0.002],[219,"Lycanroc-Midnight",0.00606,59,0.028],[220,"Gallade",0.00567,91,0.043],[221,"Gourgeist-Small",0.00561,22,0.01],[222,"Stunfisk-Galar",0.00547,54,0.025],[223,"Shiftry",0.00539,96,0.045],[224,"Unfezant",0.00531,35,0.016],[225,"Orbeetle",0.00524,120,0.056],[226,"Grapploct",0.00509,73,0.034],[227,"Natu",