{"total":75942,"data":{"header":["Rank","Pokemon","Usage Percentage","Usage Raw","Usage Raw Percentage"],"rows":[[1,"Zarude",6.01156,2944,3.877],[2,"Darmanitan",4.78574,2981,3.925],[3,"Seismitoad",3.78759,2607,3.433],[4,"Xurkitree",3.4737,2107,2.774],[5,"Klefki",2.88293,2805,3.694],[6,"Zygarde-10%",2.85646,1531,2.016],[7,"Thundurus",2.67603,1490,1.962],[8,"Registeel",2.67483,1504,1.98],[9,"Volcanion",2.42634,1300,1.712],[10,"Steelix",2.40313,1748,2.302],[11,"Crobat",2.38796,1695,2.232],[12,"Cobalion",2.34349,1778,2.341],[13,"Raikou",2.27881,1710,2.252],[14,"Rhyperior",2.1617,1459,1.921],[15,"Necrozma",1.97135,1427,1.879],[16,"Metagross",1.73186,1580,2.081],[17,"Torkoal",1.57596,1969,2.593],[18,"Bronzong",1.52767,1044,1.375],[19,"Togekiss",1.51132,921,1.213],[20,"Mienshao",1.49657,730,0.961],[21,"Suicune",1.46885,836,1.101],[22,"Politoed",1.26343,1333,1.755],[23,"Chandelure",1.25645,1145,1.508],[24,"Aerodactyl",1.25535,802,1.056],[25,"Weezing-Galar",1.22238,651,0.857],[26,"Entei",1.1454,629,0.828],[27,"Obstagoon",1.13088,1141,1.502],[28,"Noivern",1.1063,378,0.498],[29,"Cloyster",1.09737,1611,2.121],[30,"Gardevoir",1.07407,825,1.086],[31,"Uxie",1.0324,457,0.602],[32,"Drapion",1.01494,866,1.14],[33,"Regidrago",0.96337,719,0.947],[34,"Porygon2",0.94469,643,0.847],[35,"Marowak-Alola",0.93039,588,0.774],[36,"Araquanid",0.90314,858,1.13],[37,"Flygon",0.90269,504,0.664],[38,"Slowbro-Galar",0.85145,299,0.394],[39,"Diancie",0.78805,496,0.653],[40,"Stakataka",0.78165,751,0.989],[41,"Diggersby",0.78051,663,0.873],[42,"Milotic",0.75798,293,0.386],[43,"Rotom-Mow",0.72507,352,0.464],[44,"Heracross",0.70484,443,0.583],[45,"Starmie",0.63225,273,0.359],[46,"Reuniclus",0.60255,407,0.536],[47,"Archeops",0.60089,209,0.275],[48,"Druddigon",0.59647,361,0.475],[49,"Dragalge",0.59011,204,0.269],[50,"Froslass",0.5747,276,0.363],[51,"Pangoro",0.55648,304,0.4],[52,"Galvantula",0.52894,842,1.109],[53,"Golisopod",0.51857,289,0.381],[54,"Ribombee",0.51406,595,0.783],[55,"Roserade",0.4975,334,0.44],[56,"Toxtricity",0.46715,219,0.288],[57,"Snorlax",0.44933,515,0.678],[58,"Indeedee",0.42072,279,0.367],[59,"Dhelmise",0.40067,167,0.22],[60,"Shuckle",0.39887,704,0.927],[61,"Umbreon",0.3977,309,0.407],[62,"Durant",0.39574,278,0.366],[63,"Salazzle",0.38864,320,0.421],[64,"Celebi",0.34397,264,0.348],[65,"Mimikyu",0.32722,507,0.668],[66,"Gastrodon",0.30598,200,0.263],[67,"Lycanroc",0.3053,203,0.267],[68,"Tornadus",0.30426,218,0.287],[69,"Slurpuff",0.30031,589,0.776],[70,"Aurorus",0.29532,220,0.29],[71,"Abomasnow",0.27532,213,0.28],[72,"Sharpedo",0.26892,311,0.41],[73,"Vanilluxe",0.2599,265,0.349],[74,"Accelgor",0.25268,227,0.299],[75,"Arcanine",0.25213,261,0.344],[76,"Goodra",0.24612,145,0.191],[77,"Cresselia",0.23705,181,0.238],[78,"Vikavolt",0.23376,239,0.315],[79,"Lucario",0.23144,308,0.406],[80,"Articuno-Galar",0.22144,72,0.095],[81,"Hitmontop",0.21301,96,0.126],[82,"Mudsdale",0.21171,283,0.373],[83,"Tyrantrum",0.20933,143,0.188],[84,"Sirfetch'd",0.19943,61,0.08],[85,"Sylveon",0.19884,134,0.176],[86,"Charizard",0.19045,103,0.136],[87,"Claydol",0.18865,174,0.229],[88,"Xatu",0.18634,204,0.269],[89,"Glastrier",0.18338,246,0.324],[90,"Ninetales",0.18295,235,0.309],[91,"Golurk",0.1777,165,0.217],[92,"Gigalith",0.17277,287,0.378],[93,"Vaporeon",0.16965,104,0.137],[94,"Scrafty",0.16716,129,0.17],[95,"Doublade",0.16369,209,0.275],[96,"Ditto",0.16303,95,0.125],[97,"Passimian",0.15668,114,0.15],[98,"Pincurchin",0.15346,232,0.305],[99,"Bewear",0.14879,73,0.096],[100,"Mantine",0.14735,98,0.129],[101,"Drampa",0.1454,62,0.082],[102,"Decidueye",0.13906,61,0.08],[103,"Heliolisk",0.13687,154,0.203],[104,"Exeggutor",0.13243,26,0.034],[105,"Polteageist",0.13194,236,0.311],[106,"Machamp",0.12887,149,0.196],[107,"Talonflame",0.11734,82,0.108],[108,"Inteleon",0.10778,235,0.309],[109,"Crustle",0.10411,40,0.053],[110,"Blastoise",0.10314,240,0.316],[111,"Runerigus",0.09556,179,0.236],[112,"Grimmsnarl",0.09488,66,0.087],[113,"Porygon-Z",0.09345,170,0.224],[114,"Whimsicott",0.09069,111,0.146],[115,"Kabutops",0.08579,126,0.166],[116,"Toxicroak",0.08512,82,0.108],[117,"Hitmonlee",0.08505,96,0.126],[118,"Centiskorch",0.08111,97,0.128],[119,"Jolteon",0.07984,148,0.195],[120,"Espeon",0.07747,352,0.464],[121,"Regirock",0.07501,111,0.146],[122,"Tsareena",0.07473,40,0.053],[123,"Dedenne",0.07463,12,0.016],[124,"Vileplume",0.07427,48,0.063],[125,"Jellicent",0.06806,56,0.074],[126,"Indeedee-F",0.068,59,0.078],[127,"Slowking",0.06756,24,0.032],[128,"Altaria",0.06521,32,0.042],[129,"Coalossal",0.06259,79,0.104],[130,"Gourgeist-Small",0.05657,12,0.016],[131,"Palossand",0.05627,55,0.072],[132,"Kingdra",0.0561,62,0.082],[133,"Cinccino",0.05591,112,0.147],[134,"Exploud",0.05435,109,0.144],[135,"Thievul",0.0537,6,0.008],[136,"Scyther",0.05139,59,0.078],[137,"Regice",0.05132,18,0.024],[138,"Tangela",0.05118,33,0.043],[139,"Thwackey",0.04711,62,0.082],[140,"Gurdurr",0.04673,34,0.045],[141,"Arctovish",0.04569,38,0.05],[142,"Eldegoss",0.04547,15,0.02],[143,"Cramorant",0.04289,69,0.091],[144,"Carbink",0.0425,149,0.196],[145,"Sandslash-Alola",0.04216,49,0.065],[146,"Cofagrigus",0.0404,46,0.061],[147,"Articuno",0.03932,47,0.062],[148,"Arctozolt",0.03898,65,0.086],[149,"Zoroark",0.03897,101,0.133],[150,"Miltank",0.03866,71,0.093],[151,"Comfey",0.03824,44,0.058],[152,"Copperajah",0.03774,108,0.142],[153,"Cursola",0.03684,22,0.029],[154,"Barbaracle",0.03682,76,0.1],[155,"Omastar",0.03561,52,0.068],[156,"Shiftry",0.03282,36,0.047],[157,"Virizion",0.03261,36,0.047],[158,"Aggron",0.03178,59,0.078],[159,"Sneasel",0.03051,16,0.021],[160,"Magmortar",0.03003,23,0.03],[161,"Tauros",0.03,69,0.091],[162,"Meowstic",0.02825,58,0.076],[163,"Linoone",0.02768,147,0.194],[164,"Audino",0.02765,12,0.016],[165,"Persian-Alola",0.02667,47,0.062],[166,"Exeggutor-Alola",0.02568,29,0.038],[167,"Lanturn",0.0249,17,0.022],[168,"Escavalier",0.02394,57,0.075],[169,"Orbeetle",0.02365,54,0.071],[170,"Marowak",0.02261,25,0.033],[171,"Qwilfish",0.02257,39,0.051],[172,"Rotom",0.0225,8,0.011],[173,"Togedemaru",0.02241,76,0.1],[174,"Cryogonal",0.02233,22,0.029],[175,"Basculin",0.02207,21,0.028],[176,"Avalugg",0.02206,23,0.03],[177,"Ferroseed",0.02156,60,0.079],[178,"Leafeon",0.02087,27,0.036],[179,"Sableye",0.02067,51,0.067],[180,"Piloswine",0.01964,82,0.108],[181,"Absol",0.01793,37,0.049],[182,"Pyukumuku",0.01771,9,0.012],[183,"Flapple",0.01756,15,0.02],[184,"Mesprit",0.01744,21,0.028],[185,"Shedinja",0.01695,82,0.108],[186,"Corsola-Galar",0.01663,97,0.128],[187,"Swirlix",0.01627,38,0.05],[188,"Hippopotas",0.01584,18,0.024],[189,"Sawk",0.01556,15,0.02],[190,"Quagsire",0.01556,64,0.084],[191,"Malamar",0.01419,21,0.028],[192,"Morpeko",0.01417,38,0.05],[193,"Dusknoir",0.01363,21,0.028],[194,"Ninjask",0.01184,43,0.057],[195,"Electivire",0.01183,23,0.03],[196,"Silvally-Steel",0.01173,32,0.042],[197,"Stunfisk",0.01133,22,0.029],[198,"Magneton",0.01119,78,0.103],[199,"Sceptile",0.01108,40,0.053],[200,"Hitmonchan",0.01075,10,0.013],[201,"Sandaconda",0.01073,50,0.066],[202,"Silvally-Ground",0.01057,9,0.012],[203,"Rhydon",0.01049,52,0.068],[204,"Dusclops",0.01036,44,0.058],[205,"Clawitzer",0.00973,15,0.02],[206,"Regigigas",0.00971,52,0.068],[207,"Duraludon",0.00967,28,0.037],[208,"Cradily",0.0096,35,0.046],[209,"Ludicolo",0.00936,14,0.018],[210,"Seadra",0.00921,1,0.001],[211,"Trevenant",0.00916,35,0.046],[212,"Guzzlord",0.00894,27,0.036],[213,"Golett",0.00758,3,0.004],[214,"Wishiwashi",0.00744,38,0.05],[215,"Drednaw",0.00693,10,0.013],[216,"Liepard",0.00684,83,0.109],[217,"Perrserker",0.00668,5,0.007],[218,"Braviary",0.00638,35,0.046],[219,"Dugtrio-Alola",0.00637,63,0.083],[220,"Flareon",0.00614,35,0.046],[221,"Gallade",0.00582,47,0.062],[222,"Silvally-Ghost",0.0058,10,0.013],[223,"Clefairy",0.00551,17,0.022],[224,"Stunfisk-Galar",0.00529,18,0.024],[225,"Frosmoth",0.00513,13,0.017],[226,"Gourgeist-Super",0.00512,19,0.025],[227,"Klinklang",0.0049,10,0.013],[228,"Silvally-Flying",0.00463,3,0.004],[229,"Poliwrath",0.00422,17,0.022],[230,"Mr. Rime",0.00399,7,0.009],[231,"Octillery",