{"total":139354,"data":{"header":["Rank","Pokemon","Usage Percentage","Usage Raw","Usage Raw Percentage"],"rows":[[1,"Mienshao",5.21158,5658,4.06],[2,"Zarude",4.62282,4742,3.403],[3,"Xurkitree",3.60709,3587,2.574],[4,"Raikou",3.58708,3162,2.269],[5,"Roserade",3.32117,3330,2.39],[6,"Seismitoad",3.17272,4508,3.235],[7,"Cobalion",2.85543,4139,2.97],[8,"Politoed",2.67762,3920,2.813],[9,"Klefki",2.67549,4738,3.4],[10,"Incineroar",2.57946,4031,2.893],[11,"Heracross",2.47145,2274,1.632],[12,"Metagross",2.46864,3407,2.445],[13,"Darmanitan",2.38366,4080,2.928],[14,"Celebi",2.06642,1081,0.776],[15,"Steelix",2.06433,3231,2.319],[16,"Toxtricity",2.0268,2242,1.609],[17,"Barraskewda",1.90354,2328,1.671],[18,"Noivern",1.80239,1837,1.318],[19,"Rhyperior",1.63917,2623,1.882],[20,"Necrozma",1.62545,1595,1.145],[21,"Volcanion",1.5839,1569,1.126],[22,"Registeel",1.4602,2024,1.452],[23,"Crobat",1.39755,2811,2.017],[24,"Togekiss",1.39729,1829,1.312],[25,"Gardevoir",1.34062,1147,0.823],[26,"Torkoal",1.30069,2030,1.457],[27,"Weezing-Galar",1.28823,1084,0.778],[28,"Flygon",1.27357,1245,0.893],[29,"Chandelure",1.23513,1699,1.219],[30,"Aerodactyl",1.17878,936,0.672],[31,"Galvantula",1.15615,2151,1.544],[32,"Froslass",1.11621,968,0.695],[33,"Golisopod",1.07476,1530,1.098],[34,"Cloyster",1.06509,2380,1.708],[35,"Obstagoon",0.94358,1101,0.79],[36,"Porygon2",0.92049,1445,1.037],[37,"Milotic",0.76256,1135,0.814],[38,"Stakataka",0.75338,1167,0.837],[39,"Ribombee",0.74068,1123,0.806],[40,"Gastrodon",0.73191,1083,0.777],[41,"Suicune",0.70612,684,0.491],[42,"Regidrago",0.70209,769,0.552],[43,"Araquanid",0.69105,997,0.715],[44,"Reuniclus",0.63315,807,0.579],[45,"Tornadus",0.62373,715,0.513],[46,"Slurpuff",0.60724,1126,0.808],[47,"Accelgor",0.6072,444,0.319],[48,"Aurorus",0.59636,977,0.701],[49,"Rotom-Mow",0.56926,836,0.6],[50,"Vanilluxe",0.48476,589,0.423],[51,"Dhelmise",0.43656,293,0.21],[52,"Sirfetch'd",0.42703,291,0.209],[53,"Durant",0.41193,497,0.357],[54,"Marowak-Alola",0.4003,801,0.575],[55,"Golurk",0.39895,344,0.247],[56,"Morgrem",0.39465,186,0.133],[57,"Shuckle",0.34983,1281,0.919],[58,"Sandaconda",0.34782,267,0.192],[59,"Espeon",0.34043,956,0.686],[60,"Porygon-Z",0.33679,556,0.399],[61,"Uxie",0.33464,278,0.199],[62,"Drapion",0.30319,360,0.258],[63,"Diancie",0.298,589,0.423],[64,"Vikavolt",0.29403,363,0.26],[65,"Bronzong",0.29355,542,0.389],[66,"Snorlax",0.27922,656,0.471],[67,"Cursola",0.25979,61,0.044],[68,"Archeops",0.25411,533,0.382],[69,"Dragalge",0.24525,371,0.266],[70,"Xatu",0.23629,279,0.2],[71,"Hitmontop",0.23223,232,0.166],[72,"Lycanroc",0.22512,194,0.139],[73,"Lycanroc-Midnight",0.2189,77,0.055],[74,"Heliolisk",0.21783,445,0.319],[75,"Vileplume",0.21307,176,0.126],[76,"Salazzle",0.20483,484,0.347],[77,"Whimsicott",0.19924,335,0.24],[78,"Arcanine",0.19693,226,0.162],[79,"Liepard",0.19068,204,0.146],[80,"Doublade",0.18151,409,0.293],[81,"Electivire",0.17686,111,0.08],[82,"Mimikyu",0.17645,747,0.536],[83,"Corsola-Galar",0.17286,174,0.125],[84,"Sigilyph",0.17129,187,0.134],[85,"Indeedee",0.17087,768,0.551],[86,"Pincurchin",0.16964,374,0.268],[87,"Tsareena",0.16035,173,0.124],[88,"Gigalith",0.15983,578,0.415],[89,"Runerigus",0.15839,277,0.199],[90,"Ninetales",0.15786,474,0.34],[91,"Druddigon",0.15554,285,0.205],[92,"Decidueye",0.14959,150,0.108],[93,"Dunsparce",0.14752,69,0.05],[94,"Sharpedo",0.14752,602,0.432],[95,"Goodra",0.14282,238,0.171],[96,"Lucario",0.14281,477,0.342],[97,"Pangoro",0.13727,216,0.155],[98,"Tangela",0.13367,56,0.04],[99,"Entei",0.1307,320,0.23],[100,"Claydol",0.12894,272,0.195],[101,"Zoroark",0.12864,192,0.138],[102,"Abomasnow",0.12513,308,0.221],[103,"Umbreon",0.12346,496,0.356],[104,"Starmie",0.11691,258,0.185],[105,"Polteageist",0.11462,461,0.331],[106,"Jolteon",0.1043,414,0.297],[107,"Pikachu",0.10319,103,0.074],[108,"Toxicroak",0.1007,123,0.088],[109,"Mr. Rime",0.0986,32,0.023],[110,"Inteleon",0.09553,314,0.225],[111,"Mudsdale",0.09389,300,0.215],[112,"Qwilfish",0.09284,122,0.088],[113,"Blastoise",0.09278,385,0.276],[114,"Exploud",0.09148,259,0.186],[115,"Glastrier",0.08182,163,0.117],[116,"Ninjask",0.08069,157,0.113],[117,"Omastar",0.07824,116,0.083],[118,"Escavalier",0.07718,115,0.083],[119,"Bewear",0.06579,150,0.108],[120,"Barbaracle",0.06562,186,0.133],[121,"Scyther",0.0641,113,0.081],[122,"Sylveon",0.06192,144,0.103],[123,"Cresselia",0.06029,214,0.154],[124,"Palossand",0.05843,209,0.15],[125,"Audino",0.05815,35,0.025],[126,"Stunfisk",0.05742,124,0.089],[127,"Vaporeon",0.05661,223,0.16],[128,"Talonflame",0.055,191,0.137],[129,"Charizard",0.05112,122,0.088],[130,"Crustle",0.04922,73,0.052],[131,"Ditto",0.04915,102,0.073],[132,"Butterfree",0.04824,138,0.099],[133,"Cinccino",0.04784,240,0.172],[134,"Thwackey",0.0474,149,0.107],[135,"Magneton",0.04688,75,0.054],[136,"Virizion",0.0463,101,0.072],[137,"Hitmonlee",0.04421,135,0.097],[138,"Jellicent",0.04382,83,0.06],[139,"Sableye",0.04337,183,0.131],[140,"Machamp",0.04311,150,0.108],[141,"Scrafty",0.04236,168,0.121],[142,"Linoone",0.04229,425,0.305],[143,"Exeggutor-Alola",0.04197,71,0.051],[144,"Aggron",0.04153,165,0.118],[145,"Cramorant",0.03714,40,0.029],[146,"Gourgeist-Super",0.03657,31,0.022],[147,"Kingdra",0.03401,83,0.06],[148,"Arctozolt",0.03312,52,0.037],[149,"Meowstic",0.03276,108,0.078],[150,"Duraludon",0.03167,110,0.079],[151,"Gurdurr",0.03058,25,0.018],[152,"Rotom-Frost",0.02967,38,0.027],[153,"Indeedee-F",0.02848,49,0.035],[154,"Lanturn",0.0284,25,0.018],[155,"Rotom-Fan",0.0279,52,0.037],[156,"Sawk",0.02648,10,0.007],[157,"Flareon",0.02601,60,0.043],[158,"Sandslash-Alola",0.02579,82,0.059],[159,"Garbodor",0.02562,105,0.075],[160,"Absol",0.02534,49,0.035],[161,"Dugtrio",0.0253,55,0.039],[162,"Clawitzer",0.02398,65,0.047],[163,"Arctovish",0.02144,43,0.031],[164,"Leafeon",0.02087,64,0.046],[165,"Ferroseed",0.02062,120,0.086],[166,"Manectric",0.02012,81,0.058],[167,"Kabutops",0.02006,49,0.035],[168,"Piloswine",0.01958,89,0.064],[169,"Dugtrio-Alola",0.01893,69,0.05],[170,"Morpeko",0.01861,82,0.059],[171,"Weezing",0.01829,41,0.029],[172,"Articuno-Galar",0.01729,48,0.034],[173,"Tyrantrum",0.01715,114,0.082],[174,"Copperajah",0.01686,140,0.1],[175,"Sandslash",0.01655,52,0.037],[176,"Tauros",0.01648,69,0.05],[177,"Centiskorch",0.01577,116,0.083],[178,"Ludicolo",0.01573,52,0.037],[179,"Mantine",0.01563,60,0.043],[180,"Miltank",0.01537,15,0.011],[181,"Silvally-Fairy",0.01499,29,0.021],[182,"Passimian",0.01438,80,0.057],[183,"Cofagrigus",0.01412,58,0.042],[184,"Grookey",0.01389,20,0.014],[185,"Shiinotic",0.01261,11,0.008],[186,"Togedemaru",0.01225,149,0.107],[187,"Silvally-Steel",0.01193,27,0.019],[188,"Sneasel",0.01173,34,0.024],[189,"Cryogonal",0.01145,15,0.011],[190,"Sceptile",0.01077,116,0.083],[191,"Shedinja",0.01014,104,0.075],[192,"Cradily",0.01007,41,0.029],[193,"Haunter",0.01,69,0.05],[194,"Whirlipede",0.00998,131,0.094],[195,"Silvally",0.00994,75,0.054],[196,"Inkay",0.00963,7,0.005],[197,"Slowpoke",0.00962,8,0.006],[198,"Golbat",0.00923,18,0.013],[199,"Braviary",0.00902,73,0.052],[200,"Wishiwashi",0.00869,18,0.013],[201,"Hippopotas",0.00793,40,0.029],[202,"Magnezone",0.00782,38,0.027],[203,"Shiftry",0.0075,28,0.02],[204,"Malamar",0.00749,93,0.067],[205,"Persian-Alola",0.00687,74,0.053],[206,"Swirlix",0.00686,58,0.042],[207,"Raichu-Alola",0.00632,46,0.033],[208,"Silvally-Ghost",0.00621,5,0.004],[209,"Eldegoss",0.00602,29,0.021],[210,"Silvally-Ground",0.0059,29,0.021],[211,"Lopunny",0.0059,78,0.056],[212,"Comfey",0.00575,57,0.041],[213,"Mesprit",0.00575,54,0.039],[214,"Rotom",0.00567,49,0.035],[215,"Turtonator",0.00562,36,0.026],[216,"Lapras",0.0055,29,0.021],[217,"Relicanth",0.00546,22,0.016],[218,"Drednaw",0.00542,14,0.01],[219,"Regirock",0.00503,86,0.062],[220,"Luxray",0.00488,28,0.02],[221,"Stunfisk-Galar",0.00485,31,0.022],[222,"Rhydon",0.00468,46,0.033],[223,"Heatmor",0.00457,8,0.006],[224,"Guzzlord",0.00447,34,0.024],[225,"Kadabra",0.00429,20,0.014],[226,"Falinks",0.00425,30,0.022],[227,"Poliwrath",0.0042,64,0.046],[228,"Perrserker",0.00413,21,0.015],[229,"Exeggutor",0.00397,24,