{"total":164746,"data":{"header":["Rank","Pokemon","Usage Percentage","Usage Raw","Usage Raw Percentage"],"rows":[[1,"Zarude",5.33182,5411,3.284],[2,"Seismitoad",5.07784,7151,4.341],[3,"Darmanitan",3.90731,5869,3.562],[4,"Zygarde-10%",3.48999,3252,1.974],[5,"Cobalion",3.46223,4705,2.856],[6,"Thundurus",3.34818,3963,2.406],[7,"Xurkitree",3.2505,3625,2.2],[8,"Klefki",3.06917,6470,3.927],[9,"Mienshao",2.45713,2605,1.581],[10,"Necrozma",2.2474,2794,1.696],[11,"Rhyperior",2.19217,3679,2.233],[12,"Raikou",2.13082,2780,1.687],[13,"Incineroar",1.96983,3854,2.339],[14,"Registeel",1.8839,2910,1.766],[15,"Toxtricity",1.78034,1792,1.088],[16,"Steelix",1.77807,2887,1.752],[17,"Noivern",1.68332,2233,1.355],[18,"Metagross",1.6465,3033,1.841],[19,"Crobat",1.48472,3504,2.127],[20,"Politoed",1.47648,2262,1.373],[21,"Togekiss",1.40494,2052,1.246],[22,"Milotic",1.33917,1930,1.172],[23,"Suicune",1.30282,1235,0.75],[24,"Roserade",1.29583,1020,0.619],[25,"Obstagoon",1.25438,2061,1.251],[26,"Volcanion",1.23672,1880,1.141],[27,"Drapion",1.20002,1025,0.622],[28,"Chandelure",1.1469,2530,1.536],[29,"Torkoal",1.09402,2630,1.596],[30,"Galvantula",1.07025,2101,1.275],[31,"Gardevoir",1.04443,1515,0.92],[32,"Magnezone",1.03983,1925,1.168],[33,"Weezing-Galar",0.95253,1496,0.908],[34,"Regidrago",0.94897,1587,0.963],[35,"Heracross",0.84232,1788,1.085],[36,"Slowbro-Galar",0.83386,1217,0.739],[37,"Slurpuff",0.81912,1375,0.835],[38,"Mudsdale",0.77891,553,0.336],[39,"Ribombee",0.7067,1606,0.975],[40,"Reuniclus",0.70577,976,0.592],[41,"Flygon",0.70343,1038,0.63],[42,"Diancie",0.69449,904,0.549],[43,"Marowak-Alola",0.69292,1210,0.734],[44,"Froslass",0.66697,435,0.264],[45,"Porygon2",0.66627,1722,1.045],[46,"Golisopod",0.64138,589,0.358],[47,"Pincurchin",0.60592,558,0.339],[48,"Cloyster",0.59299,2939,1.784],[49,"Celebi",0.58207,818,0.497],[50,"Araquanid",0.57593,1352,0.821],[51,"Uxie",0.55901,653,0.396],[52,"Shuckle",0.53952,1873,1.137],[53,"Entei",0.53409,1214,0.737],[54,"Golurk",0.49294,562,0.341],[55,"Dragalge",0.48492,385,0.234],[56,"Porygon-Z",0.46097,866,0.526],[57,"Accelgor",0.44148,1001,0.608],[58,"Rotom-Mow",0.43681,781,0.474],[59,"Dhelmise",0.41666,404,0.245],[60,"Aerodactyl",0.39771,903,0.548],[61,"Salazzle",0.39626,658,0.399],[62,"Stakataka",0.38385,1284,0.779],[63,"Vikavolt",0.37674,643,0.39],[64,"Druddigon",0.37234,612,0.371],[65,"Snorlax",0.37044,872,0.529],[66,"Sharpedo",0.36678,1001,0.608],[67,"Starmie",0.32846,434,0.263],[68,"Archeops",0.32478,327,0.198],[69,"Hitmontop",0.31043,220,0.134],[70,"Bronzong",0.30618,863,0.524],[71,"Vanilluxe",0.30609,591,0.359],[72,"Runerigus",0.29496,479,0.291],[73,"Gastrodon",0.27797,341,0.207],[74,"Sirfetch'd",0.27221,267,0.162],[75,"Durant",0.26542,604,0.367],[76,"Arcanine",0.25151,444,0.27],[77,"Mimikyu",0.23899,1036,0.629],[78,"Crustle",0.22562,282,0.171],[79,"Lucario",0.22422,582,0.353],[80,"Tornadus",0.21974,391,0.237],[81,"Doublade",0.21875,387,0.235],[82,"Xatu",0.21243,304,0.185],[83,"Cursola",0.20419,195,0.118],[84,"Pangoro",0.19939,391,0.237],[85,"Claydol",0.19469,345,0.209],[86,"Gigalith",0.19061,463,0.281],[87,"Abomasnow",0.1892,331,0.201],[88,"Ninjask",0.18663,257,0.156],[89,"Indeedee",0.17465,466,0.283],[90,"Vaporeon",0.15428,256,0.155],[91,"Polteageist",0.15136,449,0.273],[92,"Cresselia",0.15105,279,0.169],[93,"Scrafty",0.14858,165,0.1],[94,"Tyrantrum",0.14718,248,0.151],[95,"Lycanroc",0.14554,385,0.234],[96,"Sableye",0.14299,326,0.198],[97,"Espeon",0.13805,806,0.489],[98,"Sylveon",0.13771,230,0.14],[99,"Glastrier",0.13471,460,0.279],[100,"Inteleon",0.13422,574,0.348],[101,"Talonflame",0.13359,245,0.149],[102,"Tangela",0.12523,102,0.062],[103,"Umbreon",0.11087,529,0.321],[104,"Stunfisk-Galar",0.10987,151,0.092],[105,"Passimian",0.10914,161,0.098],[106,"Ninetales",0.10551,543,0.33],[107,"Exploud",0.10488,146,0.089],[108,"Aggron",0.10465,206,0.125],[109,"Blastoise",0.09166,411,0.249],[110,"Heliolisk",0.0909,392,0.238],[111,"Whimsicott",0.08979,328,0.199],[112,"Vileplume",0.08956,189,0.115],[113,"Jolteon",0.08934,440,0.267],[114,"Bewear",0.08879,122,0.074],[115,"Mesprit",0.08782,118,0.072],[116,"Palossand",0.08088,157,0.095],[117,"Kangaskhan",0.08009,101,0.061],[118,"Aurorus",0.07915,237,0.144],[119,"Linoone",0.07885,531,0.322],[120,"Virizion",0.07214,142,0.086],[121,"Gabite",0.07009,66,0.04],[122,"Toxicroak",0.06917,101,0.061],[123,"Machamp",0.06889,251,0.152],[124,"Gallade",0.06729,121,0.073],[125,"Kabutops",0.06702,131,0.08],[126,"Escavalier",0.06541,73,0.044],[127,"Copperajah",0.06253,318,0.193],[128,"Sigilyph",0.06096,165,0.1],[129,"Meowstic",0.06017,110,0.067],[130,"Barbaracle",0.05938,360,0.219],[131,"Regirock",0.05576,199,0.121],[132,"Decidueye",0.05391,157,0.095],[133,"Sceptile",0.05109,111,0.067],[134,"Sandslash",0.05062,135,0.082],[135,"Tsareena",0.05058,127,0.077],[136,"Goodra",0.04784,195,0.118],[137,"Malamar",0.04611,135,0.082],[138,"Hitmonlee",0.04547,94,0.057],[139,"Charizard",0.04476,165,0.1],[140,"Thwackey",0.04103,128,0.078],[141,"Ditto",0.03689,161,0.098],[142,"Duraludon",0.03627,104,0.063],[143,"Aromatisse",0.03529,43,0.026],[144,"Altaria",0.03485,39,0.024],[145,"Arctozolt",0.03477,84,0.051],[146,"Mantine",0.0343,185,0.112],[147,"Wishiwashi",0.0343,57,0.035],[148,"Swoobat",0.03383,210,0.127],[149,"Morpeko",0.03307,167,0.101],[150,"Braviary",0.03202,71,0.043],[151,"Silvally",0.02991,84,0.051],[152,"Silvally-Steel",0.02877,57,0.035],[153,"Articuno-Galar",0.02797,131,0.08],[154,"Tauros",0.02774,70,0.042],[155,"Kingdra",0.02746,82,0.05],[156,"Pinsir",0.0271,28,0.017],[157,"Comfey",0.02685,103,0.063],[158,"Cinccino",0.02619,288,0.175],[159,"Haunter",0.02599,48,0.029],[160,"Coalossal",0.02587,143,0.087],[161,"Articuno",0.0252,60,0.036],[162,"Sneasel",0.02411,38,0.023],[163,"Scyther",0.02359,131,0.08],[164,"Centiskorch",0.02252,78,0.047],[165,"Lanturn",0.02223,65,0.039],[166,"Pyukumuku",0.02218,84,0.051],[167,"Audino",0.02202,26,0.016],[168,"Omastar",0.02178,82,0.05],[169,"Jellicent",0.02113,71,0.043],[170,"Orbeetle",0.02111,74,0.045],[171,"Sandaconda",0.02099,96,0.058],[172,"Raichu",0.02093,53,0.032],[173,"Zoroark",0.01864,260,0.158],[174,"Absol",0.01801,101,0.061],[175,"Drampa",0.01756,30,0.018],[176,"Rapidash-Galar",0.01728,11,0.007],[177,"Cradily",0.01709,115,0.07],[178,"Rhydon",0.01696,102,0.062],[179,"Carbink",0.01597,199,0.121],[180,"Magmortar",0.01572,51,0.031],[181,"Togedemaru",0.01526,203,0.123],[182,"Cryogonal",0.01479,19,0.012],[183,"Raichu-Alola",0.01442,43,0.026],[184,"Turtonator",0.01364,78,0.047],[185,"Dusclops",0.01331,67,0.041],[186,"Sawk",0.01326,23,0.014],[187,"Eldegoss",0.01313,22,0.013],[188,"Gurdurr",0.01304,20,0.012],[189,"Arctovish",0.01291,26,0.016],[190,"Piloswine",0.01248,141,0.086],[191,"Miltank",0.01133,99,0.06],[192,"Emolga",0.01115,35,0.021],[193,"Poliwrath",0.01086,15,0.009],[194,"Frosmoth",0.01084,16,0.01],[195,"Avalugg",0.01078,17,0.01],[196,"Mawile",0.01052,18,0.011],[197,"Clawitzer",0.00931,60,0.036],[198,"Magneton",0.00928,31,0.019],[199,"Leafeon",0.00899,87,0.053],[200,"Sandslash-Alola",0.00887,47,0.029],[201,"Qwilfish",0.00887,59,0.036],[202,"Corsola-Galar",0.0088,112,0.068],[203,"Regigigas",0.00873,70,0.042],[204,"Carracosta",0.00856,81,0.049],[205,"Indeedee-F",0.00852,67,0.041],[206,"Grapploct",0.00851,25,0.015],[207,"Delibird",0.00836,8,0.005],[208,"Appletun",0.00812,70,0.042],[209,"Rotom-Fan",0.00798,19,0.012],[210,"Garbodor",0.00795,50,0.03],[211,"Whirlipede",0.00795,12,0.007],[212,"Kingler",0.00788,12,0.007],[213,"Marowak",0.00743,18,0.011],[214,"Ludicolo",0.0074,29,0.018],[215,"Shiftry",0.00723,48,0.029],[216,"Slowpoke",0.00716,12,0.007],[217,"Exeggutor-Alola",0.00701,43,0.026],[218,"Stunfisk",0.00694,17,0.01],[219,"Silvally-Dragon",0.00664,2,0.001],[220,"Electivire",0.00664,76,0.046],[221,"Cofagrigus",0.00633,178,0.108],[222,"Persian-Alola",0.00628,31,0.019],[223,"Rotom",0.00593,17,0.01],[224,"Poipole",0.00563,3,0.002],[225,"Liepard",0.00541,106,0.064],[226,"Regice",0.00537,36,0.022],[227,"Gourgeist-Small",0.00522,6,0.004],[228,"Dubwool",0.00521,23,0.014],[229,