{"total":106382,"data":{"header":["Rank","Pokemon","Usage Percentage","Usage Raw","Usage Raw Percentage"],"rows":[[1,"Darmanitan",5.26677,4168,3.918],[2,"Zarude",4.18798,2797,2.629],[3,"Metagross",3.96048,3007,2.827],[4,"Xurkitree",3.72083,3020,2.839],[5,"Necrozma",2.96899,2142,2.013],[6,"Crobat",2.80668,2676,2.515],[7,"Slowking",2.61503,1798,1.69],[8,"Steelix",2.46506,2513,2.362],[9,"Drapion",2.46186,1359,1.277],[10,"Torkoal",2.42265,3558,3.345],[11,"Diggersby",2.42007,2295,2.157],[12,"Registeel",2.34322,2278,2.141],[13,"Seismitoad",2.13694,2772,2.606],[14,"Entei",2.05279,1305,1.227],[15,"Raikou",1.943,1855,1.744],[16,"Zygarde-10%",1.83142,1669,1.569],[17,"Thundurus",1.69904,2011,1.89],[18,"Grimmsnarl",1.56353,2689,2.528],[19,"Politoed",1.5569,2531,2.379],[20,"Klefki",1.41517,2808,2.64],[21,"Conkeldurr",1.37326,1106,1.04],[22,"Suicune",1.35371,816,0.767],[23,"Weezing-Galar",1.34915,1007,0.947],[24,"Ribombee",1.33541,1579,1.484],[25,"Kyurem",1.33303,699,0.657],[26,"Chandelure",1.29453,1639,1.541],[27,"Aerodactyl",1.21654,1235,1.161],[28,"Mienshao",1.20916,729,0.685],[29,"Rhyperior",1.15878,698,0.656],[30,"Togekiss",1.12979,1263,1.187],[31,"Regidrago",1.02193,1166,1.096],[32,"Diancie",0.96453,743,0.698],[33,"Araquanid",0.88938,1265,1.189],[34,"Mudsdale",0.87207,407,0.383],[35,"Cloyster",0.86633,1712,1.609],[36,"Shuckle",0.80703,792,0.744],[37,"Galvantula",0.77025,1502,1.412],[38,"Archeops",0.7591,691,0.65],[39,"Froslass",0.71644,384,0.361],[40,"Runerigus",0.68387,474,0.446],[41,"Claydol",0.67787,421,0.396],[42,"Indeedee",0.67222,441,0.415],[43,"Bronzong",0.66715,878,0.825],[44,"Golisopod",0.63162,480,0.451],[45,"Rotom-Mow",0.62787,415,0.39],[46,"Gardevoir",0.60595,676,0.635],[47,"Flygon",0.59763,735,0.691],[48,"Scolipede",0.59518,646,0.607],[49,"Toxtricity",0.51034,387,0.364],[50,"Porygon2",0.49249,372,0.35],[51,"Pincurchin",0.48606,484,0.455],[52,"Heracross",0.48307,415,0.39],[53,"Noivern",0.47701,394,0.37],[54,"Obstagoon",0.47484,700,0.658],[55,"Accelgor",0.46833,269,0.253],[56,"Ditto",0.43519,571,0.537],[57,"Roserade",0.43142,419,0.394],[58,"Glastrier",0.42611,387,0.364],[59,"Dragalge",0.40822,443,0.416],[60,"Vikavolt",0.39146,387,0.364],[61,"Haxorus",0.39072,350,0.329],[62,"Talonflame",0.387,228,0.214],[63,"Reuniclus",0.37911,379,0.356],[64,"Tornadus",0.37797,503,0.473],[65,"Dhelmise",0.36536,242,0.227],[66,"Uxie",0.36468,477,0.448],[67,"Snorlax",0.34857,559,0.525],[68,"Celebi",0.34637,366,0.344],[69,"Machamp",0.3046,334,0.314],[70,"Druddigon",0.29636,479,0.45],[71,"Aurorus",0.28205,316,0.297],[72,"Blastoise",0.27889,439,0.413],[73,"Salazzle",0.26894,311,0.292],[74,"Doublade",0.2675,347,0.326],[75,"Mimikyu",0.26069,646,0.607],[76,"Tyrantrum",0.25537,274,0.258],[77,"Arcanine",0.25511,462,0.434],[78,"Sylveon",0.25254,158,0.149],[79,"Omastar",0.25117,153,0.144],[80,"Vanilluxe",0.23712,471,0.443],[81,"Golurk",0.23603,327,0.307],[82,"Lucario",0.22402,290,0.273],[83,"Lycanroc",0.21457,208,0.196],[84,"Abomasnow",0.21103,494,0.464],[85,"Jolteon",0.20652,260,0.244],[86,"Starmie",0.20565,242,0.227],[87,"Hitmontop",0.19814,167,0.157],[88,"Heliolisk",0.1931,319,0.3],[89,"Regirock",0.19122,199,0.187],[90,"Nidoqueen",0.17467,78,0.073],[91,"Kabutops",0.16943,194,0.182],[92,"Gigalith",0.16875,373,0.351],[93,"Goodra",0.16813,227,0.213],[94,"Slurpuff",0.15605,352,0.331],[95,"Milotic",0.15448,251,0.236],[96,"Durant",0.15122,543,0.51],[97,"Sharpedo",0.14669,188,0.177],[98,"Gastrodon",0.14543,204,0.192],[99,"Sirfetch'd",0.14329,111,0.104],[100,"Porygon-Z",0.14087,326,0.306],[101,"Decidueye",0.13886,107,0.101],[102,"Scrafty",0.13508,176,0.165],[103,"Morpeko",0.1346,81,0.076],[104,"Passimian",0.13076,158,0.149],[105,"Charizard",0.12757,175,0.165],[106,"Centiskorch",0.12728,178,0.167],[107,"Slowbro-Galar",0.12028,136,0.128],[108,"Ninjask",0.1183,97,0.091],[109,"Vileplume",0.11723,105,0.099],[110,"Umbreon",0.11599,149,0.14],[111,"Clawitzer",0.11287,123,0.116],[112,"Ninetales",0.11196,393,0.369],[113,"Pangoro",0.1096,222,0.209],[114,"Polteageist",0.10906,235,0.221],[115,"Sableye",0.10718,238,0.224],[116,"Cresselia",0.10525,176,0.165],[117,"Xatu",0.10482,246,0.231],[118,"Indeedee-F",0.10247,125,0.118],[119,"Vaporeon",0.10225,101,0.095],[120,"Absol",0.09907,105,0.099],[121,"Inteleon",0.09341,366,0.344],[122,"Copperajah",0.08962,192,0.18],[123,"Ninetales-Alola",0.08946,94,0.088],[124,"Kingdra",0.08846,138,0.13],[125,"Mantine",0.08341,149,0.14],[126,"Articuno-Galar",0.08171,149,0.14],[127,"Venusaur",0.08087,149,0.14],[128,"Weezing",0.07998,81,0.076],[129,"Magneton",0.07996,194,0.182],[130,"Piloswine",0.07939,136,0.128],[131,"Pyukumuku",0.07854,50,0.047],[132,"Palossand",0.07845,115,0.108],[133,"Tsareena",0.07801,118,0.111],[134,"Scyther",0.07785,199,0.187],[135,"Marowak",0.07743,37,0.035],[136,"Lycanroc-Dusk",0.07682,64,0.06],[137,"Rotom",0.07667,29,0.027],[138,"Terrakion",0.07629,94,0.088],[139,"Zoroark",0.07495,210,0.197],[140,"Hitmonlee",0.07114,219,0.206],[141,"Espeon",0.07074,416,0.391],[142,"Tauros",0.06884,91,0.086],[143,"Ferroseed",0.06859,50,0.047],[144,"Articuno",0.06683,92,0.086],[145,"Escavalier",0.06532,79,0.074],[146,"Coalossal",0.06486,245,0.23],[147,"Arctovish",0.06347,56,0.053],[148,"Togedemaru",0.0617,181,0.17],[149,"Magmortar",0.06103,74,0.07],[150,"Thwackey",0.05877,69,0.065],[151,"Raboot",0.05767,77,0.072],[152,"Aggron",0.05709,153,0.144],[153,"Duosion",0.05639,52,0.049],[154,"Whimsicott",0.05563,228,0.214],[155,"Sigilyph",0.05442,70,0.066],[156,"Drampa",0.05365,35,0.033],[157,"Exploud",0.05245,161,0.151],[158,"Quagsire",0.0513,42,0.039],[159,"Arctozolt",0.04703,103,0.097],[160,"Boltund",0.04455,25,0.024],[161,"Sneasel",0.04242,57,0.054],[162,"Stunfisk-Galar",0.04164,38,0.036],[163,"Sandslash-Alola",0.04116,52,0.049],[164,"Qwilfish",0.04115,139,0.131],[165,"Silvally-Steel",0.04083,211,0.198],[166,"Shiftry",0.04066,53,0.05],[167,"Raichu-Alola",0.03974,62,0.058],[168,"Duraludon",0.03689,109,0.102],[169,"Bewear",0.03613,111,0.104],[170,"Toxicroak",0.03435,85,0.08],[171,"Wishiwashi",0.03434,13,0.012],[172,"Orbeetle",0.03433,132,0.124],[173,"Slowking-Galar",0.0339,18,0.017],[174,"Corsola-Galar",0.0333,159,0.149],[175,"Mawile",0.0303,10,0.009],[176,"Haunter",0.02988,41,0.039],[177,"Tangela",0.02945,31,0.029],[178,"Comfey",0.02894,63,0.059],[179,"Braviary",0.02682,72,0.068],[180,"Persian-Alola",0.02579,29,0.027],[181,"Eldegoss",0.02571,38,0.036],[182,"Torracat",0.02398,16,0.015],[183,"Lanturn",0.02369,41,0.039],[184,"Tangrowth",0.0233,10,0.009],[185,"Cradily",0.02326,83,0.078],[186,"Cinccino",0.02235,134,0.126],[187,"Exeggutor-Alola",0.02224,85,0.08],[188,"Frosmoth",0.02189,34,0.032],[189,"Electivire",0.02162,75,0.071],[190,"Barbaracle",0.02089,121,0.114],[191,"Liepard",0.02047,80,0.075],[192,"Sandslash",0.02022,38,0.036],[193,"Avalugg",0.01933,28,0.026],[194,"Sandaconda",0.0193,100,0.094],[195,"Perrserker",0.01895,35,0.033],[196,"Cryogonal",0.01775,19,0.018],[197,"Trevenant",0.01774,60,0.056],[198,"Lickilicky",0.01734,11,0.01],[199,"Swirlix",0.01727,141,0.133],[200,"Dugtrio-Alola",0.01651,30,0.028],[201,"Malamar",0.01628,83,0.078],[202,"Leafeon",0.01375,20,0.019],[203,"Drifblim",0.01346,10,0.009],[204,"Throh",0.01345,4,0.004],[205,"Jellicent",0.01323,45,0.042],[206,"Carbink",0.01306,88,0.083],[207,"Miltank",0.01295,49,0.046],[208,"Swoobat",0.01274,80,0.075],[209,"Silvally-Fairy",0.01257,51,0.048],[210,"Meowstic",0.01256,20,0.019],[211,"Shedinja",0.01204,26,0.024],[212,"Gourgeist-Super",0.012,5,0.005],[213,"Virizion",0.01198,85,0.08],[214,"Silvally-Ground",0.01185,13,0.012],[215,"Cofagrigus",0.01134,38,0.036],[216,"Audino",0.01128,8,0.008],[217,"Mr. Rime",0.01121,18,0.017],[218,"Altaria",0.01118,58,0.055],[219,"Regice",0.01099,7,0.007],[220,"Grapploct",0.0109,21,0.02],[221,"Seadra",0.01069,2,0.002],[222,"Golduck",0.0101,8,0.008],[223,"Linoone-Galar",0.00976,5,0.005],[224,"Linoone",0.00965,222,0.209],[225,"Shiinotic",0.00934,14,0.013],[226,"Rotom-Frost",0.00932,19,0.018],[227,"Sudowoodo",0.00926,6,0.006],[228,"Dugtrio",0.00913,21,0.02],[229,"Pikachu",0.00862,87,