{"total":73822,"data":{"header":["Rank","Pokemon","Usage Percentage","Usage Raw","Usage Raw Percentage"],"rows":[[1,"Xurkitree",6.29948,4017,5.441],[2,"Nidoqueen",5.20989,2640,3.576],[3,"Steelix",4.06066,2235,3.028],[4,"Slowking",3.69906,1466,1.986],[5,"Ribombee",3.58111,1595,2.161],[6,"Politoed",3.49187,2001,2.711],[7,"Barraskewda",3.30626,2256,3.056],[8,"Passimian",2.9585,1357,1.838],[9,"Abomasnow",2.94505,1970,2.669],[10,"Seismitoad",2.37505,1624,2.2],[11,"Vanilluxe",2.20648,1573,2.131],[12,"Gardevoir",2.16088,1239,1.678],[13,"Tornadus",2.05072,1525,2.066],[14,"Indeedee-F",2.03975,779,1.055],[15,"Decidueye",1.97492,827,1.12],[16,"Starmie",1.96609,1008,1.365],[17,"Vikavolt",1.95692,1324,1.794],[18,"Archeops",1.94298,2137,2.895],[19,"Drapion",1.83504,1118,1.514],[20,"Arcanine",1.53784,1128,1.528],[21,"Exploud",1.53466,950,1.287],[22,"Zygarde-10%",1.53122,898,1.216],[23,"Druddigon",1.51617,2396,3.246],[24,"Tyrantrum",1.48787,815,1.104],[25,"Dragalge",1.42324,808,1.095],[26,"Virizion",1.37792,667,0.904],[27,"Copperajah",1.3127,895,1.212],[28,"Golurk",1.26911,952,1.29],[29,"Braviary",1.26778,615,0.833],[30,"Crobat",1.07057,628,0.851],[31,"Milotic",1.0697,687,0.931],[32,"Mudsdale",0.9843,1030,1.395],[33,"Kabutops",0.9515,564,0.764],[34,"Silvally-Steel",0.82458,466,0.631],[35,"Goodra",0.82085,839,1.137],[36,"Shuckle",0.82014,690,0.935],[37,"Articuno",0.81511,601,0.814],[38,"Rhyperior",0.81245,970,1.314],[39,"Torkoal",0.8058,1481,2.006],[40,"Bewear",0.73236,473,0.641],[41,"Scrafty",0.71709,539,0.73],[42,"Accelgor",0.70184,458,0.62],[43,"Espeon",0.66032,893,1.21],[44,"Sandaconda",0.64834,151,0.205],[45,"Gigalith",0.62237,1170,1.585],[46,"Thwackey",0.55674,272,0.368],[47,"Frosmoth",0.53101,73,0.099],[48,"Galvantula",0.51533,914,1.238],[49,"Inteleon",0.50813,798,1.081],[50,"Ferroseed",0.4717,158,0.214],[51,"Crustle",0.46906,170,0.23],[52,"Lycanroc",0.46167,419,0.568],[53,"Xatu",0.44978,590,0.799],[54,"Snorlax",0.43882,328,0.444],[55,"Vileplume",0.41578,374,0.507],[56,"Salazzle",0.40054,780,1.057],[57,"Kingdra",0.38985,223,0.302],[58,"Pincurchin",0.37057,486,0.658],[59,"Blastoise",0.3678,636,0.862],[60,"Mesprit",0.34653,139,0.188],[61,"Claydol",0.33674,416,0.564],[62,"Mantine",0.33506,260,0.352],[63,"Rotom",0.31084,123,0.167],[64,"Porygon2",0.30566,340,0.461],[65,"Ninjask",0.29465,173,0.234],[66,"Duraludon",0.29379,166,0.225],[67,"Carbink",0.28869,116,0.157],[68,"Arctozolt",0.28303,213,0.289],[69,"Togedemaru",0.24691,118,0.16],[70,"Aurorus",0.23853,233,0.316],[71,"Whimsicott",0.23658,170,0.23],[72,"Regirock",0.22094,303,0.41],[73,"Absol",0.21403,134,0.182],[74,"Regice",0.21385,233,0.316],[75,"Hitmonlee",0.2133,491,0.665],[76,"Tangela",0.21201,116,0.157],[77,"Sableye",0.17067,157,0.213],[78,"Qwilfish",0.16795,78,0.106],[79,"Arctovish",0.1605,95,0.129],[80,"Eiscue",0.1592,16,0.022],[81,"Sandslash-Alola",0.15611,152,0.206],[82,"Escavalier",0.14926,173,0.234],[83,"Charizard",0.14719,369,0.5],[84,"Vaporeon",0.14387,124,0.168],[85,"Gallade",0.14342,148,0.2],[86,"Aggron",0.12946,200,0.271],[87,"Bronzong",0.12514,65,0.088],[88,"Cradily",0.11876,158,0.214],[89,"Coalossal",0.1182,279,0.378],[90,"Centiskorch",0.11766,279,0.378],[91,"Comfey",0.11456,315,0.427],[92,"Eldegoss",0.11365,67,0.091],[93,"Hitmontop",0.10678,123,0.167],[94,"Sawk",0.10286,28,0.038],[95,"Sceptile",0.10281,130,0.176],[96,"Orbeetle",0.10132,154,0.209],[97,"Runerigus",0.10099,221,0.299],[98,"Jolteon",0.09814,236,0.32],[99,"Audino",0.09535,25,0.034],[100,"Lanturn",0.09052,93,0.126],[101,"Ninetales",0.08779,322,0.436],[102,"Tauros",0.08677,129,0.175],[103,"Rotom-Frost",0.08437,50,0.068],[104,"Cursola",0.08239,41,0.056],[105,"Meowstic",0.07879,115,0.156],[106,"Magmortar",0.07688,79,0.107],[107,"Silvally-Ghost",0.07632,62,0.084],[108,"Electivire",0.07295,121,0.164],[109,"Rhydon",0.07099,91,0.123],[110,"Jellicent",0.06862,70,0.095],[111,"Piloswine",0.05976,118,0.16],[112,"Silvally-Fairy",0.05902,129,0.175],[113,"Corsola-Galar",0.05831,59,0.08],[114,"Jynx",0.05829,35,0.047],[115,"Dugtrio-Alola",0.05737,47,0.064],[116,"Cinccino",0.05438,199,0.27],[117,"Flareon",0.05229,25,0.034],[118,"Swirlix",0.04435,21,0.028],[119,"Weezing",0.04285,73,0.099],[120,"Miltank",0.04177,110,0.149],[121,"Rotom-Fan",0.04135,66,0.089],[122,"Exeggutor-Alola",0.04007,76,0.103],[123,"Gourgeist-Small",0.03629,16,0.022],[124,"Gurdurr",0.03617,18,0.024],[125,"Guzzlord",0.03525,27,0.037],[126,"Persian-Alola",0.03513,186,0.252],[127,"Glaceon",0.0328,36,0.049],[128,"Clefairy",0.03242,31,0.042],[129,"Dusclops",0.03229,40,0.054],[130,"Poliwrath",0.03106,33,0.045],[131,"Boltund",0.03075,48,0.065],[132,"Thievul",0.03064,35,0.047],[133,"Spiritomb",0.03063,80,0.108],[134,"Magneton",0.0293,122,0.165],[135,"Rapidash-Galar",0.02907,7,0.009],[136,"Toxicroak",0.02879,83,0.112],[137,"Silvally-Water",0.02869,9,0.012],[138,"Kingler",0.02797,61,0.083],[139,"Gourgeist-Super",0.02695,70,0.095],[140,"Gastrodon",0.02626,118,0.16],[141,"Unfezant",0.02444,5,0.007],[142,"Hitmonchan",0.02388,16,0.022],[143,"Trevenant",0.02359,40,0.054],[144,"Lycanroc-Midnight",0.02315,5,0.007],[145,"Drakloak",0.02232,8,0.011],[146,"Avalugg",0.02229,21,0.028],[147,"Beartic",0.02227,7,0.009],[148,"Drampa",0.02224,32,0.043],[149,"Garbodor",0.02213,103,0.14],[150,"Clawitzer",0.02207,35,0.047],[151,"Turtonator",0.02137,35,0.047],[152,"Manectric",0.02111,6,0.008],[153,"Sneasel",0.02109,117,0.158],[154,"Pinsir",0.01979,12,0.016],[155,"Ludicolo",0.01936,25,0.034],[156,"Wigglytuff",0.01908,17,0.023],[157,"Golbat",0.0175,13,0.018],[158,"Altaria",0.01622,7,0.009],[159,"Mr. Mime-Galar",0.01498,8,0.011],[160,"Heliolisk",0.0142,35,0.047],[161,"Exeggutor",0.01366,44,0.06],[162,"Stunfisk-Galar",0.01365,50,0.068],[163,"Silvally",0.01292,18,0.024],[164,"Dhelmise",0.01275,23,0.031],[165,"Walrein",0.01222,18,0.024],[166,"Quagsire",0.0122,28,0.038],[167,"Liepard",0.01179,80,0.108],[168,"Silvally-Ground",0.01012,28,0.038],[169,"Type: Null",0.00986,8,0.011],[170,"Sudowoodo",0.00965,9,0.012],[171,"Silvally-Grass",0.00956,5,0.007],[172,"Cofagrigus",0.00905,70,0.095],[173,"Leafeon",0.0085,23,0.031],[174,"Skuntank",0.00829,43,0.058],[175,"Haunter",0.00728,42,0.057],[176,"Froslass",0.00692,2,0.003],[177,"Sandslash",0.0068,16,0.022],[178,"Glalie",0.00644,3,0.004],[179,"Calyrex",0.00643,26,0.035],[180,"Falinks",0.0064,7,0.009],[181,"Emolga",0.00632,3,0.004],[182,"Flapple",0.00617,37,0.05],[183,"Mr. Rime",0.00598,12,0.016],[184,"Silvally-Psychic",0.00563,11,0.015],[185,"Throh",0.00557,10,0.014],[186,"Stunfisk",0.00537,7,0.009],[187,"Cramorant",0.0046,34,0.046],[188,"Klinklang",0.00292,16,0.022],[189,"Silvally-Ice",0.00274,5,0.007],[190,"Silvally-Fire",0.00272,11,0.015],[191,"Aromatisse",0.00261,16,0.022],[192,"Rapidash",0.00259,14,0.019],[193,"Bouffalant",0.00256,5,0.007],[194,"Swoobat",0.00239,108,0.146],[195,"Combusken",0.00211,28,0.038],[196,"Silvally-Dark",0.00204,7,0.009],[197,"Armaldo",0.0019,14,0.019],[198,"Silvally-Dragon",0.00176,16,0.022],[199,"Dugtrio",0.00172,33,0.045],[200,"Carracosta",0.0015,30,0.041],[201,"Mr. Mime",0.0014,13,0.018],[202,"Shedinja",0.00138,18,0.024],[203,"Appletun",0.00138,50,0.068],[204,"Perrserker",0.00117,18,0.024],[205,"Cryogonal",0.00104,7,0.009],[206,"Poipole",0.00094,5,0.007],[207,"Silvally-Electric",0.00092,1,0.001],[208,"Heatmor",0.00082,6,0.008],[209,"Lapras",0.00078,24,0.033],[210,"Grapploct",0.00075,11,0.015],[211,"Darumaka-Galar",0.00075,2,0.003],[212,"Maractus",0.00069,8,0.011],[213,"Silvally-Flying",0.00065,8,0.011],[214,"Wartortle",0.00064,12,0.016],[215,"Gourgeist",0.00057,5,0.007],[216,"Vespiquen",0.00053,5,0.007],[217,"Roselia",0.00045,27,0.037],[218,"Dottler",0.00042,3,0.004],[219,"Lickilicky",0.00033,38,0.051],[220,"Klefki",0.00027,28,0.038],[221,"Dusknoir",0.00026,32,0.043],[222,"Linoone-Galar",0.00024,56,0.076],[223,"Caterpie",0.00019,1,0.001],[224,"Vibrava",0.00018,2,0.003],[225,"Mawile",0.00018,6,0.008],[226,"Eevee",0.00018,7,0.009],[227,"Golduck",0.00017,15,0.02],[228,"Persian",0.00015,33,0.045],[229,"Marshtomp",0.00012,3,0.004],[230,"Dewpider",