{"total":123720,"data":{"header":["Rank","Pokemon","Usage Percentage","Usage Raw","Usage Raw Percentage"],"rows":[[1,"Mienshao",6.2534,5862,4.738],[2,"Zarude",4.00363,3451,2.789],[3,"Xurkitree",3.73367,3379,2.731],[4,"Raikou",3.2211,3031,2.45],[5,"Cobalion",3.11817,3772,3.049],[6,"Darmanitan",2.9816,4121,3.331],[7,"Seismitoad",2.81464,3305,2.671],[8,"Metagross",2.71934,3466,2.801],[9,"Incineroar",2.64673,3502,2.831],[10,"Rhyperior",2.23923,2599,2.101],[11,"Crobat",2.15746,3023,2.443],[12,"Flygon",2.14845,1422,1.149],[13,"Toxtricity",2.14632,1860,1.503],[14,"Volcanion",1.93036,1403,1.134],[15,"Roserade",1.89777,2570,2.077],[16,"Politoed",1.87496,2447,1.978],[17,"Steelix",1.86857,2777,2.245],[18,"Weezing-Galar",1.81255,1244,1.005],[19,"Accelgor",1.80069,798,0.645],[20,"Froslass",1.68335,1097,0.887],[21,"Milotic",1.53126,1289,1.042],[22,"Noivern",1.50479,1745,1.41],[23,"Heracross",1.34393,1507,1.218],[24,"Golisopod",1.30796,1285,1.039],[25,"Togekiss",1.30755,1663,1.344],[26,"Ribombee",1.24017,1867,1.509],[27,"Klefki",1.2239,3079,2.489],[28,"Barraskewda",1.21565,1766,1.427],[29,"Gardevoir",1.11218,1034,0.836],[30,"Shuckle",1.10645,1499,1.212],[31,"Cloyster",1.09899,2512,2.03],[32,"Obstagoon",1.06822,1212,0.98],[33,"Galvantula",1.06765,2045,1.653],[34,"Chandelure",1.0341,1772,1.432],[35,"Registeel",0.99325,1463,1.183],[36,"Torkoal",0.89366,1066,0.862],[37,"Necrozma",0.88704,998,0.807],[38,"Slurpuff",0.87975,1254,1.014],[39,"Gastrodon",0.82256,1111,0.898],[40,"Reuniclus",0.74505,807,0.652],[41,"Porygon2",0.73289,1295,1.047],[42,"Diancie",0.72132,624,0.504],[43,"Vileplume",0.68583,406,0.328],[44,"Araquanid",0.65407,831,0.672],[45,"Aerodactyl",0.64121,767,0.62],[46,"Marowak-Alola",0.63198,879,0.71],[47,"Stakataka",0.62098,1250,1.01],[48,"Regidrago",0.59842,645,0.521],[49,"Druddigon",0.57333,417,0.337],[50,"Porygon-Z",0.55692,626,0.506],[51,"Golurk",0.50007,366,0.296],[52,"Bronzong",0.48913,564,0.456],[53,"Rotom-Mow",0.463,669,0.541],[54,"Claydol",0.44375,381,0.308],[55,"Arcanine",0.43542,380,0.307],[56,"Durant",0.42213,590,0.477],[57,"Suicune",0.41536,677,0.547],[58,"Regirock",0.38085,136,0.11],[59,"Tornadus",0.36784,534,0.432],[60,"Xatu",0.35883,216,0.175],[61,"Exploud",0.34389,139,0.112],[62,"Vanilluxe",0.33249,424,0.343],[63,"Dhelmise",0.32754,252,0.204],[64,"Sharpedo",0.32679,621,0.502],[65,"Entei",0.32105,511,0.413],[66,"Dragalge",0.30907,248,0.2],[67,"Morgrem",0.30732,161,0.13],[68,"Heliolisk",0.28271,314,0.254],[69,"Celebi",0.27539,364,0.294],[70,"Tyrantrum",0.26814,258,0.209],[71,"Vaporeon",0.25636,260,0.21],[72,"Uxie",0.25348,336,0.272],[73,"Runerigus",0.25091,324,0.262],[74,"Mimikyu",0.23854,590,0.477],[75,"Machamp",0.23253,174,0.141],[76,"Indeedee",0.23145,330,0.267],[77,"Snorlax",0.21669,630,0.509],[78,"Talonflame",0.21648,164,0.133],[79,"Cresselia",0.21515,242,0.196],[80,"Sirfetch'd",0.21228,137,0.111],[81,"Pangoro",0.20095,210,0.17],[82,"Ferroseed",0.19711,83,0.067],[83,"Doublade",0.19191,344,0.278],[84,"Omastar",0.18599,125,0.101],[85,"Ninetales",0.18379,549,0.444],[86,"Lycanroc",0.17889,250,0.202],[87,"Polteageist",0.17409,437,0.353],[88,"Salazzle",0.17094,316,0.255],[89,"Aggron",0.16981,158,0.128],[90,"Ninjask",0.16454,194,0.157],[91,"Mudsdale",0.16222,343,0.277],[92,"Umbreon",0.15384,432,0.349],[93,"Pincurchin",0.15377,256,0.207],[94,"Espeon",0.14854,489,0.395],[95,"Blastoise",0.14626,239,0.193],[96,"Braviary",0.14602,124,0.1],[97,"Lucario",0.14351,481,0.389],[98,"Indeedee-F",0.14108,92,0.074],[99,"Tsareena",0.13578,124,0.1],[100,"Zoroark",0.13505,155,0.125],[101,"Goodra",0.13258,238,0.192],[102,"Ditto",0.12959,129,0.104],[103,"Jolteon",0.12323,433,0.35],[104,"Inteleon",0.1218,252,0.204],[105,"Sableye",0.12157,169,0.137],[106,"Starmie",0.12128,275,0.222],[107,"Sylveon",0.1156,180,0.145],[108,"Vikavolt",0.11403,302,0.244],[109,"Toxicroak",0.11241,143,0.116],[110,"Mesprit",0.10952,111,0.09],[111,"Bewear",0.1064,137,0.111],[112,"Absol",0.09879,126,0.102],[113,"Tangela",0.09451,46,0.037],[114,"Lanturn",0.09418,60,0.048],[115,"Decidueye",0.0914,128,0.103],[116,"Arctozolt",0.09106,51,0.041],[117,"Archeops",0.08985,136,0.11],[118,"Escavalier",0.08789,138,0.112],[119,"Glastrier",0.0874,86,0.07],[120,"Gurdurr",0.086,36,0.029],[121,"Whimsicott",0.08591,183,0.148],[122,"Qwilfish",0.08122,117,0.095],[123,"Gigalith",0.08061,286,0.231],[124,"Abomasnow",0.08056,193,0.156],[125,"Tauros",0.07845,84,0.068],[126,"Barbaracle",0.07843,153,0.124],[127,"Rotom-Frost",0.07713,24,0.019],[128,"Aurorus",0.07708,232,0.188],[129,"Drapion",0.07626,289,0.234],[130,"Dugtrio",0.07195,75,0.061],[131,"Audino",0.07084,49,0.04],[132,"Sigilyph",0.06999,175,0.141],[133,"Malamar",0.06735,197,0.159],[134,"Mantine",0.06553,85,0.069],[135,"Exeggutor-Alola",0.0632,73,0.059],[136,"Sandaconda",0.05831,253,0.204],[137,"Electivire",0.05527,39,0.032],[138,"Piloswine",0.05502,53,0.043],[139,"Magneton",0.05459,142,0.115],[140,"Kabutops",0.05423,66,0.053],[141,"Linoone",0.05138,221,0.179],[142,"Sandslash",0.05104,55,0.044],[143,"Cottonee",0.04441,74,0.06],[144,"Togedemaru",0.0436,112,0.091],[145,"Virizion",0.0426,56,0.045],[146,"Corsola-Galar",0.04206,99,0.08],[147,"Liepard",0.03997,103,0.083],[148,"Kingdra",0.03818,56,0.045],[149,"Hitmonlee",0.03797,93,0.075],[150,"Morpeko",0.03761,85,0.069],[151,"Clawitzer",0.03366,69,0.056],[152,"Magmortar",0.03315,47,0.038],[153,"Coalossal",0.03293,79,0.064],[154,"Hitmontop",0.02998,157,0.127],[155,"Swirlix",0.02996,38,0.031],[156,"Passimian",0.02866,57,0.046],[157,"Pyukumuku",0.0279,78,0.063],[158,"Dugtrio-Alola",0.02647,56,0.045],[159,"Scyther",0.02567,242,0.196],[160,"Centiskorch",0.0253,28,0.023],[161,"Crustle",0.0253,69,0.056],[162,"Thwackey",0.02275,50,0.04],[163,"Scrafty",0.02258,76,0.061],[164,"Comfey",0.02178,62,0.05],[165,"Pikachu",0.0216,80,0.065],[166,"Wigglytuff",0.02096,10,0.008],[167,"Cinccino",0.02081,270,0.218],[168,"Eldegoss",0.02074,29,0.023],[169,"Duraludon",0.02048,67,0.054],[170,"Miltank",0.02015,58,0.047],[171,"Jynx",0.0201,32,0.026],[172,"Hitmonchan",0.01825,25,0.02],[173,"Cofagrigus",0.0174,131,0.106],[174,"Silvally-Steel",0.0155,35,0.028],[175,"Manectric",0.01425,24,0.019],[176,"Regigigas",0.0141,86,0.07],[177,"Orbeetle",0.01399,131,0.106],[178,"Seaking",0.01392,4,0.003],[179,"Sandslash-Alola",0.0136,41,0.033],[180,"Palossand",0.01352,89,0.072],[181,"Drampa",0.01327,20,0.016],[182,"Raichu-Alola",0.01296,85,0.069],[183,"Bouffalant",0.01276,27,0.022],[184,"Guzzlord",0.01255,28,0.023],[185,"Silvally-Electric",0.01247,10,0.008],[186,"Charizard",0.01236,85,0.069],[187,"Jellicent",0.01229,35,0.028],[188,"Arctovish",0.01219,25,0.02],[189,"Sneasel",0.01211,17,0.014],[190,"Leafeon",0.01205,62,0.05],[191,"Turtonator",0.01198,47,0.038],[192,"Copperajah",0.01132,94,0.076],[193,"Rotom",0.01115,33,0.027],[194,"Raboot",0.011,9,0.007],[195,"Drifblim",0.01098,40,0.032],[196,"Carbink",0.0104,15,0.012],[197,"Sawk",0.01029,15,0.012],[198,"Rapidash",0.01018,26,0.021],[199,"Mr. Rime",0.01003,17,0.014],[200,"Lopunny",0.00976,97,0.078],[201,"Glaceon",0.00972,47,0.038],[202,"Cramorant",0.00911,65,0.053],[203,"Cryogonal",0.00903,22,0.018],[204,"Stunfisk",0.00881,20,0.016],[205,"Kingler",0.00837,39,0.032],[206,"Shedinja",0.0083,59,0.048],[207,"Wishiwashi",0.00809,48,0.039],[208,"Raichu",0.00794,6,0.005],[209,"Altaria",0.00751,11,0.009],[210,"Sceptile",0.00748,107,0.086],[211,"Persian",0.00725,99,0.08],[212,"Gallade",0.00722,105,0.085],[213,"Solrock",0.00714,8,0.006],[214,"Articuno-Galar",0.00682,85,0.069],[215,"Walrein",0.0067,28,0.023],[216,"Cursola",0.00663,16,0.013],[217,"Flareon",0.00624,79,0.064],[218,"Persian-Alola",0.006,35,0.028],[219,"Weezing",0.00586,84,0.068],[220,"Throh",0.00567,15,0.012],[221,"Stunfisk-Galar",0.00565,22,0.018],[222,"Eiscue",0.00544,42,0.034],[223,"Silvally-Ground",0.00539,10,0.008],[224,"Ludicolo",0.0053,40,0.032],[225,"Golbat",0.00526,9,0.007],[226,"Wailord",0.00501,20,0.016],[227,"Lycanroc-Midnight",0.00468,68,0.055],[228,"Meowstic",0.00466,57,0.046],[229,"Drednaw",0.00464,16,0.013],[230,"Regice",0.00439,34,0.027],[231,