{"total":9907,"weight":0.058,"data":{"header":["Rank","Pokemon","Usage Percentage","Usage Raw","Usage Raw Percentage","Usage Real","Usage Real Percentage"],"rows":[[1,"Arcanine",26.88287,3869,19.527,3193,20.296],[2,"Passimian",25.19116,1922,9.7,1534,9.751],[3,"Steelix",24.42485,2078,10.488,1791,11.385],[4,"Blastoise",21.79182,2348,11.85,1769,11.245],[5,"Dragalge",19.94105,1839,9.281,1462,9.293],[6,"Bronzong",17.37663,2207,11.139,1967,12.503],[7,"Exploud",16.91412,1484,7.49,1159,7.367],[8,"Gardevoir",16.67701,3096,15.625,2263,14.385],[9,"Drapion",15.77308,2333,11.775,1886,11.988],[10,"Mantine",15.27515,2256,11.386,1851,11.766],[11,"Dhelmise",12.27453,1743,8.797,1400,8.899],[12,"Vileplume",11.81851,2312,11.669,1837,11.677],[13,"Goodra",11.44251,2744,13.849,2116,13.45],[14,"Xatu",11.37447,2056,10.377,1651,10.495],[15,"Heliolisk",11.36032,2510,12.668,1921,12.211],[16,"Decidueye",11.0221,1833,9.251,1393,8.855],[17,"Braviary",10.23234,2528,12.759,1955,12.427],[18,"Virizion",9.72533,1763,8.898,1268,8.06],[19,"Salazzle",9.39596,2229,11.25,1751,11.13],[20,"Charizard",9.00037,2517,12.703,1949,12.389],[21,"Bewear",8.87487,1585,7.999,1171,7.444],[22,"Indeedee-F",8.64131,1395,7.04,1104,7.018],[23,"Scrafty",7.89858,2058,10.387,1586,10.081],[24,"Klefki",7.57574,1897,9.574,1667,10.596],[25,"Vanilluxe",7.3982,561,2.831,503,3.197],[26,"Espeon",7.37943,2763,13.945,2084,13.247],[27,"Vikavolt",7.37644,1503,7.586,1214,7.717],[28,"Inteleon",7.14143,1923,9.705,1500,9.535],[29,"Milotic",7.13927,1707,8.615,1359,8.639],[30,"Golurk",6.98732,1689,8.524,1371,8.715],[31,"Barraskewda",6.30091,1879,9.483,1451,9.223],[32,"Abomasnow",6.18503,329,1.66,257,1.634],[33,"Torkoal",6.09685,1549,7.818,1403,8.918],[34,"Umbreon",6.08789,1755,8.857,1394,8.861],[35,"Seismitoad",6.01484,1510,7.621,1326,8.429],[36,"Druddigon",5.73075,1598,8.065,1379,8.766],[37,"Silvally-Steel",5.55816,354,1.787,294,1.869],[38,"Arctozolt",5.48754,387,1.953,318,2.021],[39,"Snorlax",5.46153,776,3.916,595,3.782],[40,"Copperajah",5.40855,1142,5.764,944,6.001],[41,"Mudsdale",5.23939,544,2.746,474,3.013],[42,"Golisopod",5.235,1657,8.363,1339,8.511],[43,"Hitmonlee",4.95784,1839,9.281,1396,8.874],[44,"Comfey",4.9015,1719,8.676,1326,8.429],[45,"Gigalith",4.85766,1110,5.602,977,6.21],[46,"Tauros",4.36578,827,4.174,619,3.935],[47,"Vaporeon",4.24324,1124,5.673,917,5.829],[48,"Frosmoth",4.15466,376,1.898,260,1.653],[49,"Lycanroc",4.10938,1185,5.981,936,5.95],[50,"Hitmontop",4.03072,678,3.422,568,3.611],[51,"Toxicroak",3.9385,1410,7.116,1058,6.725],[52,"Claydol",3.7965,1503,7.586,1234,7.844],[53,"Rotom",3.60148,187,0.944,169,1.074],[54,"Tangela",3.57601,865,4.366,676,4.297],[55,"Porygon2",3.54432,1633,8.242,1291,8.206],[56,"Centiskorch",3.37388,1280,6.46,1019,6.477],[57,"Silvally-Fairy",3.36414,887,4.477,699,4.443],[58,"Escavalier",2.97719,586,2.958,474,3.013],[59,"Gastrodon",2.81254,479,2.417,400,2.543],[60,"Corsola-Galar",2.64121,224,1.131,185,1.176],[61,"Aromatisse",2.63516,340,1.716,253,1.608],[62,"Shuckle",2.59752,438,2.211,406,2.581],[63,"Sandslash-Alola",2.48163,265,1.337,190,1.208],[64,"Accelgor",2.46165,420,2.12,337,2.142],[65,"Cofagrigus",2.36803,364,1.837,303,1.926],[66,"Ribombee",2.2737,482,2.433,391,2.485],[67,"Coalossal",2.19941,1126,5.683,974,6.191],[68,"Malamar",2.03097,282,1.423,224,1.424],[69,"Crustle",1.97766,144,0.727,104,0.661],[70,"Sandslash",1.97269,201,1.014,176,1.119],[71,"Sableye",1.93782,363,1.832,299,1.901],[72,"Kingdra",1.88244,841,4.244,615,3.909],[73,"Quagsire",1.74606,251,1.267,202,1.284],[74,"Silvally-Ground",1.71117,73,0.368,60,0.381],[75,"Ninjask",1.66195,420,2.12,357,2.269],[76,"Leafeon",1.62257,395,1.994,306,1.945],[77,"Pyukumuku",1.62037,128,0.646,100,0.636],[78,"Ninetales",1.54704,772,3.896,655,4.164],[79,"Arctovish",1.50095,148,0.747,136,0.864],[80,"Sneasel",1.45264,366,1.847,283,1.799],[81,"Thwackey",1.32602,234,1.181,185,1.176],[82,"Eldegoss",1.14699,124,0.626,97,0.617],[83,"Silvally-Dark",1.13113,108,0.545,90,0.572],[84,"Whimsicott",1.0915,456,2.301,370,2.352],[85,"Drampa",1.07529,241,1.216,191,1.214],[86,"Rotom-Fan",1.05157,155,0.782,131,0.833],[87,"Liepard",0.95206,321,1.62,267,1.697],[88,"Gurdurr",0.935,63,0.318,54,0.343],[89,"Weezing",0.91631,241,1.216,205,1.303],[90,"Rhydon",0.91207,475,2.397,381,2.422],[91,"Rotom-Frost",0.89358,151,0.762,119,0.756],[92,"Runerigus",0.88245,349,1.761,303,1.926],[93,"Gallade",0.8771,340,1.716,274,1.742],[94,"Galvantula",0.80812,552,2.786,496,3.153],[95,"Gourgeist-Super",0.78475,43,0.217,30,0.191],[96,"Clawitzer",0.75712,136,0.686,114,0.725],[97,"Silvally-Ghost",0.73293,152,0.767,124,0.788],[98,"Rapidash-Galar",0.72687,88,0.444,56,0.356],[99,"Cinccino",0.70617,503,2.539,397,2.524],[100,"Jolteon",0.65122,450,2.271,346,2.199],[101,"Flapple",0.6426,102,0.515,82,0.521],[102,"Type: Null",0.6192,69,0.348,61,0.388],[103,"Persian-Alola",0.6068,189,0.954,164,1.042],[104,"Lairon",0.57516,47,0.237,28,0.178],[105,"Haunter",0.5576,356,1.797,270,1.716],[106,"Togedemaru",0.54853,90,0.454,77,0.489],[107,"Magneton",0.54067,217,1.095,178,1.131],[108,"Garbodor",0.52543,171,0.863,142,0.903],[109,"Duraludon",0.52005,229,1.156,170,1.081],[110,"Kingler",0.51629,173,0.873,142,0.903],[111,"Froslass",0.50832,263,1.327,215,1.367],[112,"Butterfree",0.49314,145,0.732,108,0.687],[113,"Drifblim",0.48346,168,0.848,141,0.896],[114,"Trevenant",0.48197,28,0.141,20,0.127],[115,"Eiscue",0.47157,71,0.358,57,0.362],[116,"Avalugg",0.46504,120,0.606,89,0.566],[117,"Sandaconda",0.41983,104,0.525,86,0.547],[118,"Skuntank",0.41639,275,1.388,236,1.5],[119,"Pikachu",0.3857,86,0.434,71,0.451],[120,"Dragonair",0.38387,113,0.57,93,0.591],[121,"Pincurchin",0.37083,80,0.404,68,0.432],[122,"Dugtrio",0.32247,103,0.52,86,0.547],[123,"Silvally-Poison",0.3212,16,0.081,13,0.083],[124,"Jellicent",0.31519,190,0.959,159,1.011],[125,"Cramorant",0.30809,114,0.575,100,0.636],[126,"Turtonator",0.30706,309,1.56,231,1.468],[127,"Cursola",0.30173,126,0.636,101,0.642],[128,"Exeggutor-Alola",0.29133,145,0.732,114,0.725],[129,"Golbat",0.2818,54,0.273,45,0.286],[130,"Orbeetle",0.26262,105,0.53,84,0.534],[131,"Gourgeist-Small",0.2527,63,0.318,55,0.35],[132,"Throh",0.25006,37,0.187,31,0.197],[133,"Rapidash",0.23603,145,0.732,103,0.655],[134,"Dusknoir",0.23435,134,0.676,110,0.699],[135,"Wartortle",0.23364,56,0.283,43,0.273],[136,"Piloswine",0.21195,104,0.525,88,0.559],[137,"Boltund",0.21028,203,1.025,139,0.884],[138,"Lycanroc-Midnight",0.201,64,0.323,39,0.248],[139,"Gourgeist-Large",0.20017,6,0.03,6,0.038],[140,"Mr. Rime",0.17512,62,0.313,52,0.331],[141,"Raichu",0.17106,86,0.434,78,0.496],[142,"Dubwool",0.1699,107,0.54,87,0.553],[143,"Maractus",0.16893,47,0.237,31,0.197],[144,"Lapras",0.16054,51,0.257,35,0.222],[145,"Poliwrath",0.15567,157,0.792,130,0.826],[146,"Drednaw",0.15193,99,0.5,63,0.4],[147,"Alcremie",0.14727,66,0.333,38,0.242],[148,"Glaceon",0.14535,113,0.57,88,0.559],[149,"Appletun",0.14379,123,0.621,91,0.578],[150,"Hippopotas",0.1374,41,0.207,41,0.261],[151,"Luxray",0.12979,125,0.631,98,0.623],[152,"Vespiquen",0.12922,36,0.182,34,0.216],[153,"Morpeko",0.12664,106,0.535,81,0.515],[154,"Swoobat",0.12119,183,0.924,164,1.042],[155,"Lanturn",0.12093,156,0.787,141,0.896],[156,"Mawile",0.10631,71,0.358,55,0.35],[157,"Pinsir",0.10184,104,0.525,76,0.483],[158,"Combusken",0.09417,80,0.404,64,0.407],[159,"Rhyhorn",0.09289,18,0.091,11,0.07],[160,"Politoed",0.09125,37,0.187,33,0.21],[161,"Raboot",0.0901,163,0.823,117,0.744],[162,"Stunfisk-Galar",0.08708,22,0.111,17,0.108],[163,"Sudowoodo",0.08679,76,0.384,71,0.451],[164,"Lilligant",0.08609,73,0.368,43,0.273],[165,"Basculin",0.06959,31,0.156,26,0.165],[166,"Dusclops",0.06505,240,1.211,202,1.284],[167,"Marowak",0.05515,87,0.439,74,0.47],[168,"Exeggutor",0.05413,117,0.59,79,0.502],[169,"Clefairy",0.04924,122,0.616,97,0.617],[170,"Silvally-Flying",0.04798,28,0.141,24,0.153],[171,"Wigglytuff",0.04504,16,0.081,11,0.07],[172,"Stoutland",0.04206,36,0.182,27,0.172],[173,"Swirlix",0.0418,6,0.03,5,0.032],[174,"Stonjourner",0.03737,11,0.056,10,0.064],[175,"Unfezant",0.03644,41,0.207,35,