{"total":36911,"weight":0.065,"data":{"header":["Rank","Pokemon","Usage Percentage","Usage Raw","Usage Raw Percentage","Usage Real","Usage Real Percentage"],"rows":[[1,"Xurkitree",35.97274,22430,30.384,17952,30.226],[2,"Steelix",25.67442,11034,14.947,9676,16.291],[3,"Slowking",24.07095,11104,15.042,9686,16.308],[4,"Tornadus",21.04867,13259,17.961,10245,17.249],[5,"Nidoqueen",19.38887,10268,13.909,8582,14.449],[6,"Gardevoir",18.38556,11312,15.323,8714,14.672],[7,"Arcanine",13.72475,12411,16.812,9863,16.606],[8,"Barraskewda",13.329,9754,13.213,7712,12.985],[9,"Arctozolt",13.22762,7772,10.528,6218,10.469],[10,"Virizion",13.05948,7352,9.959,5799,9.764],[11,"Decidueye",12.40784,6759,9.156,5479,9.225],[12,"Zygarde-10%",11.69291,6278,8.504,4795,8.073],[13,"Seismitoad",11.27682,7266,9.843,6085,10.245],[14,"Starmie",11.20485,7439,10.077,5945,10.01],[15,"Passimian",10.41092,5288,7.163,4193,7.06],[16,"Tyrantrum",10.04856,6213,8.416,4599,7.743],[17,"Politoed",9.50247,5165,6.997,4787,8.06],[18,"Abomasnow",9.25332,5791,7.845,5166,8.698],[19,"Dragalge",9.06086,5749,7.788,4625,7.787],[20,"Indeedee-F",8.97396,4804,6.508,3897,6.561],[21,"Mantine",8.8162,6264,8.485,5205,8.764],[22,"Copperajah",8.7708,5222,7.074,4406,7.418],[23,"Crobat",8.69296,3676,4.98,2970,5.001],[24,"Vileplume",8.67656,6572,8.902,5456,9.186],[25,"Articuno",8.64795,6936,9.396,5726,9.641],[26,"Goodra",7.58685,8961,12.139,7104,11.961],[27,"Bewear",7.50882,5418,7.339,4082,6.873],[28,"Snorlax",6.85993,4127,5.59,3420,5.758],[29,"Kabutops",6.69002,3246,4.397,2561,4.312],[30,"Drapion",6.622,5948,8.057,4808,8.095],[31,"Kingdra",6.57382,3767,5.103,2913,4.905],[32,"Braviary",6.42953,4426,5.996,3337,5.618],[33,"Scrafty",6.16487,5549,7.517,4319,7.272],[34,"Hitmonlee",6.10256,5841,7.912,4321,7.275],[35,"Vanilluxe",5.97757,4293,5.815,3754,6.321],[36,"Blastoise",5.9504,6793,9.202,5267,8.868],[37,"Golurk",5.73757,5142,6.965,4013,6.757],[38,"Silvally-Steel",5.69674,3623,4.908,2997,5.046],[39,"Archeops",5.43528,6821,9.24,5521,9.296],[40,"Milotic",5.34291,5817,7.88,4798,8.078],[41,"Charizard",5.13736,6087,8.246,4499,7.575],[42,"Ribombee",5.08948,2615,3.542,2387,4.019],[43,"Exploud",5.06724,4205,5.696,3339,5.622],[44,"Arctovish",4.98604,2385,3.231,1902,3.202],[45,"Vikavolt",4.95753,4139,5.607,3574,6.018],[46,"Rhyperior",4.62221,5201,7.045,4110,6.92],[47,"Comfey",4.51394,5300,7.179,4008,6.748],[48,"Espeon",4.50678,7212,9.769,5532,9.314],[49,"Druddigon",4.33648,6033,8.172,5267,8.868],[50,"Sandslash-Alola",4.31958,1959,2.654,1496,2.519],[51,"Porygon2",4.1824,2817,3.816,2371,3.992],[52,"Xatu",4.05044,4450,6.028,3454,5.815],[53,"Salazzle",3.37502,5696,7.716,4205,7.08],[54,"Mudsdale",3.32439,4067,5.509,3428,5.772],[55,"Inteleon",3.13575,4615,6.252,3491,5.878],[56,"Sceptile",3.08572,2111,2.86,1625,2.736],[57,"Gigalith",2.86106,3324,4.503,2975,5.009],[58,"Hitmontop",2.56845,1405,1.903,1098,1.849],[59,"Tangela",2.53771,1497,2.028,1229,2.069],[60,"Regice",2.50444,2892,3.918,2395,4.032],[61,"Torkoal",2.44284,3648,4.942,3247,5.467],[62,"Absol",2.38312,1061,1.437,825,1.389],[63,"Pincurchin",2.29646,1759,2.383,1543,2.598],[64,"Thwackey",2.26032,1072,1.452,902,1.519],[65,"Vaporeon",2.13806,1701,2.304,1393,2.345],[66,"Sandaconda",2.13365,655,0.887,541,0.911],[67,"Eldegoss",1.86182,953,1.291,823,1.386],[68,"Regirock",1.60996,1036,1.403,881,1.483],[69,"Avalugg",1.60124,559,0.757,437,0.736],[70,"Aromatisse",1.58417,789,1.069,565,0.951],[71,"Jellicent",1.54683,933,1.264,789,1.328],[72,"Ferroseed",1.51127,572,0.775,535,0.901],[73,"Ninjask",1.49779,689,0.933,552,0.929],[74,"Centiskorch",1.43335,1895,2.567,1490,2.509],[75,"Claydol",1.41203,1816,2.46,1567,2.638],[76,"Whimsicott",1.40439,1096,1.485,927,1.561],[77,"Swoobat",1.36249,583,0.79,454,0.764],[78,"Sableye",1.31796,783,1.061,621,1.046],[79,"Frosmoth",1.27886,594,0.805,439,0.739],[80,"Toxicroak",1.22279,1224,1.658,940,1.583],[81,"Sawk",1.14525,203,0.275,160,0.269],[82,"Lycanroc",1.14003,1299,1.76,1054,1.775],[83,"Weezing",1.10952,562,0.761,491,0.827],[84,"Accelgor",1.0977,764,1.035,681,1.147],[85,"Coalossal",1.04784,1195,1.619,1036,1.744],[86,"Escavalier",1.03382,1424,1.929,1185,1.995],[87,"Shuckle",1.02386,1145,1.551,1044,1.758],[88,"Leafeon",1.01174,709,0.96,545,0.918],[89,"Silvally-Fairy",0.99772,1019,1.38,785,1.322],[90,"Gallade",0.97077,1121,1.519,879,1.48],[91,"Quagsire",0.94807,489,0.662,351,0.591],[92,"Togedemaru",0.94717,428,0.58,378,0.636],[93,"Stunfisk-Galar",0.92884,257,0.348,227,0.382],[94,"Qwilfish",0.92525,299,0.405,246,0.414],[95,"Rotom-Frost",0.91592,318,0.431,234,0.394],[96,"Aurorus",0.91547,709,0.96,589,0.992],[97,"Ninetales",0.88205,1442,1.953,1214,2.044],[98,"Jolteon",0.8264,1233,1.67,949,1.598],[99,"Tauros",0.80372,946,1.281,716,1.206],[100,"Audino",0.78551,460,0.623,355,0.598],[101,"Galvantula",0.78242,1477,2.001,1345,2.265],[102,"Rotom",0.77404,511,0.692,407,0.685],[103,"Piloswine",0.75384,496,0.672,418,0.704],[104,"Poliwrath",0.724,442,0.599,343,0.578],[105,"Crustle",0.69072,370,0.501,322,0.542],[106,"Runerigus",0.66914,652,0.883,567,0.955],[107,"Cofagrigus",0.65775,523,0.708,432,0.727],[108,"Lanturn",0.63352,653,0.885,544,0.916],[109,"Cradily",0.63279,1026,1.39,863,1.453],[110,"Duraludon",0.62641,685,0.928,549,0.924],[111,"Gastrodon",0.6219,846,1.146,716,1.206],[112,"Eiscue",0.54995,144,0.195,108,0.182],[113,"Clefairy",0.52102,362,0.49,283,0.476],[114,"Mesprit",0.50406,399,0.54,343,0.578],[115,"Carbink",0.49651,229,0.31,203,0.342],[116,"Morpeko",0.48419,347,0.47,275,0.463],[117,"Jynx",0.46193,329,0.446,240,0.404],[118,"Aggron",0.45958,719,0.974,616,1.037],[119,"Magmortar",0.45379,533,0.722,423,0.712],[120,"Flapple",0.409,200,0.271,148,0.249],[121,"Silvally-Ghost",0.40204,481,0.652,383,0.645],[122,"Marowak",0.39259,71,0.096,57,0.096],[123,"Bronzong",0.39051,216,0.293,182,0.306],[124,"Electivire",0.37593,1088,1.474,846,1.424],[125,"Throh",0.35975,98,0.133,87,0.146],[126,"Cursola",0.33755,372,0.504,293,0.493],[127,"Guzzlord",0.33714,261,0.354,208,0.35],[128,"Armaldo",0.32676,149,0.202,114,0.192],[129,"Gourgeist-Super",0.3204,225,0.305,182,0.306],[130,"Corsola-Galar",0.30999,494,0.669,353,0.594],[131,"Golisopod",0.30256,136,0.184,109,0.184],[132,"Silvally-Dark",0.30011,168,0.228,145,0.244],[133,"Ludicolo",0.28985,299,0.405,240,0.404],[134,"Spiritomb",0.28321,531,0.719,437,0.736],[135,"Thievul",0.28044,279,0.378,220,0.37],[136,"Rapidash-Galar",0.27469,126,0.171,94,0.158],[137,"Exeggutor-Alola",0.27253,505,0.684,405,0.682],[138,"Kingler",0.26849,354,0.48,265,0.446],[139,"Haunter",0.263,517,0.7,382,0.643],[140,"Golbat",0.25854,279,0.378,213,0.359],[141,"Orbeetle",0.25733,456,0.618,401,0.675],[142,"Gourgeist-Small",0.24467,134,0.182,117,0.197],[143,"Shedinja",0.23854,201,0.272,155,0.261],[144,"Silvally-Grass",0.23777,94,0.127,74,0.125],[145,"Altaria",0.23587,114,0.154,93,0.157],[146,"Sneasel",0.22038,626,0.848,466,0.785],[147,"Persian-Alola",0.21818,484,0.656,396,0.667],[148,"Gurdurr",0.21768,195,0.264,146,0.246],[149,"Exeggutor",0.21236,357,0.484,287,0.483],[150,"Clawitzer",0.18806,338,0.458,254,0.428],[151,"Dugtrio-Alola",0.18335,183,0.248,160,0.269],[152,"Drednaw",0.17821,247,0.335,189,0.318],[153,"Beartic",0.17482,202,0.274,150,0.253],[154,"Magneton",0.17096,455,0.616,384,0.647],[155,"Hitmonchan",0.16598,196,0.266,151,0.254],[156,"Turtonator",0.16184,330,0.447,271,0.456],[157,"Pinsir",0.15997,154,0.209,114,0.192],[158,"Cinccino",0.15944,843,1.142,691,1.163],[159,"Wigglytuff",0.1541,107,0.145,82,0.138],[160,"Meowstic",0.15399,360,0.488,298,0.502],[161,"Trevenant",0.14912,311,0.421,241,0.406],[162,"Walrein",0.14655,186,0.252,153,0.258],[163,"Dhelmise",0.13871,124,0.168,95,0.16],[164,"Heliolisk",0.13803,176,0.238,130,0.219],[165,"Flareon",0.13561,204,0.276,159,0.268],[166,"Glaceon",0.1356,251,0.34,198,0.333],[167,"Golduck",0.13105,170,0.23,138,0.232],[168,"Dugtrio",0.13084,261,0.354,203,0.342],[169,"Miltank",0.12605,299,0.405,257,0.433],[170,"Mr. Mime",0.12434,120,0.163,88,0.148],[171,"Drampa",0.11808,396,0.536,303,0.51],[172,"Dusclops",0.11696,192,0.26,152,0.256],