{"total":410542,"data":{"header":["Rank","Pokemon","Usage Percentage","Usage Raw","Usage Raw Percentage"],"rows":[[1,"Calyrex-Ice",9.34341,22880,5.573],[2,"Miraidon",9.05083,30551,7.442],[3,"Calyrex-Shadow",7.00112,21946,5.346],[4,"Incineroar",6.16122,30278,7.375],[5,"Zamazenta-Crowned",4.72058,10743,2.617],[6,"Smeargle",4.12496,9967,2.428],[7,"Lunala",4.04145,13311,3.242],[8,"Grimmsnarl",3.77907,11451,2.789],[9,"Tornadus",3.38178,14674,3.574],[10,"Whimsicott",3.23115,15787,3.845],[11,"Kyogre",3.11893,11518,2.806],[12,"Urshifu-Rapid-Strike",3.10565,8938,2.177],[13,"Rillaboom",3.04728,9167,2.233],[14,"Indeedee-F",2.8055,12988,3.164],[15,"Flutter Mane",2.78377,13666,3.329],[16,"Koraidon",2.62628,13477,3.283],[17,"Chien-Pao",2.33603,5908,1.439],[18,"Terapagos",2.2951,5913,1.44],[19,"Farigiraf",1.46181,8130,1.98],[20,"Chi-Yu",1.38304,5426,1.322],[21,"Groudon",1.32144,6018,1.466],[22,"Amoonguss",1.09825,6274,1.528],[23,"Landorus",0.91165,3018,0.735],[24,"Raging Bolt",0.83745,2712,0.661],[25,"Brute Bonnet",0.82018,3176,0.774],[26,"Ogerpon-Cornerstone",0.7238,2017,0.491],[27,"Zacian-Crowned",0.7015,3029,0.738],[28,"Ho-Oh",0.57747,2213,0.539],[29,"Iron Jugulis",0.5264,1168,0.285],[30,"Iron Hands",0.5136,3228,0.786],[31,"Muk-Alola",0.47337,2063,0.503],[32,"Volcarona",0.46977,1976,0.481],[33,"Weezing-Galar",0.43385,1970,0.48],[34,"Urshifu",0.43377,2523,0.615],[35,"Ogerpon-Hearthflame",0.39734,1934,0.471],[36,"Ting-Lu",0.34671,1147,0.279],[37,"Sableye",0.34009,2053,0.5],[38,"Iron Valiant",0.33769,1355,0.33],[39,"Roaring Moon",0.3251,1383,0.337],[40,"Dragonite",0.30744,1260,0.307],[41,"Annihilape",0.30559,1849,0.45],[42,"Sneasler",0.30006,1715,0.418],[43,"Iron Bundle",0.24418,1503,0.366],[44,"Toxapex",0.2425,497,0.121],[45,"Dondozo",0.22193,717,0.175],[46,"Clefairy",0.21514,1156,0.282],[47,"Maushold",0.20983,845,0.206],[48,"Eternatus",0.19103,1120,0.273],[49,"Iron Treads",0.18311,675,0.164],[50,"Murkrow",0.17761,789,0.192],[51,"Archaludon",0.16549,1719,0.419],[52,"Ogerpon-Wellspring",0.16457,1378,0.336],[53,"Rayquaza",0.15866,1254,0.305],[54,"Ursaluna",0.15349,1729,0.421],[55,"Dialga-Origin",0.14728,1008,0.246],[56,"Entei",0.13544,503,0.123],[57,"Jumpluff",0.13075,744,0.181],[58,"Oranguru",0.12685,1123,0.274],[59,"Gouging Fire",0.12484,319,0.078],[60,"Walking Wake",0.12296,1071,0.261],[61,"Necrozma-Dawn-Wings",0.11136,738,0.18],[62,"Kingambit",0.10648,752,0.183],[63,"Ursaluna-Bloodmoon",0.10111,1321,0.322],[64,"Ninetales-Alola",0.09377,1573,0.383],[65,"Thundurus",0.09363,619,0.151],[66,"Glimmora",0.0896,484,0.118],[67,"Pelipper",0.08936,1595,0.389],[68,"Wo-Chien",0.08761,469,0.114],[69,"Kyurem-White",0.08746,1019,0.248],[70,"Solgaleo",0.08524,493,0.12],[71,"Regieleki",0.08447,736,0.179],[72,"Tsareena",0.08291,280,0.068],[73,"Iron Moth",0.08267,350,0.085],[74,"Mimikyu",0.08067,416,0.101],[75,"Raichu",0.08043,611,0.149],[76,"Raichu-Alola",0.07809,520,0.127],[77,"Palkia",0.07385,329,0.08],[78,"Mienshao",0.06905,358,0.087],[79,"Giratina-Origin",0.06725,527,0.128],[80,"Hitmontop",0.06545,496,0.121],[81,"Scream Tail",0.06501,922,0.225],[82,"Ogerpon",0.06143,224,0.055],[83,"Cresselia",0.06056,969,0.236],[84,"Electabuzz",0.06022,161,0.039],[85,"Palkia-Origin",0.05866,333,0.081],[86,"Dusclops",0.05805,328,0.08],[87,"Scraggy",0.0564,349,0.085],[88,"Lilligant-Hisui",0.05635,712,0.173],[89,"Ceruledge",0.05272,618,0.151],[90,"Garganacl",0.05246,364,0.089],[91,"Bruxish",0.05203,120,0.029],[92,"Tyranitar",0.04891,994,0.242],[93,"Okidogi",0.04837,247,0.06],[94,"Landorus-Therian",0.04824,808,0.197],[95,"Basculegion",0.04742,368,0.09],[96,"Alcremie",0.04216,232,0.057],[97,"Venusaur",0.04166,745,0.181],[98,"Rhydon",0.04143,73,0.018],[99,"Armarouge",0.0408,587,0.143],[100,"Gothitelle",0.04077,750,0.183],[101,"Reshiram",0.0383,576,0.14],[102,"Sylveon",0.0383,147,0.036],[103,"Weezing",0.03588,592,0.144],[104,"Charizard",0.03526,407,0.099],[105,"Moltres-Galar",0.03454,432,0.105],[106,"Necrozma-Dusk-Mane",0.03403,507,0.123],[107,"Zapdos-Galar",0.03402,277,0.067],[108,"Torterra",0.03345,143,0.035],[109,"Ditto",0.03241,378,0.092],[110,"Torkoal",0.03238,855,0.208],[111,"Lilligant",0.03116,120,0.029],[112,"Drifblim",0.02894,246,0.06],[113,"Blastoise",0.02742,78,0.019],[114,"Sinistcha",0.02704,510,0.124],[115,"Diglett",0.02685,50,0.012],[116,"Lugia",0.02681,459,0.112],[117,"Ludicolo",0.02504,321,0.078],[118,"Arcanine-Hisui",0.02412,307,0.075],[119,"Talonflame",0.02199,792,0.193],[120,"Gholdengo",0.02181,745,0.181],[121,"Gallade",0.02135,335,0.082],[122,"Araquanid",0.02098,248,0.06],[123,"Iron Crown",0.02071,250,0.061],[124,"Tatsugiri",0.02066,505,0.123],[125,"Indeedee",0.01985,528,0.129],[126,"Porygon2",0.01895,765,0.186],[127,"Dialga",0.01855,189,0.046],[128,"Riolu",0.0181,242,0.059],[129,"Magmar",0.01779,84,0.02],[130,"Heatran",0.01776,355,0.086],[131,"Umbreon",0.01766,201,0.049],[132,"Primarina",0.01707,539,0.131],[133,"Tinkaton",0.01697,126,0.031],[134,"Regigigas",0.01696,460,0.112],[135,"Kyurem-Black",0.01652,361,0.088],[136,"Scrafty",0.01644,238,0.058],[137,"Vivillon",0.01619,143,0.035],[138,"Luxray",0.01615,71,0.017],[139,"Flamigo",0.01601,91,0.022],[140,"Excadrill",0.01563,297,0.072],[141,"Zamazenta",0.01522,106,0.026],[142,"Gyarados",0.01477,180,0.044],[143,"Shiftry",0.01468,109,0.027],[144,"Milotic",0.01464,192,0.047],[145,"Articuno",0.01405,205,0.05],[146,"Mewtwo",0.01387,372,0.091],[147,"Zapdos",0.01364,181,0.044],[148,"Chesnaught",0.01328,98,0.024],[149,"Slowking-Galar",0.01272,297,0.072],[150,"Charjabug",0.01268,119,0.029],[151,"Kingdra",0.0126,209,0.051],[152,"Scovillain",0.01248,219,0.053],[153,"Slaking",0.01247,262,0.064],[154,"Sceptile",0.01236,197,0.048],[155,"Overqwil",0.01177,163,0.04],[156,"Giratina",0.01146,146,0.036],[157,"Regidrago",0.01119,205,0.05],[158,"Azumarill",0.01108,187,0.046],[159,"Gardevoir",0.01099,117,0.028],[160,"Bronzong",0.0109,192,0.047],[161,"Gastrodon",0.01083,279,0.068],[162,"Ribombee",0.01037,263,0.064],[163,"Hatterene",0.01034,549,0.134],[164,"Squawkabilly",0.01029,27,0.007],[165,"Meowstic",0.00972,139,0.034],[166,"Iron Leaves",0.00966,107,0.026],[167,"Hariyama",0.00962,68,0.017],[168,"Thundurus-Therian",0.00934,139,0.034],[169,"Typhlosion-Hisui",0.00912,381,0.093],[170,"Klefki",0.00894,201,0.049],[171,"Dragapult",0.00882,389,0.095],[172,"Blaziken",0.00881,236,0.057],[173,"Slither Wing",0.00879,160,0.039],[174,"Swampert",0.00878,271,0.066],[175,"Cacturne",0.00877,17,0.004],[176,"Salamence",0.00866,147,0.036],[177,"Dugtrio",0.00843,40,0.01],[178,"Pawmot",0.00823,81,0.02],[179,"Toxicroak",0.00809,45,0.011],[180,"Garchomp",0.00798,444,0.108],[181,"Pachirisu",0.00773,165,0.04],[182,"Iron Boulder",0.00737,106,0.026],[183,"Toedscruel",0.00724,231,0.056],[184,"Meowscarada",0.00716,322,0.078],[185,"Scizor",0.00703,174,0.042],[186,"Rotom-Fan",0.0069,81,0.02],[187,"Illumise",0.00685,91,0.022],[188,"Espathra",0.00617,111,0.027],[189,"Rhyperior",0.00608,89,0.022],[190,"Moltres",0.00601,33,0.008],[191,"Zekrom",0.00586,209,0.051],[192,"Exeggutor",0.00558,51,0.012],[193,"Frosmoth",0.00555,76,0.019],[194,"Terrakion",0.00554,106,0.026],[195,"Hitmonlee",0.0053,103,0.025],[196,"Oricorio-Sensu",0.00529,58,0.014],[197,"Pichu",0.00522,18,0.004],[198,"Palafin",0.0052,271,0.066],[199,"Sandy Shocks",0.00494,126,0.031],[200,"Arcanine",0.00487,143,0.035],[201,"Mandibuzz",0.00466,30,0.007],[202,"Cinccino",0.00454,67,0.016],[203,"Serperior",0.00447,192,0.047],[204,"Conkeldurr",0.0044,40,0.01],[205,"Chandelure",0.00425,144,0.035],[206,"Articuno-Galar",0.00424,128,0.031],[207,"Wyrdeer",0.00421,43,0.01],[208,"Volbeat",0.0042,219,0.053],[209,"Metagross",0.00415,211,0.051],[210,"Zacian",0.00413,45,0.011],[211,"Spectrier",0.00411,24,0.006],[212,"Electrode-Hisui",0.00405,117,0.028],[213,"Slowking",0.00403,100,0.024],[214,"Cinderace",0.00394,86,0.021],[215,"Snorlax",0.00391,151,0.037],[216,"Goodra",0.0039,27,0.007],[217,"Bastiodon",0.00389,87,0.021],[218,"Spiritomb",0.00386,129,0.031],[219,"Enamorus",0.00386,180,0.044],[220,"Great Tusk",0.00384,196,0.048],[221,"Latios",0.00383,