{"total":46884,"data":{"header":["Rank","Pokemon","Usage Percentage","Usage Raw","Usage Raw Percentage"],"rows":[[1,"Duraludon",7.4395,2060,4.394],[2,"Swampert",6.26913,2324,4.957],[3,"Dudunsparce",5.24902,1104,2.355],[4,"Munkidori",4.99946,1310,2.794],[5,"Gligar",3.9969,1595,3.402],[6,"Thwackey",3.97298,1251,2.668],[7,"Incineroar",3.53686,1897,4.046],[8,"Flygon",3.08931,1516,3.234],[9,"Infernape",2.76386,1138,2.427],[10,"Flamigo",2.75101,1001,2.135],[11,"Cinccino",2.46867,765,1.632],[12,"Uxie",2.43126,971,2.071],[13,"Copperajah",1.92614,781,1.666],[14,"Klefki",1.83338,1496,3.191],[15,"Tornadus",1.83276,675,1.44],[16,"Araquanid",1.74908,1872,3.993],[17,"Staraptor",1.68079,733,1.563],[18,"Galvantula",1.65611,1181,2.519],[19,"Basculegion",1.65079,530,1.13],[20,"Tauros-Paldea-Aqua",1.56937,433,0.924],[21,"Chandelure",1.53215,821,1.751],[22,"Raikou",1.51027,631,1.346],[23,"Braviary",1.48388,381,0.813],[24,"Rhyperior",1.46255,734,1.566],[25,"Scyther",1.41099,533,1.137],[26,"Sylveon",1.39894,346,0.738],[27,"Bellibolt",1.31273,508,1.084],[28,"Bronzong",1.04216,1076,2.295],[29,"Avalugg-Hisui",0.94055,273,0.582],[30,"Rotom-Heat",0.93883,222,0.474],[31,"Vaporeon",0.89208,323,0.689],[32,"Tsareena",0.86108,366,0.781],[33,"Reuniclus",0.80671,300,0.64],[34,"Overqwil",0.78695,607,1.295],[35,"Ambipom",0.71053,587,1.252],[36,"Persian-Alola",0.70809,155,0.331],[37,"Grookey",0.64358,212,0.452],[38,"Kilowattrel",0.62223,441,0.941],[39,"Heracross",0.5747,188,0.401],[40,"Goodra",0.53996,304,0.648],[41,"Grimmsnarl",0.48273,252,0.537],[42,"Dragalge",0.47404,191,0.407],[43,"Golurk",0.46778,164,0.35],[44,"Whimsicott",0.46638,272,0.58],[45,"Grafaiai",0.45642,355,0.757],[46,"Chansey",0.43451,332,0.708],[47,"Weezing",0.41475,155,0.331],[48,"Hitmontop",0.41208,96,0.205],[49,"Indeedee",0.387,201,0.429],[50,"Skuntank",0.37046,70,0.149],[51,"Salazzle",0.36404,170,0.363],[52,"Articuno-Galar",0.35941,188,0.401],[53,"Porygon2",0.35888,162,0.346],[54,"Shiftry",0.35207,73,0.156],[55,"Inteleon",0.3292,250,0.533],[56,"Ninetales-Alola",0.32156,457,0.975],[57,"Scrafty",0.31674,318,0.678],[58,"Decidueye-Hisui",0.29856,81,0.173],[59,"Decidueye",0.28708,153,0.326],[60,"Sandaconda",0.28406,185,0.395],[61,"Espeon",0.28243,420,0.896],[62,"Lycanroc",0.2732,122,0.26],[63,"Wo-Chien",0.27263,183,0.39],[64,"Brambleghast",0.27195,197,0.42],[65,"Indeedee-F",0.26573,54,0.115],[66,"Scream Tail",0.25978,347,0.74],[67,"Houndstone",0.2553,88,0.188],[68,"Tinkatuff",0.24651,41,0.087],[69,"Tentacruel",0.23888,355,0.757],[70,"Delphox",0.23176,59,0.126],[71,"Meloetta",0.22248,125,0.267],[72,"Mudsdale",0.21401,227,0.484],[73,"Tauros-Paldea-Blaze",0.205,80,0.171],[74,"Snorlax",0.19701,122,0.26],[75,"Arcanine",0.19036,240,0.512],[76,"Qwilfish-Hisui",0.18784,71,0.151],[77,"Jolteon",0.18637,198,0.422],[78,"Altaria",0.18423,198,0.422],[79,"Vikavolt",0.17596,86,0.183],[80,"Hariyama",0.17359,54,0.115],[81,"Hattrem",0.13077,29,0.062],[82,"Brute Bonnet",0.12488,30,0.064],[83,"Electrode-Hisui",0.12184,79,0.169],[84,"Coalossal",0.1168,98,0.209],[85,"Ditto",0.11606,61,0.13],[86,"Tatsugiri",0.11488,37,0.079],[87,"Cramorant",0.11158,70,0.149],[88,"Slowbro-Galar",0.10624,90,0.192],[89,"Qwilfish",0.1057,37,0.079],[90,"Glastrier",0.10557,39,0.083],[91,"Rotom-Mow",0.10267,83,0.177],[92,"Zoroark",0.10175,85,0.181],[93,"Hitmonlee",0.09681,48,0.102],[94,"Virizion",0.09412,42,0.09],[95,"Toucannon",0.09076,55,0.117],[96,"Muk",0.08566,51,0.109],[97,"Drednaw",0.08553,66,0.141],[98,"Sandslash-Alola",0.08434,67,0.143],[99,"Bombirdier",0.08414,77,0.164],[100,"Florges",0.08389,46,0.098],[101,"Froslass",0.07536,226,0.482],[102,"Malamar",0.07374,29,0.062],[103,"Bruxish",0.07296,33,0.07],[104,"Pawmot",0.07074,56,0.119],[105,"Mesprit",0.06774,31,0.066],[106,"Passimian",0.0665,74,0.158],[107,"Amoonguss",0.06421,52,0.111],[108,"Pincurchin",0.06387,62,0.132],[109,"Dugtrio-Alola",0.06329,127,0.271],[110,"Kingdra",0.06312,39,0.083],[111,"Vileplume",0.06045,90,0.192],[112,"Arboliva",0.05844,28,0.06],[113,"Orthworm",0.05837,28,0.06],[114,"Clawitzer",0.05732,46,0.098],[115,"Scovillain",0.05652,16,0.034],[116,"Barraskewda",0.05551,21,0.045],[117,"Hoopa",0.05507,43,0.092],[118,"Shaymin",0.0524,42,0.09],[119,"Emboar",0.04947,20,0.043],[120,"Toxicroak",0.04944,105,0.224],[121,"Lanturn",0.04747,21,0.045],[122,"Toxtricity",0.04747,24,0.051],[123,"Rhydon",0.047,85,0.181],[124,"Vespiquen",0.04393,14,0.03],[125,"Avalugg",0.04371,77,0.164],[126,"Venusaur",0.04009,19,0.041],[127,"Slaking",0.03862,42,0.09],[128,"Klawf",0.0379,117,0.25],[129,"Frosmoth",0.03625,68,0.145],[130,"Rampardos",0.03535,48,0.102],[131,"Milotic",0.03493,90,0.192],[132,"Mismagius",0.03466,26,0.055],[133,"Toedscruel",0.0342,24,0.051],[134,"Magneton",0.03403,23,0.049],[135,"Poliwrath",0.03182,58,0.124],[136,"Floatzel",0.03103,49,0.105],[137,"Minior",0.02767,73,0.156],[138,"Volbeat",0.02745,46,0.098],[139,"Ludicolo",0.02492,24,0.051],[140,"Golem",0.02463,51,0.109],[141,"Persian",0.02417,57,0.122],[142,"Sandslash",0.02364,33,0.07],[143,"Honchkrow",0.02357,42,0.09],[144,"Typhlosion-Hisui",0.02309,49,0.105],[145,"Masquerain",0.02201,49,0.105],[146,"Sableye",0.02187,23,0.049],[147,"Komala",0.02175,14,0.03],[148,"Pikachu",0.02147,16,0.034],[149,"Lapras",0.02064,13,0.028],[150,"Regirock",0.02021,59,0.126],[151,"Palossand",0.02001,31,0.066],[152,"Spidops",0.01963,45,0.096],[153,"Exeggutor-Alola",0.01824,32,0.068],[154,"Hippopotas",0.01781,38,0.081],[155,"Houndoom",0.01764,27,0.058],[156,"Farigiraf",0.01718,20,0.043],[157,"Hitmonchan",0.01583,39,0.083],[158,"Rotom-Fan",0.01566,10,0.021],[159,"Sneasel",0.01565,42,0.09],[160,"Medicham",0.01456,25,0.053],[161,"Smeargle",0.01453,29,0.062],[162,"Probopass",0.01441,19,0.041],[163,"Falinks",0.01296,14,0.03],[164,"Cacturne",0.01216,29,0.062],[165,"Morpeko",0.01066,24,0.051],[166,"Ursaring",0.01013,10,0.021],[167,"Electivire",0.00988,28,0.06],[168,"Braviary-Hisui",0.00976,25,0.053],[169,"Perrserker",0.0096,10,0.021],[170,"Dipplin",0.00959,3,0.006],[171,"Lurantis",0.00952,17,0.036],[172,"Carbink",0.00915,67,0.143],[173,"Flareon",0.00901,17,0.036],[174,"Glimmet",0.00885,35,0.075],[175,"Cryogonal",0.0087,17,0.036],[176,"Raichu",0.00849,25,0.053],[177,"Piloswine",0.00814,39,0.083],[178,"Abomasnow",0.00809,70,0.149],[179,"Bellossom",0.00798,7,0.015],[180,"Naclstack",0.00778,6,0.013],[181,"Gible",0.00731,1,0.002],[182,"Sneasel-Hisui",0.00726,10,0.021],[183,"Torkoal",0.00706,32,0.068],[184,"Drifblim",0.00668,8,0.017],[185,"Eiscue",0.00663,12,0.026],[186,"Noctowl",0.00628,3,0.006],[187,"Spiritomb",0.00599,12,0.026],[188,"Charizard",0.00594,36,0.077],[189,"Glaceon",0.00564,33,0.07],[190,"Sawsbuck",0.00551,6,0.013],[191,"Eelektross",0.00547,45,0.096],[192,"Venomoth",0.00546,17,0.036],[193,"Alcremie",0.00528,15,0.032],[194,"Primeape",0.00493,27,0.058],[195,"Swalot",0.00459,22,0.047],[196,"Samurott",0.00454,29,0.062],[197,"Squawkabilly",0.00443,35,0.075],[198,"Basculin",0.00424,8,0.017],[199,"Mabosstiff",0.00349,12,0.026],[200,"Appletun",0.00338,9,0.019],[201,"Furret",0.00319,5,0.011],[202,"Dusclops",0.00259,35,0.075],[203,"Crocalor",0.00246,4,0.009],[204,"Lycanroc-Midnight",0.00241,40,0.085],[205,"Dusknoir",0.00235,33,0.07],[206,"Charjabug",0.00216,11,0.023],[207,"Camerupt",0.00209,11,0.023],[208,"Chimchar",0.00204,2,0.004],[209,"Dragonair",0.00201,12,0.026],[210,"Ninetales",0.00201,15,0.032],[211,"Articuno",0.00187,12,0.026],[212,"Rabsca",0.00183,6,0.013],[213,"Wigglytuff",0.00165,5,0.011],[214,"Leafeon",0.00163,30,0.064],[215,"Ariados",0.00157,30,0.064],[216,"Magcargo",0.00157,12,0.026],[217,"Zangoose",0.00152,13,0.028],[218,"Typhlosion",0.00128,4,0.009],[219,"Meowstic",0.00124,30,0.064],[220,"Dugtrio",0.00122,7,0.015],[221,"Whiscash",0.00107,8,0.017],[222,"Oricorio",0.00104,2,0.004],[223,"Beartic",0.00094,1,0.002],[224,"Bastiodon",0.00093,35,0.075],[225,"Stantler",0.00089,2,0.004],[226,"Banette",0.00089,3,0.006],[227,"Luvdisc",0.00086,4,0.009],[228,"Shellder",0.00084,2,0.004],[229,"Illumise",0.00079,11,0.023],[230,"Sceptile",0.00076,10,0.021],[231,"Sliggoo-Hisui",