{"total":46538,"data":{"header":["Rank","Pokemon","Usage Percentage","Usage Raw","Usage Raw Percentage"],"rows":[[1,"Swampert",6.59323,2157,4.635],[2,"Duraludon",5.12002,1704,3.662],[3,"Flygon",3.94108,1670,3.588],[4,"Staraptor",3.79093,1132,2.432],[5,"Incineroar",3.75752,1814,3.898],[6,"Dudunsparce",3.51033,910,1.955],[7,"Gligar",3.43396,1331,2.86],[8,"Tornadus",3.25608,1064,2.286],[9,"Cinccino",2.84789,927,1.992],[10,"Flamigo",2.70766,876,1.882],[11,"Munkidori",2.53156,755,1.622],[12,"Klefki",2.41021,1489,3.2],[13,"Braviary",2.38429,480,1.031],[14,"Basculegion",2.19519,578,1.242],[15,"Raikou",2.12728,630,1.354],[16,"Chandelure",2.02623,775,1.665],[17,"Barraskewda",1.97321,698,1.5],[18,"Thwackey",1.97001,796,1.71],[19,"Araquanid",1.74761,1515,3.255],[20,"Toxtricity",1.50812,658,1.414],[21,"Infernape",1.37974,899,1.932],[22,"Copperajah",1.30432,591,1.27],[23,"Tauros-Paldea-Aqua",1.20797,360,0.774],[24,"Bellibolt",1.16356,429,0.922],[25,"Tsareena",1.14474,402,0.864],[26,"Bronzong",1.13955,1167,2.508],[27,"Galvantula",1.11624,1264,2.716],[28,"Vaporeon",1.09908,430,0.924],[29,"Ninetales-Alola",1.06253,481,1.034],[30,"Kilowattrel",1.02938,591,1.27],[31,"Rhyperior",1.01897,677,1.455],[32,"Overqwil",0.91563,499,1.072],[33,"Ambipom",0.91104,484,1.04],[34,"Rotom-Heat",0.90458,312,0.67],[35,"Scyther",0.89529,512,1.1],[36,"Reuniclus",0.81148,243,0.522],[37,"Uxie",0.69239,195,0.419],[38,"Tentacruel",0.65399,544,1.169],[39,"Goodra",0.6226,285,0.612],[40,"Chansey",0.59551,270,0.58],[41,"Scream Tail",0.58928,603,1.296],[42,"Sylveon",0.58152,184,0.395],[43,"Inteleon",0.57597,234,0.503],[44,"Lycanroc",0.54516,202,0.434],[45,"Grafaiai",0.54082,403,0.866],[46,"Articuno-Galar",0.53242,198,0.425],[47,"Heracross",0.53164,229,0.492],[48,"Brambleghast",0.52249,278,0.597],[49,"Dragalge",0.51935,174,0.374],[50,"Wo-Chien",0.49275,218,0.468],[51,"Avalugg-Hisui",0.49258,200,0.43],[52,"Meloetta",0.48839,196,0.421],[53,"Espeon",0.48151,380,0.817],[54,"Weezing",0.41196,100,0.215],[55,"Houndstone",0.40174,108,0.232],[56,"Arcanine",0.39417,115,0.247],[57,"Snorlax",0.38811,184,0.395],[58,"Porygon2",0.38055,196,0.421],[59,"Scrafty",0.33088,329,0.707],[60,"Grimmsnarl",0.33083,282,0.606],[61,"Indeedee-F",0.30636,145,0.312],[62,"Decidueye-Hisui",0.29643,86,0.185],[63,"Persian-Alola",0.29475,61,0.131],[64,"Altaria",0.29344,192,0.413],[65,"Whimsicott",0.26646,182,0.391],[66,"Indeedee",0.2653,172,0.37],[67,"Mudsdale",0.26271,243,0.522],[68,"Bombirdier",0.25674,153,0.329],[69,"Shiftry",0.24839,161,0.346],[70,"Skuntank",0.24834,63,0.135],[71,"Golurk",0.24685,158,0.34],[72,"Mesprit",0.22999,58,0.125],[73,"Brute Bonnet",0.22852,71,0.153],[74,"Decidueye",0.20804,187,0.402],[75,"Tauros-Paldea-Blaze",0.20178,73,0.157],[76,"Vileplume",0.2008,177,0.38],[77,"Sandaconda",0.20009,136,0.292],[78,"Pawmot",0.19996,65,0.14],[79,"Malamar",0.18964,51,0.11],[80,"Salazzle",0.18595,124,0.266],[81,"Hoopa",0.17554,80,0.172],[82,"Slowbro-Galar",0.17464,132,0.284],[83,"Jolteon",0.16697,199,0.428],[84,"Hitmontop",0.16372,62,0.133],[85,"Froslass",0.16252,331,0.711],[86,"Dugtrio-Alola",0.15295,76,0.163],[87,"Honchkrow",0.15066,35,0.075],[88,"Tatsugiri",0.14959,47,0.101],[89,"Cramorant",0.13803,69,0.148],[90,"Toxicroak",0.13235,34,0.073],[91,"Coalossal",0.1315,61,0.131],[92,"Typhlosion-Hisui",0.12899,77,0.165],[93,"Toedscruel",0.12049,21,0.045],[94,"Avalugg",0.11922,121,0.26],[95,"Piloswine",0.11772,40,0.086],[96,"Squawkabilly",0.11034,61,0.131],[97,"Toucannon",0.10314,35,0.075],[98,"Milotic",0.09756,60,0.129],[99,"Carbink",0.09569,71,0.153],[100,"Muk",0.09408,51,0.11],[101,"Amoonguss",0.09173,48,0.103],[102,"Vikavolt",0.09164,91,0.196],[103,"Sableye",0.09062,68,0.146],[104,"Gurdurr",0.08462,16,0.034],[105,"Komala",0.07981,38,0.082],[106,"Drifblim",0.07945,38,0.082],[107,"Bruxish",0.07922,63,0.135],[108,"Orthworm",0.07437,66,0.142],[109,"Sandslash-Alola",0.07316,74,0.159],[110,"Golem",0.07314,67,0.144],[111,"Dusknoir",0.06941,48,0.103],[112,"Ditto",0.06835,30,0.064],[113,"Slaking",0.06799,44,0.095],[114,"Hitmonlee",0.06176,64,0.138],[115,"Hariyama",0.06148,57,0.122],[116,"Ursaring",0.05986,20,0.043],[117,"Hitmonchan",0.05339,57,0.122],[118,"Electrode-Hisui",0.05155,144,0.309],[119,"Frosmoth",0.05134,33,0.071],[120,"Medicham",0.05126,22,0.047],[121,"Qwilfish-Hisui",0.05096,41,0.088],[122,"Mabosstiff",0.04878,14,0.03],[123,"Hattrem",0.04759,27,0.058],[124,"Golem-Alola",0.04631,45,0.097],[125,"Dusclops",0.04625,20,0.043],[126,"Zoroark",0.04579,57,0.122],[127,"Poliwrath",0.04573,18,0.039],[128,"Lurantis",0.04537,14,0.03],[129,"Braviary-Hisui",0.04393,64,0.138],[130,"Magneton",0.0436,40,0.086],[131,"Rotom-Mow",0.04344,50,0.107],[132,"Exeggutor-Alola",0.04285,47,0.101],[133,"Rhydon",0.04209,87,0.187],[134,"Drednaw",0.04077,46,0.099],[135,"Florges",0.04012,39,0.084],[136,"Palossand",0.04011,26,0.056],[137,"Shaymin",0.0382,18,0.039],[138,"Lilligant",0.03625,27,0.058],[139,"Floatzel",0.03553,44,0.095],[140,"Abomasnow",0.03399,135,0.29],[141,"Smeargle",0.03348,71,0.153],[142,"Delphox",0.03168,40,0.086],[143,"Glaceon",0.03038,58,0.125],[144,"Morpeko",0.02937,8,0.017],[145,"Sandslash",0.02771,59,0.127],[146,"Qwilfish",0.0272,37,0.08],[147,"Rampardos",0.02685,90,0.193],[148,"Emboar",0.02655,16,0.034],[149,"Dipplin",0.02528,14,0.03],[150,"Magmortar",0.0251,15,0.032],[151,"Cacturne",0.02475,32,0.069],[152,"Wooper-Paldea",0.02439,6,0.013],[153,"Persian",0.02413,25,0.054],[154,"Glastrier",0.02351,25,0.054],[155,"Rotom-Fan",0.02302,20,0.043],[156,"Lapras",0.02238,21,0.045],[157,"Hippopotas",0.02045,59,0.127],[158,"Ariados",0.02028,46,0.099],[159,"Cryogonal",0.02004,11,0.024],[160,"Samurott",0.01974,12,0.026],[161,"Veluza",0.01913,26,0.056],[162,"Rotom",0.01891,19,0.041],[163,"Lanturn",0.01872,17,0.037],[164,"Pincurchin",0.01787,28,0.06],[165,"Kingdra",0.01712,23,0.049],[166,"Sneasel",0.01711,27,0.058],[167,"Masquerain",0.01655,60,0.129],[168,"Furret",0.01565,26,0.056],[169,"Leafeon",0.01452,29,0.062],[170,"Bastiodon",0.01451,35,0.075],[171,"Torkoal",0.0143,66,0.142],[172,"Regigigas",0.01408,37,0.08],[173,"Passimian",0.01403,39,0.084],[174,"Primeape",0.01379,24,0.052],[175,"Electrode",0.0135,59,0.127],[176,"Charizard",0.01349,23,0.049],[177,"Spidops",0.01205,32,0.069],[178,"Rabsca",0.01204,26,0.056],[179,"Ampharos",0.012,15,0.032],[180,"Eelektross",0.01197,15,0.032],[181,"Glimmet",0.01195,72,0.155],[182,"Trevenant",0.01172,31,0.067],[183,"Rotom-Frost",0.01135,9,0.019],[184,"Regirock",0.01116,44,0.095],[185,"Farigiraf",0.01111,9,0.019],[186,"Minior",0.01098,98,0.211],[187,"Haunter",0.01062,5,0.011],[188,"Zweilous",0.01056,10,0.021],[189,"Lumineon",0.01028,3,0.006],[190,"Crabominable",0.01008,10,0.021],[191,"Scovillain",0.00986,12,0.026],[192,"Wyrdeer",0.00973,5,0.011],[193,"Sneasel-Hisui",0.00919,4,0.009],[194,"Swalot",0.00897,9,0.019],[195,"Wigglytuff",0.00888,10,0.021],[196,"Tauros",0.00854,12,0.026],[197,"Flareon",0.00817,13,0.028],[198,"Ludicolo",0.00797,13,0.028],[199,"Venonat",0.0078,1,0.002],[200,"Klawf",0.0074,176,0.378],[201,"Spiritomb",0.00734,8,0.017],[202,"Leavanny",0.00584,39,0.084],[203,"Illumise",0.0058,26,0.056],[204,"Typhlosion",0.00576,15,0.032],[205,"Ninetales",0.00565,20,0.043],[206,"Probopass",0.00562,18,0.039],[207,"Dunsparce",0.00561,4,0.009],[208,"Misdreavus",0.00505,8,0.017],[209,"Nosepass",0.00491,10,0.021],[210,"Sceptile",0.00482,46,0.099],[211,"Flapple",0.00476,19,0.041],[212,"Grumpig",0.00462,6,0.013],[213,"Raichu",0.0046,7,0.015],[214,"Articuno",0.00455,19,0.041],[215,"Exeggutor",0.00444,13,0.028],[216,"Dodrio",0.00438,7,0.015],[217,"Electivire",0.00437,44,0.095],[218,"Venomoth",0.00436,10,0.021],[219,"Houndoom",0.00432,2,0.004],[220,"Arbok",0.00418,23,0.049],[221,"Falinks",0.00396,24,0.052],[222,"Naclstack",0.00374,15,0.032],[223,"Cutiefly",0.00344,3,0.006],[224,"Gulpin",0.00289,5,0.011],[225,"Sinistea",0.00286,4,0.009],[226,"Alcremie",0.00281,6,0.013],[227,"Arboliva",0.00273,32,0.069],[228,"Magcargo",0.00263,12,0.026],[229,"Pyroar",0.00241,4,0.009],[230,"Mismagius",0.00236,15,0.032],[231,"Eiscue",0.00231,