{"total":36232,"data":{"header":["Rank","Pokemon","Usage Percentage","Usage Raw","Usage Raw Percentage"],"rows":[[1,"Swampert",4.87255,1825,5.037],[2,"Duraludon",4.58638,1120,3.091],[3,"Staraptor",3.70674,792,2.186],[4,"Incineroar",3.61777,1392,3.842],[5,"Gligar",3.61396,1046,2.887],[6,"Flygon",3.59438,1308,3.61],[7,"Dudunsparce",3.5356,494,1.363],[8,"Munkidori",3.49696,763,2.106],[9,"Thwackey",2.91162,754,2.081],[10,"Basculegion",2.5439,451,1.245],[11,"Infernape",2.39309,866,2.39],[12,"Araquanid",2.33658,1329,3.668],[13,"Flamigo",2.33076,550,1.518],[14,"Braviary",2.13683,297,0.82],[15,"Toxtricity",2.08494,501,1.383],[16,"Klefki",2.05304,1103,3.044],[17,"Tornadus",2.03582,584,1.612],[18,"Uxie",1.83109,247,0.682],[19,"Raikou",1.80037,397,1.096],[20,"Chandelure",1.65575,523,1.443],[21,"Cinccino",1.61281,573,1.581],[22,"Kilowattrel",1.51085,549,1.515],[23,"Ninetales-Alola",1.45988,399,1.101],[24,"Tauros-Paldea-Aqua",1.44422,236,0.651],[25,"Rotom-Heat",1.35486,198,0.546],[26,"Glimmet",1.32095,231,0.638],[27,"Bellibolt",1.32012,375,1.035],[28,"Bronzong",1.29732,960,2.65],[29,"Copperajah",1.23002,476,1.314],[30,"Barraskewda",1.22781,693,1.913],[31,"Rhyperior",1.19549,401,1.107],[32,"Overqwil",1.09921,355,0.98],[33,"Tsareena",1.06508,280,0.773],[34,"Galvantula",0.98308,871,2.404],[35,"Scyther",0.8608,361,0.996],[36,"Vaporeon",0.85239,238,0.657],[37,"Inteleon",0.81795,305,0.842],[38,"Sandaconda",0.81279,146,0.403],[39,"Grimmsnarl",0.72492,263,0.726],[40,"Arcanine",0.62971,76,0.21],[41,"Scream Tail",0.62023,454,1.253],[42,"Reuniclus",0.56186,234,0.646],[43,"Brambleghast",0.53774,176,0.486],[44,"Vileplume",0.51021,129,0.356],[45,"Slowbro-Galar",0.50885,155,0.428],[46,"Ambipom",0.49917,245,0.676],[47,"Chansey",0.47869,211,0.582],[48,"Porygon2",0.4765,432,1.192],[49,"Ditto",0.4597,128,0.353],[50,"Weezing",0.45483,88,0.243],[51,"Tentacruel",0.45355,362,0.999],[52,"Grafaiai",0.45158,336,0.927],[53,"Goodra",0.43617,166,0.458],[54,"Hitmontop",0.43578,76,0.21],[55,"Toxicroak",0.42515,69,0.19],[56,"Golurk",0.418,148,0.408],[57,"Avalugg-Hisui",0.39694,119,0.328],[58,"Whimsicott",0.38763,148,0.408],[59,"Houndstone",0.38581,63,0.174],[60,"Espeon",0.37828,330,0.911],[61,"Articuno-Galar",0.35514,166,0.458],[62,"Electrode-Hisui",0.34828,98,0.27],[63,"Shiftry",0.31907,289,0.798],[64,"Meloetta",0.30158,134,0.37],[65,"Decidueye-Hisui",0.29015,63,0.174],[66,"Scrafty",0.28573,183,0.505],[67,"Naclstack",0.27148,36,0.099],[68,"Mudsdale",0.2683,192,0.53],[69,"Cramorant",0.24459,42,0.116],[70,"Avalugg",0.24086,85,0.235],[71,"Altaria",0.22646,143,0.395],[72,"Heracross",0.22474,122,0.337],[73,"Wo-Chien",0.20937,198,0.546],[74,"Decidueye",0.20745,110,0.304],[75,"Hoopa",0.20267,75,0.207],[76,"Bombirdier",0.20179,148,0.408],[77,"Froslass",0.19982,193,0.533],[78,"Sylveon",0.19338,133,0.367],[79,"Hariyama",0.1928,63,0.174],[80,"Coalossal",0.19072,83,0.229],[81,"Honchkrow",0.17894,79,0.218],[82,"Pawmot",0.17792,56,0.155],[83,"Piloswine",0.14976,53,0.146],[84,"Lycanroc",0.1484,115,0.317],[85,"Mesprit",0.1479,108,0.298],[86,"Delphox",0.14401,38,0.105],[87,"Brute Bonnet",0.14204,65,0.179],[88,"Skuntank",0.14089,23,0.063],[89,"Palossand",0.14025,66,0.182],[90,"Frosmoth",0.13895,78,0.215],[91,"Persian-Alola",0.13803,41,0.113],[92,"Snorlax",0.12361,107,0.295],[93,"Toucannon",0.12246,18,0.05],[94,"Hitmonlee",0.11502,61,0.168],[95,"Dugtrio-Alola",0.11462,50,0.138],[96,"Sneasel-Hisui",0.1087,16,0.044],[97,"Rotom",0.10851,30,0.083],[98,"Glaceon",0.107,39,0.108],[99,"Electrode",0.10611,41,0.113],[100,"Magneton",0.10592,32,0.088],[101,"Muk",0.10246,45,0.124],[102,"Rotom-Mow",0.10057,33,0.091],[103,"Eelektross",0.10049,61,0.168],[104,"Smeargle",0.08955,81,0.224],[105,"Jolteon",0.08899,141,0.389],[106,"Milotic",0.08405,30,0.083],[107,"Carbink",0.08355,55,0.152],[108,"Leavanny",0.0829,40,0.11],[109,"Indeedee",0.08197,181,0.5],[110,"Sandslash-Alola",0.0814,69,0.19],[111,"Ursaring",0.0788,33,0.091],[112,"Passimian",0.07804,48,0.132],[113,"Rampardos",0.07587,31,0.086],[114,"Orthworm",0.07295,41,0.113],[115,"Tauros",0.0725,24,0.066],[116,"Dragalge",0.07171,89,0.246],[117,"Typhlosion-Hisui",0.07171,80,0.221],[118,"Salazzle",0.05648,72,0.199],[119,"Tatsugiri",0.05568,24,0.066],[120,"Mabosstiff",0.04974,10,0.028],[121,"Ludicolo",0.04407,17,0.047],[122,"Torkoal",0.04376,64,0.177],[123,"Masquerain",0.04281,112,0.309],[124,"Amoonguss",0.04103,31,0.086],[125,"Leafeon",0.04078,15,0.041],[126,"Poliwrath",0.0405,17,0.047],[127,"Hattrem",0.04009,47,0.13],[128,"Golem-Alola",0.03659,34,0.094],[129,"Vikavolt",0.03597,68,0.188],[130,"Rhydon",0.03469,34,0.094],[131,"Dipplin",0.03286,12,0.033],[132,"Gurdurr",0.03277,10,0.028],[133,"Abomasnow",0.03259,139,0.384],[134,"Emboar",0.03237,23,0.063],[135,"Braviary-Hisui",0.03197,29,0.08],[136,"Bastiodon",0.0319,42,0.116],[137,"Exeggutor-Alola",0.03181,36,0.099],[138,"Sandslash",0.03173,20,0.055],[139,"Zoroark",0.03054,26,0.072],[140,"Drednaw",0.03037,34,0.094],[141,"Qwilfish",0.02941,20,0.055],[142,"Kingdra",0.02911,23,0.063],[143,"Flareon",0.02605,47,0.13],[144,"Sableye",0.02553,18,0.05],[145,"Mareanie",0.02452,2,0.006],[146,"Zorua-Hisui",0.0243,4,0.011],[147,"Golem",0.02261,138,0.381],[148,"Indeedee-F",0.02201,14,0.039],[149,"Drifblim",0.0217,23,0.063],[150,"Cacturne",0.0204,20,0.055],[151,"Charizard",0.01983,18,0.05],[152,"Glastrier",0.01928,17,0.047],[153,"Hitmonchan",0.01874,13,0.036],[154,"Ariados",0.01871,28,0.077],[155,"Mismagius",0.01859,23,0.063],[156,"Articuno",0.01703,9,0.025],[157,"Toedscruel",0.01524,10,0.028],[158,"Dachsbun",0.01523,6,0.017],[159,"Primeape",0.01512,19,0.052],[160,"Basculin",0.01408,32,0.088],[161,"Whiscash",0.01387,10,0.028],[162,"Morpeko",0.01325,9,0.025],[163,"Tauros-Paldea-Blaze",0.01324,29,0.08],[164,"Spiritomb",0.0127,7,0.019],[165,"Spidops",0.01219,92,0.254],[166,"Luxray",0.01204,16,0.044],[167,"Noctowl",0.01046,3,0.008],[168,"Rabsca",0.00995,9,0.025],[169,"Florges",0.00994,17,0.047],[170,"Tropius",0.0096,5,0.014],[171,"Dusknoir",0.00948,17,0.047],[172,"Lapras",0.00941,20,0.055],[173,"Virizion",0.00901,5,0.014],[174,"Sceptile",0.00869,21,0.058],[175,"Regirock",0.00846,31,0.086],[176,"Dusclops",0.00842,12,0.033],[177,"Oricorio",0.00842,6,0.017],[178,"Hippopotas",0.00827,25,0.069],[179,"Pincurchin",0.00825,24,0.066],[180,"Floatzel",0.00805,15,0.041],[181,"Persian",0.00757,10,0.028],[182,"Wyrdeer",0.00742,15,0.041],[183,"Clawitzer",0.00694,42,0.116],[184,"Pikachu",0.00694,17,0.047],[185,"Slaking",0.00673,24,0.066],[186,"Rotom-Fan",0.00653,13,0.036],[187,"Qwilfish-Hisui",0.00638,27,0.075],[188,"Cryogonal",0.00625,9,0.025],[189,"Magcargo",0.00624,10,0.028],[190,"Trevenant",0.00593,49,0.135],[191,"Arbok",0.00568,29,0.08],[192,"Arboliva",0.00561,13,0.036],[193,"Banette",0.00556,7,0.019],[194,"Volbeat",0.00532,12,0.033],[195,"Medicham",0.0053,14,0.039],[196,"Electivire",0.00486,16,0.044],[197,"Klawf",0.0048,115,0.317],[198,"Komala",0.00429,9,0.025],[199,"Cleffa",0.00426,25,0.069],[200,"Clefairy",0.00393,5,0.014],[201,"Sawsbuck",0.00369,5,0.014],[202,"Bruxish",0.00359,24,0.066],[203,"Houndoom",0.00351,14,0.039],[204,"Tinkatuff",0.00328,17,0.047],[205,"Gumshoos",0.00314,11,0.03],[206,"Glalie",0.00295,6,0.017],[207,"Furret",0.00284,18,0.05],[208,"Lanturn",0.00282,8,0.022],[209,"Appletun",0.00278,3,0.008],[210,"Raichu-Alola",0.00273,14,0.039],[211,"Exeggutor",0.00263,4,0.011],[212,"Drakloak",0.00259,2,0.006],[213,"Wigglytuff",0.00259,3,0.008],[214,"Zebstrika",0.00255,7,0.019],[215,"Regigigas",0.00249,10,0.028],[216,"Sneasel",0.00217,17,0.047],[217,"Swalot",0.00205,7,0.019],[218,"Venomoth",0.00185,13,0.036],[219,"Magmortar",0.0018,2,0.006],[220,"Rotom-Frost",0.00172,3,0.008],[221,"Flapple",0.00161,18,0.05],[222,"Perrserker",0.00161,32,0.088],[223,"Swanna",0.00161,15,0.041],[224,"Probopass",0.00157,20,0.055],[225,"Malamar",0.00149,12,0.033],[226,"Murkrow",0.00143,6,0.017],[227,"Eiscue",0.0014,1,0.003],[228,"Sudowoodo",0.00139,39,0.108],[229,"Kricketot",0.00135,1,0.003],[230,"Typhlosion",0.00135,7,0.019],[231,"Granbull",0.00123,4,0.011],[232,"Victreebel",