{"total":18116,"weight":0.224,"data":{"header":["Rank","Pokemon","Usage Percentage","Usage Raw","Usage Raw Percentage","Usage Real","Usage Real Percentage"],"rows":[[1,"Tsareena",19.18624,5063,13.974,4097,13.779],[2,"Duraludon",18.81321,4774,13.176,4126,13.876],[3,"Flygon",17.40041,6837,18.87,5546,18.652],[4,"Incineroar",16.2872,6285,17.347,5584,18.78],[5,"Swampert",16.13351,5614,15.495,5032,16.923],[6,"Bellibolt",14.99167,3607,9.955,3026,10.177],[7,"Vaporeon",14.81589,3913,10.8,3206,10.782],[8,"Munkidori",13.33561,3633,10.027,2953,9.931],[9,"Tauros-Paldea-Aqua",13.07195,2806,7.745,2311,7.772],[10,"Toxtricity",12.02528,3981,10.988,3139,10.557],[11,"Overqwil",11.81024,2952,8.147,2499,8.404],[12,"Gligar",11.65088,2921,8.062,2648,8.906],[13,"Cinccino",11.36988,3878,10.703,2981,10.025],[14,"Chandelure",11.31623,5317,14.675,4154,13.97],[15,"Basculegion",10.87465,2915,8.045,2425,8.156],[16,"Bronzong",10.60785,4373,12.069,3798,12.773],[17,"Grafaiai",10.53937,2661,7.344,2058,6.921],[18,"Flamigo",10.32349,2739,7.56,2320,7.802],[19,"Tornadus",10.25178,2898,7.998,2390,8.038],[20,"Brambleghast",10.05931,3118,8.606,2454,8.253],[21,"Staraptor",10.02357,3073,8.481,2581,8.68],[22,"Copperajah",9.29401,2586,7.137,2244,7.547],[23,"Articuno-Galar",9.04364,2873,7.929,2172,7.305],[24,"Infernape",8.31328,4071,11.236,3334,11.213],[25,"Espeon",8.29613,4204,11.603,3207,10.786],[26,"Raikou",8.13563,2931,8.09,2357,7.927],[27,"Dudunsparce",8.0553,2227,6.147,1748,5.879],[28,"Scyther",7.85967,3176,8.766,2416,8.125],[29,"Klefki",7.80349,3253,8.978,2943,9.898],[30,"Reuniclus",7.72584,2224,6.138,1768,5.946],[31,"Arcanine",7.63758,1269,3.502,1043,3.508],[32,"Sylveon",7.23884,2625,7.245,2039,6.857],[33,"Scream Tail",7.16302,2516,6.944,2114,7.11],[34,"Braviary",6.88717,1486,4.101,1255,4.221],[35,"Chansey",6.78467,2074,5.724,1702,5.724],[36,"Houndstone",6.7278,1694,4.675,1381,4.644],[37,"Rhyperior",6.62765,2697,7.444,2310,7.769],[38,"Kilowattrel",6.42463,2632,7.264,2221,7.469],[39,"Tentacruel",6.26082,2749,7.587,2311,7.772],[40,"Araquanid",6.17315,3404,9.395,3024,10.17],[41,"Avalugg",6.10979,1987,5.484,1659,5.579],[42,"Thwackey",6.0306,1658,4.576,1516,5.098],[43,"Uxie",6.0275,810,2.236,730,2.455],[44,"Altaria",5.91388,2467,6.809,2029,6.824],[45,"Meloetta",5.86859,1533,4.231,1189,3.999],[46,"Vileplume",4.95113,2054,5.669,1697,5.707],[47,"Toxicroak",4.66545,816,2.252,671,2.257],[48,"Goodra",4.66425,2519,6.952,2049,6.891],[49,"Grimmsnarl",4.60062,969,2.674,824,2.771],[50,"Barraskewda",4.42143,2943,8.123,2402,8.078],[51,"Decidueye",4.18158,1728,4.769,1397,4.698],[52,"Hariyama",4.06475,986,2.721,761,2.559],[53,"Hitmonlee",3.74594,1369,3.778,995,3.346],[54,"Heracross",3.65582,1896,5.233,1449,4.873],[55,"Scrafty",3.65572,2092,5.774,1684,5.663],[56,"Slowbro-Galar",3.60698,1597,4.408,1341,4.51],[57,"Honchkrow",3.43153,482,1.33,404,1.359],[58,"Kingdra",3.42853,672,1.855,561,1.887],[59,"Inteleon",3.38208,1726,4.764,1386,4.661],[60,"Brute Bonnet",3.06829,1028,2.837,798,2.684],[61,"Frosmoth",3.01908,1036,2.859,806,2.711],[62,"Golurk",2.88846,975,2.691,854,2.872],[63,"Hitmontop",2.72047,910,2.512,756,2.543],[64,"Ninetales-Alola",2.673,979,2.702,885,2.976],[65,"Wo-Chien",2.58361,1584,4.372,1333,4.483],[66,"Whimsicott",2.56957,771,2.128,656,2.206],[67,"Rotom-Heat",2.52863,630,1.739,555,1.867],[68,"Hoopa",2.52701,814,2.247,654,2.199],[69,"Mudsdale",2.47748,1042,2.876,925,3.111],[70,"Glimmet",2.2497,375,1.035,333,1.12],[71,"Sandslash-Alola",1.88986,667,1.841,553,1.86],[72,"Drednaw",1.82472,798,2.202,532,1.789],[73,"Decidueye-Hisui",1.75318,524,1.446,420,1.413],[74,"Galvantula",1.70867,1442,3.98,1319,4.436],[75,"Tatsugiri",1.67602,572,1.579,432,1.453],[76,"Porygon2",1.62101,1168,3.224,1055,3.548],[77,"Cramorant",1.56768,364,1.005,312,1.049],[78,"Ditto",1.52138,610,1.684,517,1.739],[79,"Ursaring",1.43335,330,0.911,266,0.895],[80,"Haunter",1.40703,299,0.825,206,0.693],[81,"Delphox",1.3831,359,0.991,286,0.962],[82,"Drifblim",1.37246,514,1.419,387,1.302],[83,"Passimian",1.29947,425,1.173,322,1.083],[84,"Ambipom",1.2861,926,2.556,777,2.613],[85,"Sandaconda",1.2648,523,1.443,425,1.429],[86,"Pawmot",1.22051,613,1.692,463,1.557],[87,"Coalossal",1.11423,528,1.457,480,1.614],[88,"Bastiodon",1.03096,215,0.593,171,0.575],[89,"Bombirdier",1.02235,339,0.936,305,1.026],[90,"Venusaur",0.9717,479,1.322,397,1.335],[91,"Zoroark",0.94712,401,1.107,171,0.575],[92,"Sneasel-Hisui",0.91584,167,0.461,134,0.451],[93,"Snorlax",0.91428,637,1.758,529,1.779],[94,"Weezing",0.91378,277,0.765,229,0.77],[95,"Scovillain",0.8283,338,0.933,245,0.824],[96,"Sceptile",0.82674,411,1.134,303,1.019],[97,"Milotic",0.80371,741,2.045,584,1.964],[98,"Rampardos",0.8002,333,0.919,252,0.848],[99,"Glastrier",0.79001,379,1.046,297,0.999],[100,"Primeape",0.74713,213,0.588,164,0.552],[101,"Dragalge",0.74487,648,1.788,527,1.772],[102,"Glaceon",0.74306,264,0.729,203,0.683],[103,"Indeedee",0.73647,978,2.699,754,2.536],[104,"Naclstack",0.72949,111,0.306,104,0.35],[105,"Amoonguss",0.68866,554,1.529,430,1.446],[106,"Palossand",0.66876,400,1.104,340,1.143],[107,"Avalugg-Hisui",0.64887,331,0.914,290,0.975],[108,"Ludicolo",0.6162,243,0.671,199,0.669],[109,"Hitmonchan",0.61396,300,0.828,233,0.784],[110,"Braviary-Hisui",0.60292,389,1.074,291,0.979],[111,"Tauros-Paldea-Blaze",0.59419,295,0.814,249,0.837],[112,"Magneton",0.5938,244,0.673,221,0.743],[113,"Electrode-Hisui",0.5872,299,0.825,249,0.837],[114,"Shiftry",0.57711,428,1.181,407,1.369],[115,"Carbink",0.55753,295,0.814,213,0.716],[116,"Florges",0.5472,484,1.336,381,1.281],[117,"Dipplin",0.53324,104,0.287,87,0.293],[118,"Typhlosion-Hisui",0.52541,564,1.557,455,1.53],[119,"Poliwrath",0.50516,223,0.615,182,0.612],[120,"Skuntank",0.48238,170,0.469,153,0.515],[121,"Salazzle",0.47898,516,1.424,377,1.268],[122,"Spiritomb",0.44039,155,0.428,129,0.434],[123,"Dachsbun",0.4229,168,0.464,150,0.504],[124,"Smeargle",0.41387,184,0.508,163,0.548],[125,"Mesprit",0.40221,309,0.853,263,0.884],[126,"Orthworm",0.39677,230,0.635,190,0.639],[127,"Abomasnow",0.39056,307,0.847,277,0.932],[128,"Toedscruel",0.38827,189,0.522,134,0.451],[129,"Rotom-Mow",0.3851,188,0.519,161,0.541],[130,"Charizard",0.38325,163,0.45,125,0.42],[131,"Sandslash",0.37037,206,0.569,177,0.595],[132,"Muk",0.36184,229,0.632,192,0.646],[133,"Wooper-Paldea",0.34554,44,0.121,41,0.138],[134,"Lapras",0.33701,225,0.621,171,0.575],[135,"Mabosstiff",0.33199,101,0.279,83,0.279],[136,"Jolteon",0.30627,592,1.634,485,1.631],[137,"Piloswine",0.30089,161,0.444,135,0.454],[138,"Exeggutor-Alola",0.29911,318,0.878,271,0.911],[139,"Persian-Alola",0.27387,66,0.182,62,0.209],[140,"Oricorio",0.273,150,0.414,118,0.397],[141,"Leafeon",0.27004,287,0.792,219,0.737],[142,"Oricorio-Pa'u",0.26886,28,0.077,18,0.061],[143,"Rotom",0.26101,93,0.257,79,0.266],[144,"Cryogonal",0.25564,237,0.654,185,0.622],[145,"Dusknoir",0.25538,329,0.908,273,0.918],[146,"Arboliva",0.25258,198,0.546,151,0.508],[147,"Froslass",0.2355,270,0.745,256,0.861],[148,"Lycanroc",0.23536,271,0.748,231,0.777],[149,"Crabominable",0.23017,149,0.411,127,0.427],[150,"Hattrem",0.22998,231,0.638,207,0.696],[151,"Emboar",0.21891,182,0.502,147,0.494],[152,"Tropius",0.21372,94,0.259,71,0.239],[153,"Komala",0.21255,137,0.378,120,0.404],[154,"Rotom-Fan",0.20634,64,0.177,62,0.209],[155,"Crocalor",0.20524,61,0.168,50,0.168],[156,"Dugtrio",0.18618,35,0.097,26,0.087],[157,"Toucannon",0.18196,46,0.127,41,0.138],[158,"Eelektross",0.18179,288,0.795,234,0.787],[159,"Rhydon",0.17669,233,0.643,173,0.582],[160,"Minior",0.1757,157,0.433,127,0.427],[161,"Gurdurr",0.17522,56,0.155,51,0.172],[162,"Electrode",0.17347,76,0.21,69,0.232],[163,"Shaymin",0.16713,96,0.265,81,0.272],[164,"Lanturn",0.15361,117,0.323,102,0.343],[165,"Tauros",0.14447,71,0.196,65,0.219],[166,"Dugtrio-Alola",0.14367,184,0.508,161,0.541],[167,"Falinks",0.14313,68,0.188,52,0.175],[168,"Floatzel",0.1401,128,0.353,111,0.373],[169,"Regirock",0.13995,212,0.585,181,0.609],[170,"Vikavolt",0.13591,197,0.544,170,0.572],[171,"Regice",0.12749,136,0.375,111,0.373],[172,"Probopass",0.12349,105,0.29,