{"total":23269,"weight":0.233,"data":{"header":["Rank","Pokemon","Usage Percentage","Usage Raw","Usage Raw Percentage","Usage Real","Usage Real Percentage"],"rows":[[1,"Flygon",22.68655,9346,20.083,7521,19.691],[2,"Duraludon",18.57835,6223,13.372,5474,14.332],[3,"Swampert",18.34581,6611,14.206,5934,15.536],[4,"Incineroar",18.04674,8311,17.859,7372,19.301],[5,"Tsareena",16.32628,5982,12.854,4848,12.693],[6,"Vaporeon",14.83635,6161,13.239,5080,13.3],[7,"Tornadus",12.94143,4358,9.364,3665,9.595],[8,"Basculegion",12.82741,4214,9.055,3493,9.145],[9,"Bellibolt",12.24355,4295,9.229,3674,9.619],[10,"Toxtricity",12.05492,5888,12.652,4541,11.889],[11,"Flamigo",11.85441,3926,8.436,3250,8.509],[12,"Cinccino",11.68417,5453,11.717,4213,11.03],[13,"Articuno-Galar",11.56966,3939,8.464,3051,7.988],[14,"Klefki",11.48348,4619,9.925,4151,10.868],[15,"Reuniclus",10.72768,3166,6.803,2510,6.571],[16,"Chandelure",10.46918,6868,14.758,5451,14.271],[17,"Munkidori",10.44017,3792,8.148,3069,8.035],[18,"Brambleghast",10.38416,4457,9.577,3523,9.224],[19,"Copperajah",10.00872,3502,7.525,3011,7.883],[20,"Raikou",10.00629,3904,8.389,3130,8.195],[21,"Meloetta",9.83856,2663,5.722,2106,5.514],[22,"Tauros-Paldea-Aqua",9.79517,3657,7.858,2994,7.839],[23,"Overqwil",9.76532,3452,7.418,2975,7.789],[24,"Gligar",9.23395,3878,8.333,3438,9.001],[25,"Bronzong",9.14382,5237,11.253,4582,11.996],[26,"Staraptor",8.98818,4058,8.72,3411,8.93],[27,"Espeon",8.84013,5349,11.494,4063,10.637],[28,"Scream Tail",8.79922,3712,7.976,3037,7.951],[29,"Dudunsparce",8.67106,3124,6.713,2565,6.715],[30,"Scyther",8.07713,3950,8.488,3066,8.027],[31,"Houndstone",7.80218,2458,5.282,2035,5.328],[32,"Braviary",7.41209,2080,4.469,1749,4.579],[33,"Barraskewda",6.75804,3448,7.409,2825,7.396],[34,"Rhyperior",6.57996,3951,8.49,3279,8.585],[35,"Grafaiai",6.50594,2988,6.421,2260,5.917],[36,"Altaria",6.41587,3265,7.016,2666,6.98],[37,"Tentacruel",6.18263,4257,9.147,3592,9.404],[38,"Sylveon",6.1086,3034,6.519,2355,6.166],[39,"Chansey",5.95028,2457,5.28,2003,5.244],[40,"Infernape",5.71081,4442,9.545,3578,9.368],[41,"Avalugg",5.64425,2439,5.241,1987,5.202],[42,"Decidueye",5.60128,2629,5.649,2067,5.412],[43,"Heracross",5.04583,2460,5.286,1987,5.202],[44,"Hitmonlee",4.92089,1789,3.844,1295,3.39],[45,"Scrafty",4.82336,3541,7.609,2865,7.501],[46,"Wo-Chien",4.71942,2321,4.987,1949,5.103],[47,"Goodra",4.59806,2933,6.302,2409,6.307],[48,"Araquanid",4.49003,3669,7.884,3260,8.535],[49,"Thwackey",4.43466,1994,4.285,1807,4.731],[50,"Vileplume",4.07278,2585,5.555,2102,5.503],[51,"Kilowattrel",3.96466,3009,6.466,2527,6.616],[52,"Toxicroak",3.77524,820,1.762,624,1.634],[53,"Arcanine",3.65371,1293,2.778,1093,2.862],[54,"Drednaw",3.38716,1208,2.596,904,2.367],[55,"Grimmsnarl",3.3188,1107,2.379,961,2.516],[56,"Dragalge",3.23093,1146,2.463,962,2.519],[57,"Brute Bonnet",3.1995,990,2.127,755,1.977],[58,"Uxie",3.09995,758,1.629,663,1.736],[59,"Drifblim",3.01263,910,1.955,656,1.717],[60,"Honchkrow",2.98439,504,1.083,419,1.097],[61,"Ninetales-Alola",2.69312,1575,3.384,1373,3.595],[62,"Frosmoth",2.60404,1266,2.72,878,2.299],[63,"Amoonguss",2.57727,966,2.076,796,2.084],[64,"Inteleon",2.44276,1400,3.008,1115,2.919],[65,"Slowbro-Galar",2.37828,1670,3.588,1316,3.445],[66,"Golurk",2.37452,930,1.998,767,2.008],[67,"Kingdra",2.35364,924,1.985,735,1.924],[68,"Hitmontop",2.33092,856,1.839,702,1.838],[69,"Tatsugiri",2.27273,759,1.631,572,1.498],[70,"Hariyama",2.22779,954,2.05,715,1.872],[71,"Tauros-Paldea-Blaze",2.12978,707,1.519,613,1.605],[72,"Hoopa",2.09086,876,1.882,711,1.861],[73,"Rotom-Heat",2.00095,873,1.876,779,2.04],[74,"Indeedee-F",1.9714,469,1.008,442,1.157],[75,"Porygon2",1.9297,1146,2.463,959,2.511],[76,"Pawmot",1.90203,707,1.519,566,1.482],[77,"Galvantula",1.88553,1866,4.01,1711,4.48],[78,"Ambipom",1.85941,1384,2.974,1194,3.126],[79,"Ursaring",1.83833,419,0.9,349,0.914],[80,"Whimsicott",1.7677,728,1.564,613,1.605],[81,"Mudsdale",1.66038,1105,2.374,978,2.561],[82,"Salazzle",1.42292,1010,2.17,802,2.1],[83,"Decidueye-Hisui",1.28896,550,1.182,476,1.246],[84,"Lapras",1.26954,425,0.913,330,0.864],[85,"Sandslash-Alola",1.26599,709,1.523,571,1.495],[86,"Malamar",1.21616,342,0.735,286,0.749],[87,"Coalossal",1.13421,500,1.074,435,1.139],[88,"Sandaconda",1.12309,616,1.324,491,1.285],[89,"Ludicolo",1.11473,424,0.911,349,0.914],[90,"Ditto",1.08511,593,1.274,447,1.17],[91,"Shiftry",1.05257,480,1.031,411,1.076],[92,"Snorlax",1.05103,747,1.605,645,1.689],[93,"Skuntank",1.03905,290,0.623,245,0.641],[94,"Cramorant",1.03808,533,1.145,433,1.134],[95,"Indeedee",1.01052,983,2.112,777,2.034],[96,"Bombirdier",0.99244,478,1.027,421,1.102],[97,"Milotic",0.93271,931,2.001,796,2.084],[98,"Lurantis",0.91202,370,0.795,296,0.775],[99,"Weezing",0.84461,388,0.834,340,0.89],[100,"Lycanroc",0.81048,424,0.911,372,0.974],[101,"Zoroark",0.75379,643,1.382,281,0.736],[102,"Avalugg-Hisui",0.73499,346,0.743,325,0.851],[103,"Orthworm",0.67608,400,0.86,348,0.911],[104,"Delphox",0.65829,634,1.362,505,1.322],[105,"Typhlosion-Hisui",0.63247,668,1.435,537,1.406],[106,"Jolteon",0.6318,884,1.9,688,1.801],[107,"Komala",0.59469,281,0.604,253,0.662],[108,"Poliwrath",0.57721,221,0.475,182,0.476],[109,"Braviary-Hisui",0.57601,658,1.414,510,1.335],[110,"Regirock",0.57477,346,0.743,285,0.746],[111,"Carbink",0.57042,338,0.726,277,0.725],[112,"Charizard",0.56741,339,0.728,249,0.652],[113,"Toedscruel",0.55861,173,0.372,142,0.372],[114,"Medicham",0.511,178,0.382,140,0.367],[115,"Bastiodon",0.49917,316,0.679,245,0.641],[116,"Persian-Alola",0.49857,126,0.271,112,0.293],[117,"Venusaur",0.44097,538,1.156,423,1.107],[118,"Leafeon",0.42688,328,0.705,258,0.675],[119,"Sceptile",0.4148,538,1.156,439,1.149],[120,"Shaymin",0.40417,212,0.456,181,0.474],[121,"Bruxish",0.40331,266,0.572,218,0.571],[122,"Mesprit",0.39202,196,0.421,173,0.453],[123,"Florges",0.37853,338,0.726,270,0.707],[124,"Gurdurr",0.37131,110,0.236,96,0.251],[125,"Cacturne",0.35342,266,0.572,212,0.555],[126,"Smeargle",0.34253,312,0.67,248,0.649],[127,"Piloswine",0.32735,158,0.34,133,0.348],[128,"Hitmonchan",0.32069,251,0.539,212,0.555],[129,"Rabsca",0.31648,178,0.382,142,0.372],[130,"Arboliva",0.2967,328,0.705,236,0.618],[131,"Rampardos",0.29564,391,0.84,300,0.785],[132,"Vikavolt",0.28271,363,0.78,307,0.804],[133,"Glastrier",0.27736,283,0.608,237,0.62],[134,"Muk",0.27376,197,0.423,185,0.484],[135,"Clawitzer",0.27267,184,0.395,135,0.353],[136,"Magneton",0.27242,300,0.645,250,0.655],[137,"Exeggutor-Alola",0.27019,248,0.533,212,0.555],[138,"Dusclops",0.26345,190,0.408,159,0.416],[139,"Trevenant",0.26323,256,0.55,195,0.511],[140,"Abomasnow",0.26043,272,0.584,249,0.652],[141,"Rhydon",0.25776,395,0.849,329,0.861],[142,"Emboar",0.24071,209,0.449,178,0.466],[143,"Floatzel",0.23584,289,0.621,223,0.584],[144,"Froslass",0.23541,532,1.143,476,1.246],[145,"Minior",0.2309,473,1.016,383,1.003],[146,"Exeggutor",0.22536,237,0.509,193,0.505],[147,"Golem-Alola",0.22051,167,0.359,146,0.382],[148,"Primeape",0.20803,234,0.503,161,0.422],[149,"Sneasel",0.20328,206,0.443,144,0.377],[150,"Oricorio",0.20221,173,0.372,140,0.367],[151,"Dugtrio-Alola",0.20017,215,0.462,189,0.495],[152,"Mismagius",0.19777,285,0.612,229,0.6],[153,"Squawkabilly",0.19713,107,0.23,95,0.249],[154,"Mabosstiff",0.19278,132,0.284,103,0.27],[155,"Toucannon",0.18978,112,0.241,91,0.238],[156,"Rotom-Mow",0.18977,241,0.518,208,0.545],[157,"Sandslash",0.18644,258,0.554,215,0.563],[158,"Qwilfish-Hisui",0.18151,153,0.329,130,0.34],[159,"Slaking",0.18128,166,0.357,136,0.356],[160,"Sableye",0.17576,216,0.464,189,0.495],[161,"Magmortar",0.17255,119,0.256,96,0.251],[162,"Beartic",0.17037,269,0.578,191,0.5],[163,"Dusknoir",0.16862,326,0.701,277,0.725],[164,"Hattrem",0.16283,108,0.232,97,0.254],[165,"Scovillain",0.15976,332,0.713,258,0.675],[166,"Qwilfish",0.15747,132,0.284,115,0.301],[167,"Lanturn",0.15545,154,0.331,126,0.33],[168,"Dipplin",0.15436,114,0.245,92,0.241],[169,"Palossand",0.15412,218,0.468,178,0.466],[170,"Veluza",0.15323,278,0.597,192,0.503],[171,"Glaceon",0.15146,291,0.625,233,0.61],[172,"Probopass",0.15105,