{"total":23442,"weight":0.237,"data":{"header":["Rank","Pokemon","Usage Percentage","Usage Raw","Usage Raw Percentage","Usage Real","Usage Real Percentage"],"rows":[[1,"Duraludon",26.47967,8434,17.989,7282,19.026],[2,"Flygon",20.38959,9587,20.448,7562,19.758],[3,"Incineroar",19.4591,8920,19.026,7837,20.476],[4,"Munkidori",19.36461,6382,13.612,5208,13.607],[5,"Swampert",17.42514,6847,14.604,6198,16.194],[6,"Vaporeon",16.98582,6606,14.09,5409,14.132],[7,"Flamigo",14.73269,4910,10.473,4020,10.503],[8,"Tsareena",14.55472,6379,13.606,5135,13.416],[9,"Cinccino",13.93248,5572,11.885,4294,11.219],[10,"Chandelure",12.85454,7679,16.379,6074,15.87],[11,"Scyther",12.51991,4348,9.274,3498,9.139],[12,"Reuniclus",11.97888,3863,8.239,3020,7.89],[13,"Espeon",11.46315,5557,11.853,4163,10.877],[14,"Bellibolt",11.37179,4874,10.396,4059,10.605],[15,"Gligar",11.36183,4415,9.417,3953,10.328],[16,"Basculegion",11.01741,4796,10.23,3923,10.25],[17,"Copperajah",10.88709,4210,8.98,3593,9.388],[18,"Raikou",10.7836,4778,10.191,3853,10.067],[19,"Dudunsparce",10.77924,3678,7.845,2885,7.538],[20,"Articuno-Galar",10.70255,4100,8.745,3024,7.901],[21,"Tauros-Paldea-Aqua",10.56809,3932,8.387,3234,8.45],[22,"Brambleghast",10.37034,4042,8.621,3194,8.345],[23,"Klefki",10.15592,4807,10.253,4236,11.068],[24,"Grafaiai",9.74894,3529,7.527,2638,6.892],[25,"Tornadus",9.2917,3535,7.54,2864,7.483],[26,"Staraptor",8.98374,3701,7.894,3041,7.945],[27,"Bronzong",8.88103,4859,10.364,4233,11.06],[28,"Rhyperior",8.50047,3647,7.779,3057,7.987],[29,"Sylveon",8.40275,3984,8.498,3121,8.154],[30,"Thwackey",7.55045,2431,5.185,2259,5.902],[31,"Infernape",7.23484,4996,10.656,4031,10.532],[32,"Houndstone",7.10674,2357,5.027,1929,5.04],[33,"Scream Tail",7.02801,2933,6.256,2367,6.184],[34,"Overqwil",6.77197,3316,7.073,2850,7.446],[35,"Uxie",6.0429,2206,4.705,1944,5.079],[36,"Whimsicott",6.03537,1869,3.986,1570,4.102],[37,"Brute Bonnet",6.02511,1330,2.837,959,2.506],[38,"Decidueye",5.99485,2816,6.006,2270,5.931],[39,"Heracross",5.7193,2657,5.667,2045,5.343],[40,"Altaria",5.69704,2942,6.275,2417,6.315],[41,"Braviary",5.5605,2118,4.518,1772,4.63],[42,"Goodra",5.16321,3735,7.966,3007,7.857],[43,"Grimmsnarl",5.13305,1406,2.999,1137,2.971],[44,"Scrafty",5.01004,2328,4.965,1904,4.975],[45,"Meloetta",4.94994,2056,4.385,1558,4.071],[46,"Hitmonlee",4.84201,1904,4.061,1305,3.41],[47,"Wo-Chien",4.83666,1909,4.072,1584,4.139],[48,"Drednaw",4.75247,1621,3.457,1132,2.958],[49,"Avalugg",4.62649,1878,4.006,1502,3.924],[50,"Tentacruel",4.38223,3875,8.265,3207,8.379],[51,"Chansey",4.03697,2584,5.511,2135,5.578],[52,"Golurk",3.19275,1171,2.498,983,2.568],[53,"Vileplume",3.05361,1555,3.317,1273,3.326],[54,"Kilowattrel",2.973,2746,5.857,2204,5.758],[55,"Araquanid",2.94962,3965,8.457,3539,9.246],[56,"Arcanine",2.842,2667,5.689,2179,5.693],[57,"Rotom-Heat",2.69064,848,1.809,757,1.978],[58,"Porygon2",2.5467,993,2.118,847,2.213],[59,"Tatsugiri",2.47697,789,1.683,636,1.662],[60,"Frosmoth",2.3239,1321,2.818,942,2.461],[61,"Galvantula",2.32275,1815,3.871,1662,4.342],[62,"Hariyama",2.22317,862,1.839,655,1.711],[63,"Tauros-Paldea-Blaze",2.11956,657,1.401,539,1.408],[64,"Hitmontop",2.07543,831,1.772,703,1.837],[65,"Lapras",2.02275,434,0.926,350,0.914],[66,"Decidueye-Hisui",1.97101,572,1.22,484,1.265],[67,"Inteleon",1.87068,1635,3.487,1278,3.339],[68,"Dragalge",1.82644,955,2.037,823,2.15],[69,"Drifblim",1.78393,597,1.273,437,1.142],[70,"Ambipom",1.75711,1632,3.481,1411,3.687],[71,"Ninetales-Alola",1.62002,1453,3.099,1224,3.198],[72,"Skuntank",1.50242,333,0.71,294,0.768],[73,"Salazzle",1.48291,1049,2.237,838,2.189],[74,"Shiftry",1.46223,323,0.689,281,0.734],[75,"Venusaur",1.3343,982,2.095,774,2.022],[76,"Hattrem",1.32201,286,0.61,243,0.635],[77,"Slowbro-Galar",1.2503,916,1.954,768,2.007],[78,"Hoopa",1.24645,592,1.263,478,1.249],[79,"Avalugg-Hisui",1.23753,430,0.917,391,1.022],[80,"Indeedee",1.23444,708,1.51,610,1.594],[81,"Delphox",1.13501,570,1.216,449,1.173],[82,"Persian-Alola",1.13324,300,0.64,271,0.708],[83,"Klawf",1.1309,326,0.695,258,0.674],[84,"Kingdra",1.11716,594,1.267,493,1.288],[85,"Zoroark",1.11027,604,1.288,254,0.664],[86,"Scovillain",1.0533,844,1.8,641,1.675],[87,"Pawmot",1.04095,654,1.395,519,1.356],[88,"Sandslash-Alola",1.03816,748,1.595,600,1.568],[89,"Emboar",1.03423,257,0.548,204,0.533],[90,"Snorlax",1.03213,814,1.736,670,1.751],[91,"Coalossal",0.98623,512,1.092,462,1.207],[92,"Grookey",0.95777,291,0.621,279,0.729],[93,"Florges",0.93735,520,1.109,392,1.024],[94,"Mudsdale",0.90091,925,1.973,817,2.135],[95,"Ditto",0.87904,512,1.092,386,1.009],[96,"Ursaring",0.74438,305,0.651,256,0.669],[97,"Jolteon",0.7355,755,1.61,599,1.565],[98,"Amoonguss",0.73432,928,1.979,719,1.879],[99,"Falinks",0.70335,303,0.646,225,0.588],[100,"Weezing",0.69852,397,0.847,359,0.938],[101,"Cramorant",0.66778,390,0.832,336,0.878],[102,"Glastrier",0.64975,387,0.825,303,0.792],[103,"Toxicroak",0.63018,813,1.734,649,1.696],[104,"Vikavolt",0.61558,328,0.7,287,0.75],[105,"Sandaconda",0.56777,452,0.964,405,1.058],[106,"Charizard",0.51617,467,0.996,385,1.006],[107,"Milotic",0.51413,1103,2.353,906,2.367],[108,"Toxtricity",0.48916,222,0.474,170,0.444],[109,"Rotom-Mow",0.46352,483,1.03,395,1.032],[110,"Poliwrath",0.45045,344,0.734,259,0.677],[111,"Arboliva",0.44321,221,0.471,167,0.436],[112,"Lycanroc",0.43699,335,0.715,272,0.711],[113,"Passimian",0.42922,540,1.152,414,1.082],[114,"Bombirdier",0.42271,291,0.621,245,0.64],[115,"Virizion",0.41113,177,0.378,154,0.402],[116,"Oricorio",0.41113,179,0.382,139,0.363],[117,"Malamar",0.40392,286,0.61,204,0.533],[118,"Toedscruel",0.3939,233,0.497,194,0.507],[119,"Qwilfish",0.3864,174,0.371,155,0.405],[120,"Farigiraf",0.36738,158,0.337,129,0.337],[121,"Exeggutor-Alola",0.35695,233,0.497,172,0.449],[122,"Dipplin",0.34663,99,0.211,87,0.227],[123,"Veluza",0.34441,217,0.463,158,0.413],[124,"Bruxish",0.34245,177,0.378,138,0.361],[125,"Typhlosion-Hisui",0.34053,569,1.214,442,1.155],[126,"Mismagius",0.33733,321,0.685,240,0.627],[127,"Qwilfish-Hisui",0.30839,221,0.471,197,0.515],[128,"Braviary-Hisui",0.30744,494,1.054,365,0.954],[129,"Indeedee-F",0.30646,96,0.205,80,0.209],[130,"Tinkatuff",0.30484,79,0.169,66,0.172],[131,"Shaymin",0.29832,303,0.646,244,0.638],[132,"Barraskewda",0.28537,118,0.252,95,0.248],[133,"Rampardos",0.28489,431,0.919,327,0.854],[134,"Orthworm",0.27562,211,0.45,179,0.468],[135,"Muk",0.2733,239,0.51,215,0.562],[136,"Alcremie",0.26484,266,0.567,169,0.442],[137,"Sneasel",0.25806,171,0.365,137,0.358],[138,"Toucannon",0.24645,190,0.405,147,0.384],[139,"Bellossom",0.2413,113,0.241,89,0.233],[140,"Ludicolo",0.2327,191,0.407,157,0.41],[141,"Electrode-Hisui",0.23098,232,0.495,191,0.499],[142,"Floatzel",0.22989,419,0.894,341,0.891],[143,"Crabominable",0.21318,135,0.288,101,0.264],[144,"Bastiodon",0.21155,147,0.314,123,0.321],[145,"Minior",0.21095,479,1.022,357,0.933],[146,"Rhydon",0.20408,348,0.742,305,0.797],[147,"Honchkrow",0.19716,385,0.821,267,0.698],[148,"Vespiquen",0.18737,62,0.132,55,0.144],[149,"Hitmonchan",0.18076,190,0.405,155,0.405],[150,"Clawitzer",0.17394,244,0.52,210,0.549],[151,"Magneton",0.16871,168,0.358,144,0.376],[152,"Dodrio",0.16814,181,0.386,148,0.387],[153,"Cacturne",0.162,207,0.442,172,0.449],[154,"Slaking",0.15904,219,0.467,182,0.476],[155,"Cryogonal",0.15848,246,0.525,198,0.517],[156,"Beartic",0.15535,148,0.316,116,0.303],[157,"Perrserker",0.15307,109,0.232,88,0.23],[158,"Komala",0.14936,132,0.282,115,0.3],[159,"Lanturn",0.14395,162,0.346,130,0.34],[160,"Froslass",0.13615,383,0.817,345,0.901],[161,"Sandslash",0.13582,175,0.373,153,0.4],[162,"Lurantis",0.12875,157,0.335,133,0.347],[163,"Morpeko",0.12144,179,0.382,142,0.371],[164,"Spiritomb",0.11651,110,0.235,96,0.251],[165,"Typhlosion",0.11398,73,0.156,56,0.146],[166,"Trevenant",0.11142,213,0.454,160,0.418],[167,"Spidops",0.11119,119,0.254,91,0.238],[168,"Smeargle",0.10974,102,0.218,77,0.201],[169,"Leafeon",0.10774,430,0.917,343,0.896],[170,"Medicham",0.10693,147,0.314,124,0.324],[171,"Sceptile",0.10631,366,0.781,278,0.726],[172,"Mesprit",0.10405,122,