{"total":6,"data":{"header":["Rank","Pokemon","Usage Percentage","Usage Raw","Usage Raw Percentage"],"rows":[[1,"Hydreigon",33.33333,2,33.333],[2,"Galvantula",16.66667,1,16.667],[3,"Cobalion",16.66667,1,16.667],[4,"Aggron-Mega",16.66667,1,16.667],[5,"Forretress",16.66667,1,16.667]]}}