{"total":3,"weight":0.557,"data":{"header":["Rank","Pokemon","Usage Percentage","Usage Raw","Usage Raw Percentage","Usage Real","Usage Real Percentage"],"rows":[[1,"Gyarados",58.94781,3,50,2,35.294],[2,"Hydreigon",53.5223,3,50,3,52.941],[3,"Conkeldurr",42.39421,2,33.333,2,35.294],[4,"Aggron-Mega",42.39421,2,33.333,2,35.294],[5,"Celebi",42.39421,2,33.333,2,35.294],[6,"Crobat",42.39421,2,33.333,2,35.294],[7,"Roserade",29.9241,2,33.333,2,35.294],[8,"Empoleon",27.68169,2,33.333,1,17.647],[9,"Mienshao",22.25618,2,33.333,2,35.294],[10,"Cresselia",18.79601,1,16.667,1,17.647],[11,"Steelix-Mega",18.79601,1,16.667,1,17.647],[12,"Galvantula",18.79601,1,16.667,1,17.647],[13,"Honchkrow",18.79601,1,16.667,1,17.647],[14,"Donphan",18.79601,1,16.667,1,17.647],[15,"Reuniclus",16.5536,1,16.667,1,17.647],[16,"Houndoom-Mega",16.5536,1,16.667,1,17.647],[17,"Mamoswine",16.5536,1,16.667,1,17.647],[18,"Forretress",16.5536,1,16.667,1,17.647],[19,"Haxorus",11.12809,1,16.667,1,17.647],[20,"Tornadus",11.12809,1,16.667,1,17.647],[21,"Cobalion",11.12809,1,16.667,1,17.647],[22,"Suicune",11.12809,1,16.667,1,17.647],[23,"Whimsicott",11.12809,1,16.667,1,17.647],[24,"Entei",11.12809,1,16.667,1,17.647],[25,"Swampert-Mega",11.12809,1,16.667,1,17.647]]}}