{"total":20602,"weight":0.043,"data":{"header":["Rank","Pokemon","Usage Percentage","Usage Raw","Usage Raw Percentage","Usage Real","Usage Real Percentage"],"rows":[[1,"Flutter Mane",44.17347,12672,30.754,0,0],[2,"Urshifu-Rapid-Strike",35.9408,11019,26.743,0,0],[3,"Incineroar",33.45643,15116,36.686,0,0],[4,"Tornadus",23.96517,7693,18.671,0,0],[5,"Raging Bolt",20.24702,6945,16.855,0,0],[6,"Rillaboom",19.79108,7864,19.086,0,0],[7,"Amoonguss",17.72891,7862,19.081,0,0],[8,"Ogerpon-Hearthflame",16.37394,4920,11.941,0,0],[9,"Chi-Yu",15.54327,2247,5.453,0,0],[10,"Landorus",13.92927,4559,11.064,0,0],[11,"Farigiraf",13.76227,5027,12.2,0,0],[12,"Chien-Pao",13.65375,4099,9.948,0,0],[13,"Indeedee-F",13.14525,5664,13.746,0,0],[14,"Ogerpon-Wellspring",13.03621,4428,10.747,0,0],[15,"Dondozo",12.21302,1997,4.847,0,0],[16,"Tatsugiri",11.8547,1873,4.546,0,0],[17,"Torkoal",11.55178,4810,11.674,0,0],[18,"Urshifu",11.31087,2763,6.706,0,0],[19,"Gholdengo",10.95884,4093,9.934,0,0],[20,"Iron Hands",8.17391,1938,4.703,0,0],[21,"Weezing-Galar",7.66878,1288,3.126,0,0],[22,"Ursaluna",7.40336,3557,8.633,0,0],[23,"Dragonite",7.11403,3450,8.373,0,0],[24,"Archaludon",6.9061,4236,10.281,0,0],[25,"Regidrago",6.64114,2056,4.99,0,0],[26,"Kingambit",6.44347,1802,4.373,0,0],[27,"Whimsicott",6.42842,3923,9.521,0,0],[28,"Annihilape",6.16791,2308,5.601,0,0],[29,"Pelipper",6.05119,3694,8.965,0,0],[30,"Iron Crown",5.72762,2136,5.184,0,0],[31,"Cresselia",5.69607,1672,4.058,0,0],[32,"Hatterene",5.42701,1895,4.599,0,0],[33,"Arcanine-Hisui",5.16521,1964,4.767,0,0],[34,"Ursaluna-Bloodmoon",4.73985,2738,6.645,0,0],[35,"Ting-Lu",4.50242,840,2.039,0,0],[36,"Ninetales-Alola",4.344,2332,5.66,0,0],[37,"Glimmora",4.01525,773,1.876,0,0],[38,"Grimmsnarl",3.96507,1481,3.594,0,0],[39,"Roaring Moon",3.78375,1057,2.565,0,0],[40,"Ogerpon-Cornerstone",3.45514,1034,2.509,0,0],[41,"Scream Tail",3.25123,586,1.422,0,0],[42,"Gouging Fire",3.12562,1467,3.56,0,0],[43,"Landorus-Therian",3.10691,1373,3.332,0,0],[44,"Lilligant-Hisui",3.05396,1139,2.764,0,0],[45,"Articuno",3.00329,1211,2.939,0,0],[46,"Goodra-Hisui",2.92963,548,1.33,0,0],[47,"Smeargle",2.90596,1110,2.694,0,0],[48,"Thundurus",2.6884,715,1.735,0,0],[49,"Sneasler",2.65285,1421,3.449,0,0],[50,"Chesnaught",2.59158,211,0.512,0,0],[51,"Primarina",2.45782,1689,4.099,0,0],[52,"Walking Wake",2.39727,1361,3.303,0,0],[53,"Tyranitar",2.31994,1821,4.419,0,0],[54,"Clefairy",2.30803,836,2.029,0,0],[55,"Iron Bundle",2.13595,712,1.728,0,0],[56,"Iron Moth",2.06226,263,0.638,0,0],[57,"Great Tusk",1.88227,360,0.874,0,0],[58,"Moltres-Galar",1.77149,790,1.917,0,0],[59,"Gothitelle",1.7571,827,2.007,0,0],[60,"Excadrill",1.61866,890,2.16,0,0],[61,"Sinistcha",1.61431,1999,4.851,0,0],[62,"Ninetales",1.58232,752,1.825,0,0],[63,"Basculegion",1.56331,1251,3.036,0,0],[64,"Dragapult",1.55235,1022,2.48,0,0],[65,"Heatran",1.53183,866,2.102,0,0],[66,"Regigigas",1.52633,628,1.524,0,0],[67,"Armarouge",1.50548,1228,2.98,0,0],[68,"Weezing",1.48847,277,0.672,0,0],[69,"Porygon2",1.48686,897,2.177,0,0],[70,"Corviknight",1.45294,715,1.735,0,0],[71,"Oranguru",1.42736,529,1.284,0,0],[72,"Gallade",1.42684,506,1.228,0,0],[73,"Garchomp",1.41824,1290,3.131,0,0],[74,"Maushold",1.37622,1208,2.932,0,0],[75,"Indeedee",1.33555,667,1.619,0,0],[76,"Hydreigon",1.33491,315,0.764,0,0],[77,"Gastrodon",1.33314,807,1.959,0,0],[78,"Toedscruel",1.29135,263,0.638,0,0],[79,"Entei",1.24255,402,0.976,0,0],[80,"Regieleki",1.2073,435,1.056,0,0],[81,"Baxcalibur",1.19907,610,1.48,0,0],[82,"Flamigo",1.15126,485,1.177,0,0],[83,"Arcanine",1.04673,511,1.24,0,0],[84,"Metagross",1.00674,603,1.463,0,0],[85,"Typhlosion-Hisui",0.98352,907,2.201,0,0],[86,"Enamorus",0.91235,122,0.296,0,0],[87,"Sableye",0.89948,571,1.386,0,0],[88,"Zapdos-Galar",0.87485,580,1.408,0,0],[89,"Zapdos",0.79005,238,0.578,0,0],[90,"Magmar",0.73197,262,0.636,0,0],[91,"Okidogi",0.70508,333,0.808,0,0],[92,"Orthworm",0.66149,260,0.631,0,0],[93,"Murkrow",0.65536,751,1.823,0,0],[94,"Pawmot",0.64989,188,0.456,0,0],[95,"Wo-Chien",0.64916,192,0.466,0,0],[96,"Thundurus-Therian",0.61887,204,0.495,0,0],[97,"Zoroark-Hisui",0.61139,943,2.289,0,0],[98,"Registeel",0.59136,378,0.917,0,0],[99,"Electabuzz",0.5906,193,0.468,0,0],[100,"Kommo-o",0.58938,478,1.16,0,0],[101,"Frosmoth",0.56635,152,0.369,0,0],[102,"Bronzong",0.56365,448,1.087,0,0],[103,"Drifblim",0.55739,130,0.316,0,0],[104,"Suicune",0.53783,132,0.32,0,0],[105,"Dusclops",0.53145,414,1.005,0,0],[106,"Klefki",0.51854,118,0.286,0,0],[107,"Enamorus-Therian",0.51585,226,0.548,0,0],[108,"Skeledirge",0.50885,266,0.646,0,0],[109,"Garganacl",0.49043,565,1.371,0,0],[110,"Lapras",0.48284,209,0.507,0,0],[111,"Salamence",0.4808,448,1.087,0,0],[112,"Muk-Alola",0.47696,262,0.636,0,0],[113,"Espathra",0.4499,243,0.59,0,0],[114,"Venusaur",0.44864,495,1.201,0,0],[115,"Perrserker",0.42974,92,0.223,0,0],[116,"Decidueye-Hisui",0.41686,101,0.245,0,0],[117,"Glaceon",0.40372,265,0.643,0,0],[118,"Froslass",0.40191,273,0.663,0,0],[119,"Volcarona",0.38824,616,1.495,0,0],[120,"Copperajah",0.38026,34,0.083,0,0],[121,"Hitmontop",0.37865,332,0.806,0,0],[122,"Comfey",0.37338,275,0.667,0,0],[123,"Araquanid",0.36806,490,1.189,0,0],[124,"Charizard",0.36153,558,1.354,0,0],[125,"Slither Wing",0.3554,146,0.354,0,0],[126,"Gyarados",0.35202,351,0.852,0,0],[127,"Palafin",0.33742,427,1.036,0,0],[128,"Glastrier",0.33644,152,0.369,0,0],[129,"Politoed",0.33534,943,2.289,0,0],[130,"Tsareena",0.3345,145,0.352,0,0],[131,"Ceruledge",0.33412,635,1.541,0,0],[132,"Porygon-Z",0.32332,213,0.517,0,0],[133,"Golurk",0.3219,231,0.561,0,0],[134,"Mimikyu",0.3175,430,1.044,0,0],[135,"Exeggutor",0.31304,136,0.33,0,0],[136,"Meowscarada",0.3127,384,0.932,0,0],[137,"Regice",0.2961,357,0.866,0,0],[138,"Leafeon",0.27927,124,0.301,0,0],[139,"Jumpluff",0.27872,220,0.534,0,0],[140,"Talonflame",0.27464,742,1.801,0,0],[141,"Brute Bonnet",0.27401,295,0.716,0,0],[142,"Ditto",0.26196,140,0.34,0,0],[143,"Blaziken",0.25921,309,0.75,0,0],[144,"Houndstone",0.25861,166,0.403,0,0],[145,"Kilowattrel",0.25653,433,1.051,0,0],[146,"Scovillain",0.25648,74,0.18,0,0],[147,"Iron Thorns",0.25564,68,0.165,0,0],[148,"Abomasnow",0.25227,249,0.604,0,0],[149,"Sylveon",0.24814,552,1.34,0,0],[150,"Iron Boulder",0.24624,122,0.296,0,0],[151,"Brambleghast",0.24086,88,0.214,0,0],[152,"Spectrier",0.22184,96,0.233,0,0],[153,"Scizor",0.21745,471,1.143,0,0],[154,"Clodsire",0.2102,228,0.553,0,0],[155,"Mienshao",0.20535,207,0.502,0,0],[156,"Tinkaton",0.205,198,0.481,0,0],[157,"Milotic",0.20426,532,1.291,0,0],[158,"Hariyama",0.20002,90,0.218,0,0],[159,"Iron Treads",0.19633,136,0.33,0,0],[160,"Clefable",0.19465,240,0.582,0,0],[161,"Cyclizar",0.19297,69,0.167,0,0],[162,"Toxtricity",0.19079,200,0.485,0,0],[163,"Sandy Shocks",0.18801,89,0.216,0,0],[164,"Shiftry",0.18559,168,0.408,0,0],[165,"Staraptor",0.1802,68,0.165,0,0],[166,"Ogerpon",0.17759,201,0.488,0,0],[167,"Sceptile",0.17727,272,0.66,0,0],[168,"Kingdra",0.17455,421,1.022,0,0],[169,"Blissey",0.17453,104,0.252,0,0],[170,"Latios",0.17205,312,0.757,0,0],[171,"Slowking",0.15368,98,0.238,0,0],[172,"Chandelure",0.15291,324,0.786,0,0],[173,"Lycanroc-Dusk",0.15085,67,0.163,0,0],[174,"Rhyperior",0.14985,222,0.539,0,0],[175,"Rabsca",0.14543,129,0.313,0,0],[176,"Slaking",0.14508,371,0.9,0,0],[177,"Torterra",0.13981,89,0.216,0,0],[178,"Iron Valiant",0.13858,366,0.888,0,0],[179,"Haunter",0.1383,8,0.019,0,0],[180,"Terrakion",0.13767,100,0.243,0,0],[181,"Rotom-Frost",0.13715,7,0.017,0,0],[182,"Raichu",0.13445,536,1.301,0,0],[183,"Cinderace",0.13431,124,0.301,0,0],[184,"Pincurchin",0.13418,109,0.265,0,0],[185,"Iron Jugulis",0.13326,115,0.279,0,0],[186,"Scrafty",0.13232,193,0.468,0,0],[187,"Mamoswine",0.12835,329,0.798,0,0],[188,"Vikavolt",0.12529,183,0.444,0,0],[189,"Gliscor",0.12517,185,0.449,0,0],[190,"Empoleon",0.12495,421,1.022,0,0],[191,"Blastoise",0.12465,359,0.871,0,0],[192,"Golem-Alola",0.11817,78,0.189,0,0],[193,"Rotom-Wash",0.11746,502,1.218,0,0],[194,"Meowstic",0.11141,129,0.313,0,0],[195,"Uxie",0.10908,29,0.07,0,0],[196,"Conkeldurr",0.10864,147,0.357,0,0],[197,"Qwilfish-Hisui",