{"total":176392,"data":{"header":["Rank","Pokemon","Usage Percentage","Usage Raw","Usage Raw Percentage"],"rows":[[1,"Landorus-Therian",14.15221,19735,11.188],[2,"Tapu Koko",6.01177,6209,3.52],[3,"Diancie-Mega",4.26109,3675,2.083],[4,"Greninja",4.2025,6906,3.915],[5,"Tornadus-Therian",4.09894,3751,2.127],[6,"Tapu Lele",3.29182,3232,1.832],[7,"Pelipper",3.27961,5785,3.28],[8,"Toxapex",2.99291,2707,1.535],[9,"Excadrill",2.99245,3744,2.123],[10,"Ferrothorn",2.40086,4750,2.693],[11,"Kyurem-Black",2.38409,2183,1.238],[12,"Magearna",2.0177,2622,1.486],[13,"Medicham-Mega",1.95936,2304,1.306],[14,"Sableye-Mega",1.85419,3539,2.006],[15,"Rotom-Wash",1.82473,4144,2.349],[16,"Mew",1.76474,2311,1.31],[17,"Heatran",1.63908,2925,1.658],[18,"Victini",1.564,1983,1.124],[19,"Tapu Fini",1.55737,1893,1.073],[20,"Garchomp",1.52481,3295,1.868],[21,"Charizard-Mega-Y",1.51781,2486,1.409],[22,"Serperior",1.27645,2007,1.138],[23,"Clefable",1.1766,1587,0.9],[24,"Gliscor",1.05654,2279,1.292],[25,"Lopunny-Mega",1.05532,1671,0.947],[26,"Tyranitar-Mega",1.04971,1303,0.739],[27,"Kartana",1.01809,1815,1.029],[28,"Zapdos",0.98417,1828,1.036],[29,"Azelf",0.85454,1039,0.589],[30,"Ribombee",0.82842,2024,1.147],[31,"Weavile",0.76882,1285,0.728],[32,"Hoopa-Unbound",0.7114,532,0.302],[33,"Scizor-Mega",0.69376,843,0.478],[34,"Keldeo",0.62596,741,0.42],[35,"Latias-Mega",0.61177,643,0.365],[36,"Tapu Bulu",0.59657,787,0.446],[37,"Latios",0.57154,412,0.234],[38,"Chansey",0.56999,846,0.48],[39,"Kommo-o",0.56526,852,0.483],[40,"Mawile-Mega",0.54967,624,0.354],[41,"Skarmory",0.54481,1287,0.73],[42,"Mamoswine",0.50539,738,0.418],[43,"Seismitoad",0.48241,397,0.225],[44,"Hippowdon",0.46602,1315,0.745],[45,"Slowbro",0.43655,436,0.247],[46,"Uxie",0.40525,571,0.324],[47,"Swampert-Mega",0.40064,464,0.263],[48,"Thundurus-Therian",0.39399,796,0.451],[49,"Magnezone",0.38386,720,0.408],[50,"Charizard-Mega-X",0.38317,1111,0.63],[51,"Tyranitar",0.38038,1433,0.812],[52,"Blacephalon",0.37292,639,0.362],[53,"Celesteela",0.36268,678,0.384],[54,"Crawdaunt",0.35255,398,0.226],[55,"Araquanid",0.33455,1702,0.965],[56,"Alakazam-Mega",0.29897,548,0.311],[57,"Torkoal",0.29401,1401,0.794],[58,"Jirachi",0.29122,732,0.415],[59,"Bronzong",0.27386,408,0.231],[60,"Volcarona",0.273,895,0.507],[61,"Venusaur-Mega",0.27206,715,0.405],[62,"Cresselia",0.25977,391,0.222],[63,"Latios-Mega",0.25022,184,0.104],[64,"Manectric-Mega",0.2286,605,0.343],[65,"Swampert",0.22711,272,0.154],[66,"Heracross-Mega",0.21991,267,0.151],[67,"Aerodactyl",0.21349,414,0.235],[68,"Garchomp-Mega",0.19935,265,0.15],[69,"Ditto",0.19734,218,0.124],[70,"Smeargle",0.1746,570,0.323],[71,"Hydreigon",0.17321,360,0.204],[72,"Nidoking",0.17264,509,0.289],[73,"Shuckle",0.17226,1169,0.663],[74,"Dugtrio-Alola",0.16468,82,0.046],[75,"Salamence",0.16432,178,0.101],[76,"Dragonite",0.16344,484,0.274],[77,"Manaphy",0.16177,346,0.196],[78,"Beedrill-Mega",0.15704,968,0.549],[79,"Ninetales-Alola",0.15601,795,0.451],[80,"Slowbro-Mega",0.15022,134,0.076],[81,"Pinsir-Mega",0.14308,208,0.118],[82,"Tangrowth",0.14276,301,0.171],[83,"Breloom",0.13449,407,0.231],[84,"Latias",0.12559,117,0.066],[85,"Alomomola",0.11775,90,0.051],[86,"Gyarados-Mega",0.11702,356,0.202],[87,"Azumarill",0.11539,466,0.264],[88,"Volcanion",0.10699,259,0.147],[89,"Carbink",0.10502,111,0.063],[90,"Lycanroc-Dusk",0.10501,183,0.104],[91,"Gastrodon",0.10475,511,0.29],[92,"Galvantula",0.10335,1280,0.726],[93,"Necrozma",0.10239,131,0.074],[94,"Primarina",0.09911,185,0.105],[95,"Bisharp",0.09805,357,0.202],[96,"Camerupt-Mega",0.08795,97,0.055],[97,"Infernape",0.08586,460,0.261],[98,"Zeraora",0.08148,312,0.177],[99,"Reuniclus",0.0776,156,0.088],[100,"Aggron-Mega",0.0741,225,0.128],[101,"Slowking",0.07029,89,0.05],[102,"Scolipede",0.06941,251,0.142],[103,"Rotom-Heat",0.06856,266,0.151],[104,"Accelgor",0.06643,163,0.092],[105,"Cloyster",0.06564,490,0.278],[106,"Muk-Alola",0.06416,373,0.211],[107,"Blissey",0.06368,135,0.077],[108,"Xurkitree",0.06105,581,0.329],[109,"Marowak-Alola",0.06064,144,0.082],[110,"Klefki",0.06034,509,0.289],[111,"Cofagrigus",0.0602,183,0.104],[112,"Mandibuzz",0.06007,141,0.08],[113,"Amoonguss",0.05992,130,0.074],[114,"Nidoqueen",0.05876,144,0.082],[115,"Krookodile",0.05834,394,0.223],[116,"Conkeldurr",0.05753,271,0.154],[117,"Forretress",0.05649,566,0.321],[118,"Kyurem",0.05551,177,0.1],[119,"Aerodactyl-Mega",0.05468,183,0.104],[120,"Togekiss",0.05393,163,0.092],[121,"Nihilego",0.05387,214,0.121],[122,"Suicune",0.05074,74,0.042],[123,"Altaria-Mega",0.05026,95,0.054],[124,"Thundurus",0.04753,283,0.16],[125,"Froslass",0.04678,350,0.198],[126,"Blastoise-Mega",0.04431,94,0.053],[127,"Mudsdale",0.04317,185,0.105],[128,"Absol-Mega",0.04251,192,0.109],[129,"Diggersby",0.04197,112,0.063],[130,"Vivillon",0.0419,109,0.062],[131,"Crustle",0.03873,65,0.037],[132,"Buzzwole",0.0373,145,0.082],[133,"Gardevoir-Mega",0.03634,176,0.1],[134,"Dragalge",0.03572,139,0.079],[135,"Gyarados",0.03531,330,0.187],[136,"Tentacruel",0.03525,177,0.1],[137,"Tornadus",0.0352,52,0.029],[138,"Scizor",0.03364,496,0.281],[139,"Espeon",0.03358,471,0.267],[140,"Staraptor",0.03243,279,0.158],[141,"Gigalith",0.03219,345,0.196],[142,"Golisopod",0.03149,315,0.179],[143,"Cobalion",0.02975,67,0.038],[144,"Ampharos-Mega",0.0297,63,0.036],[145,"Gallade-Mega",0.02964,187,0.106],[146,"Archeops",0.02905,71,0.04],[147,"Froakie",0.02789,17,0.01],[148,"Roserade",0.02759,144,0.082],[149,"Metagross",0.02669,218,0.124],[150,"Jolteon",0.0263,437,0.248],[151,"Piloswine",0.0262,15,0.009],[152,"Mimikyu",0.0257,416,0.236],[153,"Steelix-Mega",0.02498,82,0.046],[154,"Zygarde-10%",0.02456,61,0.035],[155,"Mantine",0.02377,56,0.032],[156,"Crobat",0.02236,387,0.219],[157,"Abomasnow-Mega",0.02228,56,0.032],[158,"Gengar",0.0218,372,0.211],[159,"Ninetales",0.02146,392,0.222],[160,"Sceptile-Mega",0.02009,273,0.155],[161,"Heliolisk",0.02003,79,0.045],[162,"Terrakion",0.01966,34,0.019],[163,"Empoleon",0.01896,150,0.085],[164,"Porygon2",0.0185,293,0.166],[165,"Snorlax",0.01847,189,0.107],[166,"Banette-Mega",0.01829,158,0.09],[167,"Chandelure",0.01802,270,0.153],[168,"Hoopa",0.01767,31,0.018],[169,"Politoed",0.01721,162,0.092],[170,"Diancie",0.01707,29,0.016],[171,"Xatu",0.01671,88,0.05],[172,"Pyukumuku",0.01666,55,0.031],[173,"Hawlucha",0.01661,251,0.142],[174,"Lycanroc",0.01653,47,0.027],[175,"Golduck",0.01635,57,0.032],[176,"Kingdra",0.01596,146,0.083],[177,"Alakazam",0.01594,60,0.034],[178,"Porygon-Z",0.01565,320,0.181],[179,"Darmanitan",0.01561,257,0.146],[180,"Glalie-Mega",0.01541,38,0.022],[181,"Dodrio",0.01534,23,0.013],[182,"Venusaur",0.01496,44,0.025],[183,"Silvally",0.01394,63,0.036],[184,"Talonflame",0.0138,194,0.11],[185,"Heracross",0.01376,45,0.026],[186,"Pikachu",0.01365,238,0.135],[187,"Raikou",0.0136,75,0.043],[188,"Incineroar",0.0136,401,0.227],[189,"Persian-Alola",0.01345,390,0.221],[190,"Stakataka",0.01336,133,0.075],[191,"Druddigon",0.01331,103,0.058],[192,"Pidgeot-Mega",0.01322,237,0.134],[193,"Mienshao",0.01256,140,0.079],[194,"Arcanine",0.01221,297,0.168],[195,"Golem-Alola",0.01201,121,0.069],[196,"Starmie",0.01171,129,0.073],[197,"Donphan",0.01099,195,0.111],[198,"Goodra",0.01097,547,0.31],[199,"Graveler",0.01076,5,0.003],[200,"Swellow",0.01042,100,0.057],[201,"Frogadier",0.01026,5,0.003],[202,"Rhyperior",0.0099,82,0.046],[203,"Moltres",0.00953,50,0.028],[204,"Zoroark",0.00934,80,0.045],[205,"Eelektross",0.00923,166,0.094],[206,"Cradily",0.00896,105,0.06],[207,"Kabutops",0.00839,30,0.017],[208,"Bunnelby",0.0081,11,0.006],[209,"Milotic",0.00794,233,0.132],[210,"Meloetta",0.00791,113,0.064],[211,"Entei",0.00752,31,0.018],[212,"Feraligatr",0.00751,68,0.039],[213,"Quagsire",0.00715,100,0.057],[214,"Mesprit",0.00637,20,0.011],[215,"Whimsicott",0.00609,292,0.166],[216,"Salazzle",0.0057,204,0.116],[217,"Drapion",0.00558,56,0.032],[218,"Machamp",0.00558,119,0.067],[219,"Slurpuff",0.0053,306,0.173],[220,"Scrafty",0.005,33,0.019],[221,"Spinda",0.00491,9,0.005],[222,"Blastoise",0.00491,53,0.03],[223,"Gardevoir",0.00479,86,0.049],[224,"Rhydon",0.00474,50,