{"total":181854,"data":{"header":["Rank","Pokemon","Usage Percentage","Usage Raw","Usage Raw Percentage"],"rows":[[1,"Landorus-Therian",13.11812,19982,10.988],[2,"Tapu Koko",6.17393,7213,3.966],[3,"Greninja",4.33719,7144,3.928],[4,"Tornadus-Therian",4.17151,3899,2.144],[5,"Tapu Lele",4.00231,3781,2.079],[6,"Diancie-Mega",3.56608,3871,2.129],[7,"Pelipper",2.69163,6065,3.335],[8,"Toxapex",2.45255,2570,1.413],[9,"Sableye-Mega",2.43218,3444,1.894],[10,"Heatran",2.39317,3391,1.865],[11,"Medicham-Mega",2.33884,2396,1.318],[12,"Ferrothorn",2.30213,5329,2.93],[13,"Magearna",2.0679,2424,1.333],[14,"Rotom-Wash",2.06017,4334,2.383],[15,"Victini",2.0393,2392,1.315],[16,"Kyurem-Black",1.99169,2121,1.166],[17,"Excadrill",1.86683,3294,1.811],[18,"Charizard-Mega-Y",1.61976,2354,1.294],[19,"Garchomp",1.59967,3217,1.769],[20,"Mew",1.5231,1641,0.902],[21,"Clefable",1.32416,1910,1.05],[22,"Tapu Fini",1.27088,1723,0.947],[23,"Serperior",1.22816,2465,1.355],[24,"Azelf",1.21471,1178,0.648],[25,"Kartana",1.13331,1889,1.039],[26,"Zapdos",1.09518,1878,1.033],[27,"Gliscor",1.01853,2318,1.275],[28,"Keldeo",0.99633,794,0.437],[29,"Lopunny-Mega",0.87514,1753,0.964],[30,"Tyranitar-Mega",0.84315,1253,0.689],[31,"Hippowdon",0.83451,1408,0.774],[32,"Weavile",0.77869,1138,0.626],[33,"Tapu Bulu",0.72171,888,0.488],[34,"Thundurus-Therian",0.70126,767,0.422],[35,"Scizor-Mega",0.68188,840,0.462],[36,"Kommo-o",0.63271,1238,0.681],[37,"Mawile-Mega",0.56127,683,0.376],[38,"Tyranitar",0.55723,1395,0.767],[39,"Salamence",0.55681,388,0.213],[40,"Hoopa-Unbound",0.53412,597,0.328],[41,"Chansey",0.53348,951,0.523],[42,"Ribombee",0.51988,1610,0.885],[43,"Beedrill-Mega",0.49849,1524,0.838],[44,"Seismitoad",0.46913,546,0.3],[45,"Jirachi",0.45254,887,0.488],[46,"Shuckle",0.44649,1384,0.761],[47,"Charizard-Mega-X",0.4222,1064,0.585],[48,"Uxie",0.41633,742,0.408],[49,"Slowbro",0.41058,381,0.21],[50,"Magnezone",0.3908,770,0.423],[51,"Blacephalon",0.39019,740,0.407],[52,"Latias-Mega",0.38269,374,0.206],[53,"Manectric-Mega",0.36697,616,0.339],[54,"Venusaur-Mega",0.36335,745,0.41],[55,"Celesteela",0.32726,690,0.379],[56,"Alakazam-Mega",0.3241,775,0.426],[57,"Skarmory",0.31719,1452,0.798],[58,"Swampert-Mega",0.31381,529,0.291],[59,"Latios",0.29281,251,0.138],[60,"Torkoal",0.28428,1381,0.759],[61,"Ditto",0.28348,302,0.166],[62,"Manaphy",0.24897,255,0.14],[63,"Cloyster",0.24027,446,0.245],[64,"Volcarona",0.2377,899,0.494],[65,"Araquanid",0.23363,1707,0.939],[66,"Primarina",0.23321,445,0.245],[67,"Diggersby",0.22591,176,0.097],[68,"Muk-Alola",0.2153,291,0.16],[69,"Slowbro-Mega",0.2132,166,0.091],[70,"Azumarill",0.2059,362,0.199],[71,"Mamoswine",0.20367,673,0.37],[72,"Pinsir-Mega",0.1847,224,0.123],[73,"Dragonite",0.18438,556,0.306],[74,"Zeraora",0.17984,464,0.255],[75,"Latios-Mega",0.17613,194,0.107],[76,"Ninetales-Alola",0.17563,869,0.478],[77,"Nidoking",0.16784,555,0.305],[78,"Xurkitree",0.16655,539,0.296],[79,"Bisharp",0.16571,352,0.194],[80,"Heracross-Mega",0.165,169,0.093],[81,"Breloom",0.1635,611,0.336],[82,"Cresselia",0.15633,348,0.191],[83,"Crawdaunt",0.15294,327,0.18],[84,"Swampert",0.1509,228,0.125],[85,"Lycanroc",0.14297,116,0.064],[86,"Marowak-Alola",0.1352,262,0.144],[87,"Aerodactyl",0.1293,285,0.157],[88,"Tangrowth",0.12797,338,0.186],[89,"Volcanion",0.12711,260,0.143],[90,"Porygon2",0.12488,492,0.271],[91,"Garchomp-Mega",0.12469,242,0.133],[92,"Pidgeot-Mega",0.11456,289,0.159],[93,"Gyarados-Mega",0.11444,293,0.161],[94,"Smeargle",0.11101,548,0.301],[95,"Krookodile",0.10519,358,0.197],[96,"Mimikyu",0.09915,407,0.224],[97,"Hydreigon",0.09077,289,0.159],[98,"Steelix-Mega",0.08596,108,0.059],[99,"Camerupt-Mega",0.07947,98,0.054],[100,"Kyurem",0.07695,86,0.047],[101,"Gastrodon",0.07617,186,0.102],[102,"Archeops",0.07589,179,0.098],[103,"Politoed",0.07264,326,0.179],[104,"Galvantula",0.06973,1158,0.637],[105,"Gengar",0.06956,470,0.258],[106,"Milotic",0.06909,431,0.237],[107,"Rotom-Heat",0.06887,380,0.209],[108,"Klefki",0.06876,359,0.197],[109,"Necrozma",0.06753,95,0.052],[110,"Gardevoir-Mega",0.06515,203,0.112],[111,"Amoonguss",0.06222,176,0.097],[112,"Forretress",0.05954,549,0.302],[113,"Aerodactyl-Mega",0.05846,165,0.091],[114,"Thundurus",0.05618,216,0.119],[115,"Altaria-Mega",0.05469,96,0.053],[116,"Nihilego",0.05248,249,0.137],[117,"Slowking",0.05242,86,0.047],[118,"Dugtrio-Alola",0.05173,50,0.027],[119,"Nidoqueen",0.04971,251,0.138],[120,"Reuniclus",0.04942,146,0.08],[121,"Aggron-Mega",0.0492,363,0.2],[122,"Suicune",0.04743,112,0.062],[123,"Blastoise-Mega",0.04633,133,0.073],[124,"Espeon",0.04623,433,0.238],[125,"Raikou",0.04513,44,0.024],[126,"Cofagrigus",0.04365,251,0.138],[127,"Terrakion",0.04267,118,0.065],[128,"Gigalith",0.0411,239,0.131],[129,"Alomomola",0.03655,37,0.02],[130,"Scizor",0.03643,345,0.19],[131,"Togekiss",0.03593,192,0.106],[132,"Carbink",0.03589,86,0.047],[133,"Infernape",0.03554,479,0.263],[134,"Bronzong",0.03531,563,0.31],[135,"Golisopod",0.03489,277,0.152],[136,"Staraptor",0.03326,285,0.157],[137,"Scolipede",0.033,271,0.149],[138,"Gyarados",0.03204,192,0.106],[139,"Empoleon",0.02849,178,0.098],[140,"Buzzwole",0.02759,118,0.065],[141,"Gardevoir",0.02725,175,0.096],[142,"Latias",0.02692,79,0.043],[143,"Vivillon",0.02678,128,0.07],[144,"Starmie",0.02609,194,0.107],[145,"Salazzle",0.02577,275,0.151],[146,"Sceptile-Mega",0.02568,162,0.089],[147,"Gallade-Mega",0.02548,214,0.118],[148,"Conkeldurr",0.02537,267,0.147],[149,"Blissey",0.025,162,0.089],[150,"Glalie-Mega",0.02384,74,0.041],[151,"Swellow",0.02152,128,0.07],[152,"Porygon-Z",0.02114,237,0.13],[153,"Tornadus",0.02114,68,0.037],[154,"Mantine",0.02059,108,0.059],[155,"Froslass",0.02028,434,0.239],[156,"Silvally",0.01999,63,0.035],[157,"Ursaring",0.01993,53,0.029],[158,"Mandibuzz",0.01965,44,0.024],[159,"Ninetales",0.01951,301,0.166],[160,"Hoopa",0.01947,8,0.004],[161,"Crobat",0.01936,253,0.139],[162,"Piloswine",0.01862,53,0.029],[163,"Goodra",0.0179,360,0.198],[164,"Darmanitan",0.01599,407,0.224],[165,"Golem-Alola",0.01592,44,0.024],[166,"Mudsdale",0.01567,174,0.096],[167,"Komala",0.01542,62,0.034],[168,"Tyrantrum",0.01527,84,0.046],[169,"Accelgor",0.01515,60,0.033],[170,"Rhyperior",0.01463,102,0.056],[171,"Stakataka",0.01436,125,0.069],[172,"Sharpedo-Mega",0.01374,60,0.033],[173,"Abomasnow",0.01308,25,0.014],[174,"Slurpuff",0.0126,165,0.091],[175,"Lapras",0.01252,121,0.067],[176,"Hawlucha",0.0124,188,0.103],[177,"Frogadier",0.01227,5,0.003],[178,"Abomasnow-Mega",0.01225,49,0.027],[179,"Blastoise",0.01221,100,0.055],[180,"Absol-Mega",0.01184,340,0.187],[181,"Electrode",0.01176,154,0.085],[182,"Wigglytuff",0.01117,59,0.032],[183,"Diancie",0.0111,108,0.059],[184,"Banette-Mega",0.01066,89,0.049],[185,"Incineroar",0.01045,500,0.275],[186,"Druddigon",0.01039,111,0.061],[187,"Glaceon",0.01034,23,0.013],[188,"Feraligatr",0.0098,92,0.051],[189,"Dragalge",0.00931,53,0.029],[190,"Donphan",0.00876,147,0.081],[191,"Moltres",0.00864,124,0.068],[192,"Ampharos-Mega",0.00845,52,0.029],[193,"Jellicent",0.00794,83,0.046],[194,"Yanmega",0.00747,94,0.052],[195,"Armaldo",0.00739,81,0.045],[196,"Roserade",0.00697,183,0.101],[197,"Golduck",0.00688,31,0.017],[198,"Metagross",0.00665,251,0.138],[199,"Quagsire",0.00636,56,0.031],[200,"Kricketune",0.00622,29,0.016],[201,"Tentacruel",0.00618,180,0.099],[202,"Zygarde-10%",0.00617,18,0.01],[203,"Tsareena",0.00613,50,0.027],[204,"Graveler",0.00602,5,0.003],[205,"Mienshao",0.006,138,0.076],[206,"Stunfisk",0.0059,22,0.012],[207,"Claydol",0.00583,35,0.019],[208,"Linoone",0.00566,73,0.04],[209,"Kingdra",0.00563,75,0.041],[210,"Venomoth",0.00548,75,0.041],[211,"Slaking",0.00545,48,0.026],[212,"Luxray",0.00538,38,0.021],[213,"Chesnaught",0.00532,30,0.016],[214,"Celebi",0.00524,94,0.052],[215,"Alakazam",0.00511,77,0.042],[216,"Drapion",0.00505,100,0.055],[217,"Drampa",0.00503,50,0.027],[218,"Arcanine",0.005,169,0.093],[219,"Manectric",0.00489,27,0.015],[220,"Silvally-Ground",0.00487,5,0.003],[221,"Lanturn",0.00471,28,0.015],[222,"Entei",0.00468,20,0.011],[223,"Chandelure",0.00465,255,0.14],[224,"Shaymin",