{"total":157664,"data":{"header":["Rank","Pokemon","Usage Percentage","Usage Raw","Usage Raw Percentage"],"rows":[[1,"Landorus-Therian",12.5038,15828,10.039],[2,"Tapu Koko",6.92753,6632,4.206],[3,"Greninja",4.99162,6105,3.872],[4,"Diancie-Mega",3.45319,3483,2.209],[5,"Tornadus-Therian",3.40958,2856,1.811],[6,"Pelipper",3.3238,6279,3.983],[7,"Tapu Lele",3.31866,2938,1.863],[8,"Sableye-Mega",2.61369,3679,2.333],[9,"Toxapex",2.47636,2300,1.459],[10,"Magearna",2.24797,2170,1.376],[11,"Heatran",2.15315,2626,1.666],[12,"Rotom-Wash",1.99883,3202,2.031],[13,"Excadrill",1.95226,2976,1.888],[14,"Mew",1.92916,2704,1.715],[15,"Kyurem-Black",1.89936,1921,1.218],[16,"Victini",1.88467,2107,1.336],[17,"Medicham-Mega",1.81431,1842,1.168],[18,"Charizard-Mega-Y",1.77942,2296,1.456],[19,"Ferrothorn",1.49105,4072,2.583],[20,"Azelf",1.44593,1186,0.752],[21,"Garchomp",1.43362,2760,1.751],[22,"Kartana",1.34493,1643,1.042],[23,"Tapu Fini",1.31218,1608,1.02],[24,"Zapdos",1.21878,1608,1.02],[25,"Serperior",1.17762,1828,1.159],[26,"Weavile",1.1489,1095,0.695],[27,"Clefable",1.0953,1791,1.136],[28,"Lopunny-Mega",1.00165,1389,0.881],[29,"Hippowdon",0.99416,1273,0.807],[30,"Tapu Bulu",0.95692,899,0.57],[31,"Gliscor",0.92272,1999,1.268],[32,"Keldeo",0.82746,667,0.423],[33,"Tyranitar-Mega",0.78506,1197,0.759],[34,"Swampert-Mega",0.72497,610,0.387],[35,"Scizor-Mega",0.68964,769,0.488],[36,"Kommo-o",0.68185,928,0.589],[37,"Ribombee",0.63462,1932,1.225],[38,"Tyranitar",0.61263,1339,0.849],[39,"Chansey",0.55085,874,0.554],[40,"Mawile-Mega",0.54052,547,0.347],[41,"Torkoal",0.53805,1391,0.882],[42,"Ditto",0.50551,338,0.214],[43,"Blacephalon",0.50299,645,0.409],[44,"Uxie",0.48928,788,0.5],[45,"Magnezone",0.48568,755,0.479],[46,"Seismitoad",0.46988,538,0.341],[47,"Latios",0.411,344,0.218],[48,"Latias-Mega",0.38826,434,0.275],[49,"Pinsir-Mega",0.36707,288,0.183],[50,"Aerodactyl",0.36338,475,0.301],[51,"Charizard-Mega-X",0.36131,994,0.63],[52,"Shuckle",0.35545,1053,0.668],[53,"Ninetales-Alola",0.34982,990,0.628],[54,"Beedrill-Mega",0.34764,1147,0.727],[55,"Venusaur-Mega",0.3463,627,0.398],[56,"Slowbro",0.3387,372,0.236],[57,"Skarmory",0.33312,948,0.601],[58,"Jirachi",0.32843,583,0.37],[59,"Galvantula",0.31959,1255,0.796],[60,"Hoopa-Unbound",0.3117,387,0.245],[61,"Celesteela",0.30735,590,0.374],[62,"Alakazam-Mega",0.28031,531,0.337],[63,"Araquanid",0.26871,1007,0.639],[64,"Breloom",0.25494,564,0.358],[65,"Manaphy",0.24395,270,0.171],[66,"Volcarona",0.24202,776,0.492],[67,"Cresselia",0.24076,277,0.176],[68,"Manectric-Mega",0.24048,486,0.308],[69,"Politoed",0.23231,305,0.193],[70,"Garchomp-Mega",0.22754,225,0.143],[71,"Smeargle",0.22709,703,0.446],[72,"Mamoswine",0.20879,665,0.422],[73,"Zeraora",0.20815,325,0.206],[74,"Heracross-Mega",0.20799,169,0.107],[75,"Swampert",0.1942,285,0.181],[76,"Thundurus-Therian",0.19119,411,0.261],[77,"Slowbro-Mega",0.19024,152,0.096],[78,"Hydreigon",0.16416,334,0.212],[79,"Gastrodon",0.15745,185,0.117],[80,"Nidoking",0.14972,577,0.366],[81,"Crawdaunt",0.14723,266,0.169],[82,"Azumarill",0.14409,355,0.225],[83,"Froslass",0.1342,273,0.173],[84,"Dragonite",0.12645,371,0.235],[85,"Muk-Alola",0.11957,295,0.187],[86,"Nidoqueen",0.11412,177,0.112],[87,"Gyarados-Mega",0.11262,288,0.183],[88,"Volcanion",0.10499,237,0.15],[89,"Scizor",0.10449,343,0.218],[90,"Gallade-Mega",0.1035,152,0.096],[91,"Scolipede",0.09852,256,0.162],[92,"Camerupt-Mega",0.0969,96,0.061],[93,"Kyurem",0.09638,79,0.05],[94,"Buzzwole",0.096,135,0.086],[95,"Alomomola",0.09451,110,0.07],[96,"Gengar",0.08927,297,0.188],[97,"Darmanitan",0.08725,343,0.218],[98,"Latios-Mega",0.08399,112,0.071],[99,"Krookodile",0.0827,238,0.151],[100,"Tangrowth",0.08018,224,0.142],[101,"Glalie-Mega",0.07671,178,0.113],[102,"Reuniclus",0.07398,158,0.1],[103,"Xurkitree",0.07279,291,0.185],[104,"Bisharp",0.0721,291,0.185],[105,"Bronzong",0.06908,431,0.273],[106,"Suicune",0.06404,88,0.056],[107,"Aggron-Mega",0.06297,215,0.136],[108,"Nihilego",0.06254,164,0.104],[109,"Lycanroc-Dusk",0.0614,166,0.105],[110,"Gardevoir-Mega",0.06041,166,0.105],[111,"Conkeldurr",0.06019,279,0.177],[112,"Infernape",0.05961,404,0.256],[113,"Klefki",0.05941,333,0.211],[114,"Staraptor",0.05893,312,0.198],[115,"Aerodactyl-Mega",0.05758,163,0.103],[116,"Steelix-Mega",0.05752,117,0.074],[117,"Marowak-Alola",0.05691,130,0.082],[118,"Raikou",0.05317,93,0.059],[119,"Diggersby",0.05261,94,0.06],[120,"Rotom-Heat",0.05206,292,0.185],[121,"Blissey",0.05121,193,0.122],[122,"Gyarados",0.05093,264,0.167],[123,"Empoleon",0.05076,135,0.086],[124,"Starmie",0.04913,197,0.125],[125,"Altaria-Mega",0.04813,85,0.054],[126,"Cloyster",0.04722,440,0.279],[127,"Terrakion",0.0467,109,0.069],[128,"Amoonguss",0.04658,129,0.082],[129,"Salamence",0.04639,134,0.085],[130,"Forretress",0.04569,593,0.376],[131,"Carbink",0.04244,70,0.044],[132,"Cofagrigus",0.04229,268,0.17],[133,"Druddigon",0.04041,104,0.066],[134,"Slowking",0.03864,77,0.049],[135,"Necrozma",0.03578,42,0.027],[136,"Porygon-Z",0.0332,215,0.136],[137,"Crobat",0.03291,259,0.164],[138,"Vivillon",0.03271,84,0.053],[139,"Mimikyu",0.03128,241,0.153],[140,"Espeon",0.03028,473,0.3],[141,"Togedemaru",0.02999,95,0.06],[142,"Togekiss",0.02886,164,0.104],[143,"Pidgeot-Mega",0.02802,129,0.082],[144,"Latias",0.02773,77,0.049],[145,"Mantine",0.02766,66,0.042],[146,"Cobalion",0.02531,87,0.055],[147,"Piloswine",0.02489,17,0.011],[148,"Mandibuzz",0.02487,53,0.034],[149,"Hawlucha",0.02439,198,0.126],[150,"Diancie",0.02349,67,0.042],[151,"Lycanroc",0.02298,82,0.052],[152,"Kingdra",0.02174,66,0.042],[153,"Froakie",0.02153,8,0.005],[154,"Tentacruel",0.02116,67,0.042],[155,"Incineroar",0.02051,473,0.3],[156,"Mienshao",0.02049,139,0.088],[157,"Blastoise-Mega",0.02022,200,0.127],[158,"Snorlax",0.01936,172,0.109],[159,"Masquerain",0.01742,142,0.09],[160,"Decidueye",0.0172,67,0.042],[161,"Milotic",0.01512,184,0.117],[162,"Absol-Mega",0.01502,244,0.155],[163,"Stakataka",0.01465,89,0.056],[164,"Stunfisk",0.01427,32,0.02],[165,"Omastar",0.01418,49,0.031],[166,"Porygon2",0.01347,218,0.138],[167,"Golem-Alola",0.0134,41,0.026],[168,"Sceptile-Mega",0.01299,94,0.06],[169,"Charizard",0.01295,34,0.022],[170,"Sigilyph",0.01284,32,0.02],[171,"Alakazam",0.01266,65,0.041],[172,"Thundurus",0.01244,184,0.117],[173,"Lanturn",0.012,17,0.011],[174,"Golisopod",0.01176,120,0.076],[175,"Salazzle",0.01174,199,0.126],[176,"Stoutland",0.01105,28,0.018],[177,"Noivern",0.01099,128,0.081],[178,"Abomasnow-Mega",0.01038,48,0.03],[179,"Ampharos-Mega",0.00998,72,0.046],[180,"Vaporeon",0.00983,105,0.067],[181,"Metagross",0.0098,168,0.107],[182,"Donphan",0.00953,148,0.094],[183,"Exeggutor-Alola",0.00922,53,0.034],[184,"Shedinja",0.00905,55,0.035],[185,"Jolteon",0.00894,491,0.311],[186,"Ninetales",0.00891,164,0.104],[187,"Sharpedo-Mega",0.00878,41,0.026],[188,"Primarina",0.00863,126,0.08],[189,"Comfey",0.00814,43,0.027],[190,"Goodra",0.00781,257,0.163],[191,"Accelgor",0.00779,64,0.041],[192,"Blastoise",0.00772,83,0.053],[193,"Chandelure",0.00762,152,0.096],[194,"Meowstic",0.00729,73,0.046],[195,"Quagsire",0.00712,46,0.029],[196,"Arcanine",0.00712,153,0.097],[197,"Aggron",0.00693,35,0.022],[198,"Palossand",0.00673,31,0.02],[199,"Roserade",0.00635,109,0.069],[200,"Pyukumuku",0.00634,35,0.022],[201,"Talonflame",0.00622,165,0.105],[202,"Rhyperior",0.00616,209,0.133],[203,"Slurpuff",0.00613,247,0.157],[204,"Drampa",0.00611,37,0.023],[205,"Haxorus",0.00592,58,0.037],[206,"Combusken",0.00591,5,0.003],[207,"Cradily",0.00556,51,0.032],[208,"Houndoom-Mega",0.00543,34,0.022],[209,"Celebi",0.0054,75,0.048],[210,"Gallade",0.00537,19,0.012],[211,"Noctowl",0.00537,12,0.008],[212,"Hoopa",0.00536,5,0.003],[213,"Dodrio",0.00523,101,0.064],[214,"Venusaur",0.00521,49,0.031],[215,"Jellicent",0.00517,83,0.053],[216,"Feraligatr",0.00509,56,0.036],[217,"Weezing",0.00485,58,0.037],[218,"Sneasel",0.00463,5,0.003],[219,"Shaymin",0.00463,11,0.007],[220,"Vikavolt",0.00461,91,0.058],[221,"Zoroark",0.00445,190,0.121],[222,"Silvally-Ground",0.00416,7,0.004],[223,"Turtonator",0.00402,52,0.033],[224,"Pikachu",0.00397,