{"total":26486,"data":{"header":["Rank","Pokemon","Usage Percentage","Usage Raw","Usage Raw Percentage"],"rows":[[1,"Mesprit",4.37966,1067,4.029],[2,"Liepard",4.27211,1089,4.112],[3,"Archeops",3.98539,902,3.406],[4,"Scyther",3.85666,853,3.221],[5,"Steelix",3.69008,937,3.538],[6,"Regirock",2.87482,733,2.767],[7,"Malamar",2.59104,669,2.526],[8,"Claydol",2.37547,649,2.45],[9,"Cradily",2.33731,573,2.163],[10,"Miltank",1.96938,485,1.831],[11,"Rhydon",1.957,491,1.854],[12,"Garbodor",1.93697,505,1.907],[13,"Ferroseed",1.87812,474,1.79],[14,"Weezing",1.77401,496,1.873],[15,"Rotom",1.68063,371,1.401],[16,"Hariyama",1.64754,406,1.533],[17,"Smeargle",1.63249,373,1.408],[18,"Magmortar",1.61557,398,1.503],[19,"Mismagius",1.52656,415,1.567],[20,"Vivillon",1.41353,389,1.469],[21,"Aggron",1.408,400,1.51],[22,"Hitmonchan",1.3951,387,1.461],[23,"Xatu",1.36407,372,1.405],[24,"Torterra",1.31141,345,1.303],[25,"Golurk",1.30472,337,1.272],[26,"Sandslash",1.27411,336,1.269],[27,"Charizard",1.2709,367,1.386],[28,"Lanturn",1.19798,295,1.114],[29,"Primeape",1.14741,305,1.152],[30,"Manectric",1.0522,262,0.989],[31,"Omastar",1.0367,274,1.035],[32,"Gastrodon",1.00158,228,0.861],[33,"Aurorus",0.9841,266,1.004],[34,"Pyroar",0.95363,247,0.933],[35,"Electivire",0.87815,259,0.978],[36,"Swellow",0.87088,238,0.899],[37,"Piloswine",0.85138,223,0.842],[38,"Tauros",0.78413,194,0.732],[39,"Kecleon",0.76738,233,0.88],[40,"Ludicolo",0.73582,217,0.819],[41,"Klinklang",0.61362,154,0.581],[42,"Zangoose",0.59655,185,0.698],[43,"Kangaskhan",0.5952,137,0.517],[44,"Abomasnow",0.58245,152,0.574],[45,"Audino-Mega",0.57096,203,0.766],[46,"Crustle",0.56458,143,0.54],[47,"Vileplume",0.54948,148,0.559],[48,"Barbaracle",0.5484,156,0.589],[49,"Jynx",0.54242,148,0.559],[50,"Haunter",0.53733,151,0.57],[51,"Pinsir",0.53376,145,0.547],[52,"Skuntank",0.5172,138,0.521],[53,"Mantine",0.50385,156,0.589],[54,"Gurdurr",0.49459,124,0.468],[55,"Carracosta",0.48529,134,0.506],[56,"Torkoal",0.48204,122,0.461],[57,"Ariados",0.46788,162,0.612],[58,"Samurott",0.44039,118,0.446],[59,"Shiftry",0.42566,121,0.457],[60,"Golem",0.41877,111,0.419],[61,"Kabutops",0.39764,126,0.476],[62,"Poliwrath",0.37736,108,0.408],[63,"Lilligant",0.34103,106,0.4],[64,"Raichu",0.34004,95,0.359],[65,"Quagsire",0.32768,74,0.279],[66,"Carbink",0.31927,103,0.389],[67,"Combusken",0.31374,79,0.298],[68,"Drifblim",0.30523,96,0.362],[69,"Electrode",0.29418,101,0.381],[70,"Exeggutor",0.29388,96,0.362],[71,"Clefairy",0.28785,76,0.287],[72,"Trevenant",0.28466,71,0.268],[73,"Gigalith",0.27798,77,0.291],[74,"Chatot",0.26928,102,0.385],[75,"Throh",0.26503,80,0.302],[76,"Leavanny",0.26279,72,0.272],[77,"Floatzel",0.26192,72,0.272],[78,"Dusknoir",0.26008,67,0.253],[79,"Persian",0.25944,84,0.317],[80,"Ninjask",0.23635,77,0.291],[81,"Monferno",0.22527,49,0.185],[82,"Regigigas",0.21434,67,0.253],[83,"Pikachu",0.21287,57,0.215],[84,"Musharna",0.21233,62,0.234],[85,"Probopass",0.21026,64,0.242],[86,"Bastiodon",0.20212,62,0.234],[87,"Vibrava",0.19848,32,0.121],[88,"Machoke",0.19837,62,0.234],[89,"Shedinja",0.19583,56,0.211],[90,"Marowak",0.19538,54,0.204],[91,"Linoone",0.19343,53,0.2],[92,"Frogadier",0.18918,50,0.189],[93,"Pelipper",0.18429,49,0.185],[94,"Muk",0.18107,51,0.193],[95,"Ninetales",0.1807,53,0.2],[96,"Articuno",0.17976,53,0.2],[97,"Whiscash",0.17529,56,0.211],[98,"Kadabra",0.17454,41,0.155],[99,"Lapras",0.17242,57,0.215],[100,"Illumise",0.16368,33,0.125],[101,"Jumpluff",0.15904,49,0.185],[102,"Masquerain",0.15402,38,0.143],[103,"Rotom-Fan",0.15367,52,0.196],[104,"Stunfisk",0.15195,39,0.147],[105,"Meowstic",0.15169,54,0.204],[106,"Bronzor",0.14612,37,0.14],[107,"Mr. Mime",0.14454,42,0.159],[108,"Stoutland",0.14451,34,0.128],[109,"Rapidash",0.14374,32,0.121],[110,"Cacturne",0.14371,48,0.181],[111,"Gorebyss",0.13434,39,0.147],[112,"Magmar",0.13397,40,0.151],[113,"Grumpig",0.13307,34,0.128],[114,"Ursaring",0.13256,39,0.147],[115,"Volbeat",0.13184,44,0.166],[116,"Roselia",0.12464,27,0.102],[117,"Dusclops",0.12295,38,0.143],[118,"Audino",0.11662,30,0.113],[119,"Dedenne",0.11402,33,0.125],[120,"Armaldo",0.11243,28,0.106],[121,"Metang",0.1085,25,0.094],[122,"Hippopotas",0.10563,38,0.143],[123,"Prinplup",0.10489,24,0.091],[124,"Nosepass",0.10371,27,0.102],[125,"Spinda",0.10325,35,0.132],[126,"Swoobat",0.10318,24,0.091],[127,"Gourgeist-Super",0.10138,31,0.117],[128,"Rotom-Frost",0.09379,26,0.098],[129,"Ditto",0.09345,32,0.121],[130,"Luxray",0.0928,34,0.128],[131,"Dunsparce",0.08927,31,0.117],[132,"Gabite",0.08911,26,0.098],[133,"Simisear",0.08751,27,0.102],[134,"Delcatty",0.08387,24,0.091],[135,"Butterfree",0.08284,26,0.098],[136,"Meganium",0.08089,19,0.072],[137,"Mawile",0.0789,20,0.076],[138,"Flareon",0.07811,20,0.076],[139,"Rampardos",0.07793,27,0.102],[140,"Sawsbuck",0.07729,23,0.087],[141,"Wormadam-Trash",0.0766,25,0.094],[142,"Onix",0.07609,19,0.072],[143,"Regice",0.07568,21,0.079],[144,"Camerupt",0.07471,19,0.072],[145,"Murkrow",0.07307,25,0.094],[146,"Politoed",0.07119,26,0.098],[147,"Cleffa",0.07092,13,0.049],[148,"Kingler",0.07069,25,0.094],[149,"Relicanth",0.07059,21,0.079],[150,"Dodrio",0.07036,24,0.091],[151,"Sudowoodo",0.07025,18,0.068],[152,"Purugly",0.06994,26,0.098],[153,"Pineco",0.06848,24,0.091],[154,"Vigoroth",0.06321,19,0.072],[155,"Octillery",0.06251,18,0.068],[156,"Hypno",0.06225,18,0.068],[157,"Slaking",0.05927,21,0.079],[158,"Victreebel",0.05868,19,0.072],[159,"Huntail",0.05791,21,0.079],[160,"Glaceon",0.05602,17,0.064],[161,"Electabuzz",0.05393,14,0.053],[162,"Rattata",0.05343,22,0.083],[163,"Seaking",0.05254,19,0.072],[164,"Leafeon",0.05238,16,0.06],[165,"Zebstrika",0.05155,16,0.06],[166,"Dewgong",0.04915,19,0.072],[167,"Delibird",0.04907,17,0.064],[168,"Beedrill",0.04852,17,0.064],[169,"Wartortle",0.04791,12,0.045],[170,"Avalugg",0.0461,14,0.053],[171,"Walrein",0.04593,13,0.049],[172,"Pidgeot",0.04192,12,0.045],[173,"Altaria",0.04184,17,0.064],[174,"Arbok",0.0415,14,0.053],[175,"Whirlipede",0.04063,11,0.042],[176,"Pawniard",0.04054,9,0.034],[177,"Kricketune",0.03987,15,0.057],[178,"Tangela",0.03982,11,0.042],[179,"Corsola",0.03869,13,0.049],[180,"Cryogonal",0.0364,11,0.042],[181,"Glalie",0.03614,22,0.083],[182,"Furfrou",0.03469,8,0.03],[183,"Misdreavus",0.03403,9,0.034],[184,"Wigglytuff",0.03376,11,0.042],[185,"Bibarel",0.03282,12,0.045],[186,"Ampharos",0.03234,11,0.042],[187,"Servine",0.03186,9,0.034],[188,"Fearow",0.0304,8,0.03],[189,"Stantler",0.03014,11,0.042],[190,"Magcargo",0.0291,10,0.038],[191,"Maractus",0.02811,9,0.034],[192,"Emolga",0.02775,11,0.042],[193,"Pachirisu",0.02722,13,0.049],[194,"Quilladin",0.02719,13,0.049],[195,"Banette",0.02706,9,0.034],[196,"Venipede",0.02694,7,0.026],[197,"Lairon",0.02596,8,0.03],[198,"Duskull",0.02524,19,0.072],[199,"Staryu",0.02521,6,0.023],[200,"Yanma",0.02505,8,0.03],[201,"Bouffalant",0.02478,8,0.03],[202,"Sliggoo",0.02288,6,0.023],[203,"Raticate",0.02256,11,0.042],[204,"Vespiquen",0.02199,6,0.023],[205,"Grovyle",0.02127,8,0.03],[206,"Lumineon",0.02102,15,0.057],[207,"Clamperl",0.02096,6,0.023],[208,"Basculin",0.02094,8,0.03],[209,"Magnemite",0.02084,7,0.026],[210,"Swanna",0.02027,4,0.015],[211,"Eevee",0.02001,5,0.019],[212,"Solrock",0.01959,5,0.019],[213,"Meditite",0.01945,6,0.023],[214,"Wailord",0.01905,6,0.023],[215,"Dragonair",0.01903,6,0.023],[216,"Frillish",0.01902,5,0.019],[217,"Golduck",0.01874,7,0.026],[218,"Gourgeist-Small",0.01822,5,0.019],[219,"Togepi",0.01805,7,0.026],[220,"Gastly",0.01779,5,0.019],[221,"Gogoat",0.01777,6,0.023],[222,"Lickilicky",0.01765,5,0.019],[223,"Phione",0.01646,7,0.026],[224,"Simipour",0.01532,5,0.019],[225,"Torchic",0.01493,6,0.023],[226,"Mightyena",0.01465,4,0.015],[227,"Mothim",0.01464,4,0.015],[228,"Duosion",0.01417,4,0.015],[229,"Riolu",0.01416,4,0.015],[230,"Nidorina",0.01398,7,0.026],[231,"Spoink",0.01387,4,0.015],[232,"Staravia",0.01387,4,0.015],[233,"Dewott",0.01387,4,0.015],[234,"Bidoof",0.01387,4,0.015],[235,"Seadra",0.01383,3,0.011],[236,"Boldore",0.01303,5,0.019],[237,"Wobbuffet",0.01289,5,0.019],[238,"Dustox",0.01285,5,0.019],[239,