{"total":13243,"weight":0.544,"data":{"header":["Rank","Pokemon","Usage Percentage","Usage Raw","Usage Raw Percentage","Usage Real","Usage Real Percentage"],"rows":[[1,"Hitmonchan",16.05415,4034,15.231,3052,15.123],[2,"Mesprit",15.60853,3812,14.393,3068,15.202],[3,"Malamar",15.22439,3885,14.668,3080,15.262],[4,"Scyther",14.73362,3578,13.509,2759,13.671],[5,"Audino-Mega",14.57591,3969,14.985,2816,13.954],[6,"Magmortar",14.04044,3666,13.841,2702,13.389],[7,"Liepard",12.94102,3229,12.191,2621,12.987],[8,"Weezing",12.34467,3254,12.286,2552,12.646],[9,"Mismagius",12.30302,3271,12.35,2520,12.487],[10,"Lanturn",12.01722,3001,11.331,2337,11.58],[11,"Charizard",11.36059,3018,11.395,2257,11.184],[12,"Xatu",11.3567,2934,11.078,2237,11.085],[13,"Steelix",10.98222,2775,10.477,2312,11.456],[14,"Tauros",10.38311,2529,9.548,1799,8.914],[15,"Hariyama",10.36772,2597,9.805,2078,10.297],[16,"Archeops",10.26545,2572,9.711,2070,10.257],[17,"Swellow",10.25329,2720,10.27,2023,10.024],[18,"Vileplume",10.24688,2512,9.484,1968,9.752],[19,"Miltank",9.30918,2499,9.435,1908,9.454],[20,"Electivire",9.29852,2740,10.345,2003,9.925],[21,"Gastrodon",9.21741,2272,8.578,1814,8.989],[22,"Claydol",9.01054,2385,9.005,1913,9.479],[23,"Pyroar",8.76259,2335,8.816,1735,8.597],[24,"Garbodor",8.51841,2023,7.638,1650,8.176],[25,"Rotom",8.46788,1939,7.321,1553,7.695],[26,"Vivillon",8.33244,2151,8.121,1592,7.889],[27,"Skuntank",7.98675,1947,7.351,1523,7.547],[28,"Rhydon",7.77306,1965,7.419,1570,7.78],[29,"Cradily",7.62685,2025,7.646,1578,7.819],[30,"Regirock",7.17116,1874,7.075,1589,7.874],[31,"Aggron",7.16967,2066,7.8,1580,7.829],[32,"Lilligant",6.95593,1820,6.872,1224,6.065],[33,"Mantine",6.90643,1864,7.038,1437,7.121],[34,"Ludicolo",6.72249,1835,6.928,1422,7.046],[35,"Golurk",6.60647,1812,6.841,1420,7.036],[36,"Samurott",6.33022,1652,6.237,1184,5.867],[37,"Manectric",6.23068,1601,6.045,1157,5.733],[38,"Zangoose",6.02542,1738,6.562,1246,6.174],[39,"Kabutops",5.95975,1523,5.75,1080,5.352],[40,"Kecleon",5.94324,1546,5.837,1245,6.169],[41,"Klinklang",5.79511,1504,5.678,1100,5.451],[42,"Omastar",5.53596,1468,5.543,1104,5.47],[43,"Torterra",5.48125,1455,5.493,1151,5.703],[44,"Gurdurr",5.16245,1241,4.685,1005,4.98],[45,"Haunter",5.15695,1434,5.414,1079,5.347],[46,"Shiftry",4.99508,1299,4.904,941,4.663],[47,"Aurorus",4.95394,1299,4.904,992,4.916],[48,"Jynx",4.85282,1244,4.697,901,4.465],[49,"Ferroseed",4.80533,1204,4.546,1045,5.178],[50,"Primeape",4.69401,1252,4.727,972,4.816],[51,"Barbaracle",4.41309,1204,4.546,862,4.271],[52,"Poliwrath",4.33176,1178,4.448,901,4.465],[53,"Quagsire",4.29795,1071,4.044,804,3.984],[54,"Kangaskhan",4.25672,954,3.602,740,3.667],[55,"Pinsir",4.15763,1111,4.195,767,3.801],[56,"Sandslash",3.99553,1082,4.085,902,4.47],[57,"Musharna",3.13983,796,3.005,595,2.948],[58,"Exeggutor",2.99261,903,3.409,664,3.29],[59,"Piloswine",2.92405,749,2.828,597,2.958],[60,"Abomasnow",2.57971,775,2.926,587,2.909],[61,"Trevenant",2.50895,662,2.499,495,2.453],[62,"Muk",2.37377,648,2.447,480,2.378],[63,"Pelipper",2.31279,543,2.05,421,2.086],[64,"Raichu",2.22475,619,2.337,453,2.245],[65,"Smeargle",2.17611,540,2.039,489,2.423],[66,"Dusknoir",1.98821,534,2.016,423,2.096],[67,"Ninetales",1.96964,534,2.016,393,1.947],[68,"Leafeon",1.90299,490,1.85,330,1.635],[69,"Lapras",1.76953,550,2.077,425,2.106],[70,"Floatzel",1.75202,472,1.782,345,1.71],[71,"Kadabra",1.70875,417,1.574,297,1.472],[72,"Flareon",1.69992,482,1.82,335,1.66],[73,"Dusclops",1.67284,470,1.775,353,1.749],[74,"Torkoal",1.61313,459,1.733,376,1.863],[75,"Linoone",1.60348,434,1.639,297,1.472],[76,"Stoutland",1.58152,350,1.321,270,1.338],[77,"Throh",1.54803,432,1.631,322,1.596],[78,"Combusken",1.53659,412,1.556,309,1.531],[79,"Articuno",1.53192,463,1.748,353,1.749],[80,"Cacturne",1.51204,436,1.646,331,1.64],[81,"Carracosta",1.37725,397,1.499,334,1.655],[82,"Masquerain",1.36907,293,1.106,243,1.204],[83,"Rapidash",1.28514,334,1.261,256,1.269],[84,"Arbok",1.26654,332,1.253,258,1.278],[85,"Gourgeist-Super",1.24342,338,1.276,264,1.308],[86,"Victreebel",1.21541,323,1.22,244,1.209],[87,"Drifblim",1.21393,339,1.28,272,1.348],[88,"Persian",1.17565,325,1.227,260,1.288],[89,"Electrode",1.17457,344,1.299,272,1.348],[90,"Sawsbuck",1.15092,304,1.148,202,1.001],[91,"Audino",1.14666,342,1.291,244,1.209],[92,"Crustle",1.13502,287,1.084,246,1.219],[93,"Luxray",1.12367,368,1.389,278,1.378],[94,"Golem",1.12292,303,1.144,263,1.303],[95,"Cryogonal",1.10808,303,1.144,210,1.041],[96,"Machoke",1.07615,337,1.272,269,1.333],[97,"Chatot",1.0704,334,1.261,261,1.293],[98,"Regice",1.05927,281,1.061,205,1.016],[99,"Avalugg",1.01678,304,1.148,230,1.14],[100,"Grumpig",1.00237,276,1.042,208,1.031],[101,"Metang",0.92194,197,0.744,160,0.793],[102,"Clefairy",0.91212,241,0.91,200,0.991],[103,"Slaking",0.90056,271,1.023,215,1.065],[104,"Mawile",0.89242,221,0.834,158,0.783],[105,"Mr. Mime",0.89177,271,1.023,203,1.006],[106,"Kingler",0.8844,265,1.001,168,0.832],[107,"Pikachu",0.8724,263,0.993,191,0.946],[108,"Regigigas",0.86542,261,0.985,207,1.026],[109,"Roselia",0.81311,200,0.755,158,0.783],[110,"Armaldo",0.80488,219,0.827,164,0.813],[111,"Ursaring",0.80241,224,0.846,160,0.793],[112,"Altaria",0.77313,242,0.914,178,0.882],[113,"Jumpluff",0.76498,233,0.88,189,0.937],[114,"Glaceon",0.76008,234,0.883,160,0.793],[115,"Zebstrika",0.75869,256,0.967,194,0.961],[116,"Walrein",0.74728,168,0.634,141,0.699],[117,"Meowstic",0.74508,224,0.846,180,0.892],[118,"Ditto",0.73196,228,0.861,167,0.828],[119,"Murkrow",0.71676,196,0.74,145,0.718],[120,"Wartortle",0.71336,181,0.683,134,0.664],[121,"Ninjask",0.69722,242,0.914,193,0.956],[122,"Rotom-Fan",0.68708,209,0.789,159,0.788],[123,"Ariados",0.67387,219,0.827,210,1.041],[124,"Rampardos",0.67113,218,0.823,147,0.728],[125,"Marowak",0.66583,211,0.797,174,0.862],[126,"Swoobat",0.66289,170,0.642,126,0.624],[127,"Probopass",0.65597,194,0.732,164,0.813],[128,"Gigalith",0.64211,195,0.736,156,0.773],[129,"Meganium",0.63473,179,0.676,135,0.669],[130,"Leavanny",0.63435,175,0.661,147,0.728],[131,"Magmar",0.61952,183,0.691,146,0.723],[132,"Shedinja",0.59719,198,0.748,139,0.689],[133,"Tangela",0.56404,151,0.57,113,0.56],[134,"Frogadier",0.55748,145,0.547,110,0.545],[135,"Rotom-Frost",0.55272,167,0.631,125,0.619],[136,"Carbink",0.53237,176,0.665,155,0.768],[137,"Dedenne",0.5321,154,0.581,118,0.585],[138,"Camerupt",0.53195,137,0.517,100,0.496],[139,"Gorebyss",0.50726,172,0.649,140,0.694],[140,"Ampharos",0.48874,163,0.615,126,0.624],[141,"Sliggoo",0.47509,127,0.479,91,0.451],[142,"Dodrio",0.46632,153,0.578,105,0.52],[143,"Vigoroth",0.46141,125,0.472,92,0.456],[144,"Seadra",0.45997,102,0.385,80,0.396],[145,"Bouffalant",0.45881,140,0.529,101,0.5],[146,"Bastiodon",0.4583,146,0.551,122,0.605],[147,"Politoed",0.45551,142,0.536,111,0.55],[148,"Stunfisk",0.45019,123,0.464,103,0.51],[149,"Pawniard",0.44869,105,0.396,76,0.377],[150,"Vibrava",0.44659,83,0.313,73,0.362],[151,"Whiscash",0.42618,133,0.502,116,0.575],[152,"Golduck",0.39327,113,0.427,86,0.426],[153,"Bibarel",0.37637,106,0.4,86,0.426],[154,"Monferno",0.37602,94,0.355,75,0.372],[155,"Lickilicky",0.3639,114,0.43,77,0.382],[156,"Wailord",0.36178,118,0.446,87,0.431],[157,"Gogoat",0.3599,117,0.442,79,0.391],[158,"Prinplup",0.35951,81,0.306,61,0.302],[159,"Basculin",0.34837,92,0.347,69,0.342],[160,"Fearow",0.34582,101,0.381,77,0.382],[161,"Sudowoodo",0.34095,96,0.362,72,0.357],[162,"Servine",0.33846,80,0.302,62,0.307],[163,"Butterfree",0.33346,123,0.464,98,0.486],[164,"Dragonair",0.32917,107,0.404,78,0.387],[165,"Relicanth",0.30657,98,0.37,81,0.401],[166,"Raticate",0.30489,104,0.393,72,0.357],[167,"Delcatty",0.30347,93,0.351,73,0.362],[168,"Octillery",0.29214,85,0.321,62,0.307],[169,"Hypno",0.29182,93,0.351,67,0.332],[170,"Wigglytuff",0.29178,101,0.381,80,0.396],[171,"Heatmor",0.288,80,0.302,58,0.287],[172,"Electabuzz",0.28372,74,0.279,57,0.282],[173,"Misdreavus",0.27848,72,0.272,54,0.268],[174,"Tropius",0.27846,80,0.302,59,0.292],[175,"Dunsparce",0.27564,96,0.362,78,0.387],[176,"Simisear",0.27423,88,0.332,72,0.357],[177,