{"total":77288,"data":{"header":["Rank","Pokemon","Usage Percentage","Usage Raw","Usage Raw Percentage"],"rows":[[1,"Landorus-Therian",6.96729,4515,5.842],[2,"Mew",6.00247,2310,2.989],[3,"Weavile",4.84815,2206,2.854],[4,"Thundurus",3.95771,1515,1.96],[5,"Garchomp",3.95154,2913,3.769],[6,"Tornadus-Therian",3.85817,1572,2.034],[7,"Rotom-Wash",3.62458,2604,3.369],[8,"Clefable",3.2433,1793,2.32],[9,"Zapdos",3.07942,1658,2.145],[10,"Excadrill",2.94035,1903,2.462],[11,"Diancie-Mega",2.84921,1195,1.546],[12,"Keldeo",2.80898,1265,1.637],[13,"Lopunny-Mega",2.38938,1129,1.461],[14,"Medicham-Mega",2.23536,722,0.934],[15,"Heatran",2.03575,1555,2.012],[16,"Volcanion",1.92566,831,1.075],[17,"Serperior",1.89177,1611,2.084],[18,"Azelf",1.83365,1249,1.616],[19,"Slowbro",1.68565,663,0.858],[20,"Ferrothorn",1.6614,1981,2.563],[21,"Tyranitar",1.63028,1899,2.457],[22,"Magnezone",1.54998,624,0.807],[23,"Charizard-Mega-Y",1.48922,1170,1.514],[24,"Manectric-Mega",1.4168,790,1.022],[25,"Shuckle",1.34241,1497,1.937],[26,"Talonflame",1.18171,974,1.26],[27,"Scizor-Mega",1.16746,544,0.704],[28,"Kyurem-Black",1.13888,471,0.609],[29,"Gliscor",1.04276,1273,1.647],[30,"Hippowdon",0.96541,720,0.932],[31,"Metagross-Mega",0.83722,648,0.838],[32,"Seismitoad",0.80965,281,0.364],[33,"Venusaur-Mega",0.80561,445,0.576],[34,"Cofagrigus",0.7417,392,0.507],[35,"Aerodactyl",0.69013,390,0.505],[36,"Gengar",0.69011,910,1.177],[37,"Gardevoir-Mega",0.68153,366,0.474],[38,"Latios",0.66483,468,0.606],[39,"Bisharp",0.58779,425,0.55],[40,"Skarmory",0.5852,1092,1.413],[41,"Manaphy",0.54919,380,0.492],[42,"Breloom",0.51539,562,0.727],[43,"Amoonguss",0.44217,331,0.428],[44,"Azumarill",0.4376,524,0.678],[45,"Tyranitar-Mega",0.43737,313,0.405],[46,"Politoed",0.43725,748,0.968],[47,"Starmie",0.4228,416,0.538],[48,"Tangrowth",0.40913,269,0.348],[49,"Chansey",0.40201,316,0.409],[50,"Victini",0.38121,275,0.356],[51,"Charizard-Mega-X",0.36555,411,0.532],[52,"Kyurem",0.3497,106,0.137],[53,"Hydreigon",0.32993,202,0.261],[54,"Jirachi",0.30286,369,0.477],[55,"Mamoswine",0.28884,259,0.335],[56,"Nidoking",0.28744,302,0.391],[57,"Sceptile-Mega",0.28122,203,0.263],[58,"Crawdaunt",0.27573,207,0.268],[59,"Klefki",0.27539,492,0.637],[60,"Alakazam-Mega",0.2543,192,0.248],[61,"Latias-Mega",0.24835,137,0.177],[62,"Aerodactyl-Mega",0.22521,91,0.118],[63,"Chandelure",0.22288,226,0.292],[64,"Galvantula",0.21672,888,1.149],[65,"Tentacruel",0.20959,164,0.212],[66,"Scizor",0.20901,384,0.497],[67,"Latias",0.20644,247,0.32],[68,"Yanmega",0.20454,82,0.106],[69,"Volcarona",0.19759,310,0.401],[70,"Thundurus-Therian",0.19303,152,0.197],[71,"Cloyster",0.18831,409,0.529],[72,"Swampert-Mega",0.18654,209,0.27],[73,"Empoleon",0.18161,242,0.313],[74,"Gastrodon",0.17766,143,0.185],[75,"Celebi",0.174,96,0.124],[76,"Beedrill-Mega",0.16642,291,0.377],[77,"Infernape",0.15568,481,0.622],[78,"Gyarados-Mega",0.15306,167,0.216],[79,"Sableye",0.14479,152,0.197],[80,"Forretress",0.14196,337,0.436],[81,"Altaria-Mega",0.13999,78,0.101],[82,"Porygon2",0.13932,115,0.149],[83,"Heracross-Mega",0.13885,126,0.163],[84,"Scolipede",0.13525,143,0.185],[85,"Blastoise-Mega",0.13457,134,0.173],[86,"Cresselia",0.13385,129,0.167],[87,"Gallade-Mega",0.12632,188,0.243],[88,"Krookodile",0.12318,108,0.14],[89,"Slowbro-Mega",0.12029,48,0.062],[90,"Dragonite",0.11883,422,0.546],[91,"Cobalion",0.11638,75,0.097],[92,"Jellicent",0.1155,53,0.069],[93,"Absol-Mega",0.11202,136,0.176],[94,"Terrakion",0.11178,78,0.101],[95,"Diggersby",0.11018,93,0.12],[96,"Raikou",0.10589,121,0.157],[97,"Reuniclus",0.10447,77,0.1],[98,"Conkeldurr",0.10175,195,0.252],[99,"Togekiss",0.10085,218,0.282],[100,"Staraptor",0.09588,92,0.119],[101,"Suicune",0.09338,70,0.091],[102,"Swampert",0.08465,399,0.516],[103,"Feraligatr",0.08189,140,0.181],[104,"Crobat",0.08154,165,0.213],[105,"Quagsire",0.0788,83,0.107],[106,"Alomomola",0.06995,40,0.052],[107,"Chesnaught",0.06925,53,0.069],[108,"Pinsir-Mega",0.06893,79,0.102],[109,"Uxie",0.06487,125,0.162],[110,"Ditto",0.06451,31,0.04],[111,"Golem",0.06447,57,0.074],[112,"Gyarados",0.06356,159,0.206],[113,"Garchomp-Mega",0.06132,95,0.123],[114,"Pidgeot-Mega",0.05908,71,0.092],[115,"Roserade",0.05469,139,0.18],[116,"Donphan",0.05364,211,0.273],[117,"Sylveon",0.05362,79,0.102],[118,"Machamp",0.0532,274,0.355],[119,"Blissey",0.05215,62,0.08],[120,"Bronzong",0.04745,77,0.1],[121,"Ampharos-Mega",0.04368,64,0.083],[122,"Rotom-Heat",0.03988,100,0.129],[123,"Glalie-Mega",0.03974,21,0.027],[124,"Camerupt-Mega",0.03609,20,0.026],[125,"Metagross",0.03551,87,0.113],[126,"Alakazam",0.03525,66,0.085],[127,"Mienshao",0.035,155,0.201],[128,"Espeon",0.03475,183,0.237],[129,"Salamence",0.03355,56,0.072],[130,"Mandibuzz",0.03216,16,0.021],[131,"Whimsicott",0.03211,142,0.184],[132,"Umbreon",0.03084,63,0.082],[133,"Latios-Mega",0.03033,49,0.063],[134,"Smeargle",0.02973,294,0.38],[135,"Hoopa",0.02702,37,0.048],[136,"Jolteon",0.025,259,0.335],[137,"Entei",0.02494,14,0.018],[138,"Lanturn",0.0245,34,0.044],[139,"Pikachu",0.02302,55,0.071],[140,"Houndoom-Mega",0.02268,18,0.023],[141,"Dragalge",0.02081,27,0.035],[142,"Golurk",0.02042,53,0.069],[143,"Kingdra",0.02016,51,0.066],[144,"Darmanitan",0.01885,97,0.126],[145,"Poliwrath",0.01778,12,0.016],[146,"Aggron-Mega",0.01697,364,0.471],[147,"Zygarde",0.01588,47,0.061],[148,"Kecleon",0.01547,23,0.03],[149,"Ninetales",0.01524,170,0.22],[150,"Nidoqueen",0.01444,138,0.179],[151,"Spiritomb",0.01442,47,0.061],[152,"Magneton",0.01406,26,0.034],[153,"Blastoise",0.01389,38,0.049],[154,"Durant",0.01321,23,0.03],[155,"Clawitzer",0.01274,56,0.072],[156,"Noivern",0.01217,39,0.05],[157,"Heracross",0.01213,24,0.031],[158,"Pangoro",0.01183,21,0.027],[159,"Rhyperior",0.01145,98,0.127],[160,"Banette-Mega",0.01119,41,0.053],[161,"Slurpuff",0.01115,124,0.16],[162,"Arcanine",0.01076,129,0.167],[163,"Snorlax",0.00933,102,0.132],[164,"Rotom-Mow",0.00923,32,0.041],[165,"Emboar",0.00886,14,0.018],[166,"Milotic",0.00734,126,0.163],[167,"Drapion",0.00723,68,0.088],[168,"Vaporeon",0.0072,121,0.157],[169,"Torkoal",0.00621,68,0.088],[170,"Heliolisk",0.00618,24,0.031],[171,"Xatu",0.00612,50,0.065],[172,"Gardevoir",0.00603,38,0.049],[173,"Zoroark",0.00557,56,0.072],[174,"Hitmontop",0.00557,24,0.031],[175,"Hawlucha",0.0055,81,0.105],[176,"Haxorus",0.00525,66,0.085],[177,"Zebstrika",0.00525,5,0.006],[178,"Klinklang",0.00511,3,0.004],[179,"Claydol",0.00501,30,0.039],[180,"Meowstic",0.0049,64,0.083],[181,"Vivillon",0.00482,14,0.018],[182,"Slowking",0.0046,44,0.057],[183,"Aurorus",0.0045,295,0.382],[184,"Ambipom",0.00444,140,0.181],[185,"Druddigon",0.00439,66,0.085],[186,"Tyrantrum",0.00425,44,0.057],[187,"Florges",0.00407,4,0.005],[188,"Slaking",0.00401,20,0.026],[189,"Masquerain",0.00393,44,0.057],[190,"Rotom-Frost",0.00377,10,0.013],[191,"Goodra",0.00375,68,0.088],[192,"Scrafty",0.00375,66,0.085],[193,"Froslass",0.00337,85,0.11],[194,"Sigilyph",0.00334,82,0.106],[195,"Ursaring",0.00323,22,0.028],[196,"Braviary",0.00303,11,0.014],[197,"Weezing",0.00302,48,0.062],[198,"Stunfisk",0.00296,8,0.01],[199,"Barbaracle",0.00296,11,0.014],[200,"Porygon-Z",0.00295,77,0.1],[201,"Ampharos",0.00294,4,0.005],[202,"Lucario",0.00292,66,0.085],[203,"Flygon",0.00279,67,0.087],[204,"Cradily",0.00261,64,0.083],[205,"Probopass",0.00259,24,0.031],[206,"Kingler",0.00245,14,0.018],[207,"Shaymin",0.00241,14,0.018],[208,"Malamar",0.0023,67,0.087],[209,"Steelix",0.00226,23,0.03],[210,"Marowak",0.00226,15,0.019],[211,"Gallade",0.00221,24,0.031],[212,"Honchkrow",0.00219,26,0.034],[213,"Gigalith",0.00202,60,0.078],[214,"Venusaur",0.00198,39,0.05],[215,"Abomasnow-Mega",0.00184,15,0.019],[216,"Registeel",0.0018,49,0.063],[217,"Persian",0.00174,27,0.035],[218,"Ariados",0.00149,53,0.069],[219,"Granbull",0.00145,1,0.001],[220,"Lapras",0.00135,31,0.04],[221,"Mantine",0.00128,2,0.003],[222,"Cryogonal",0.00127,9,0.012],[223,"Venomoth",0.00123,13,0.017],[224,"Chatot",0.00121,5,0.006],[225,"Diancie",0.00109,69,0.089],[226,"Kabutops",0.00108,76,0.098],[227,"Doublade",0.00101,19,0.025],[228,"Armaldo",0.00101,41,0.053],