{"total":66702,"data":{"header":["Rank","Pokemon","Usage Percentage","Usage Raw","Usage Raw Percentage"],"rows":[[1,"Landorus-Therian",5.89858,4072,6.105],[2,"Weavile",5.37723,1834,2.75],[3,"Rotom-Wash",4.61273,2332,3.496],[4,"Garchomp",4.31029,2617,3.923],[5,"Tornadus-Therian",4.27489,1438,2.156],[6,"Clefable",4.10138,1676,2.513],[7,"Keldeo",3.86533,1259,1.887],[8,"Thundurus",3.79826,1423,2.133],[9,"Zapdos",2.8476,1587,2.379],[10,"Heatran",2.79116,1634,2.45],[11,"Mew",2.61812,1628,2.441],[12,"Excadrill",2.35672,1414,2.12],[13,"Serperior",2.29398,1402,2.102],[14,"Lopunny-Mega",2.23379,892,1.337],[15,"Volcanion",2.01892,729,1.093],[16,"Diancie-Mega",1.89764,727,1.09],[17,"Ferrothorn",1.81087,1909,2.862],[18,"Medicham-Mega",1.74508,565,0.847],[19,"Magnezone",1.62386,576,0.864],[20,"Manectric-Mega",1.46164,779,1.168],[21,"Shuckle",1.41595,1033,1.549],[22,"Cofagrigus",1.35133,418,0.627],[23,"Tyranitar",1.32005,1599,2.397],[24,"Charizard-Mega-Y",1.28911,786,1.178],[25,"Azelf",1.16197,924,1.385],[26,"Metagross-Mega",1.13274,594,0.891],[27,"Latios",1.03416,499,0.748],[28,"Gliscor",1.01407,1228,1.841],[29,"Kyurem-Black",0.88367,308,0.462],[30,"Aerodactyl",0.88206,385,0.577],[31,"Venusaur-Mega",0.87489,363,0.544],[32,"Scizor-Mega",0.86491,406,0.609],[33,"Hippowdon",0.85921,578,0.867],[34,"Gengar",0.80779,592,0.888],[35,"Talonflame",0.78388,549,0.823],[36,"Seismitoad",0.74608,191,0.286],[37,"Starmie",0.73507,434,0.651],[38,"Ninetales",0.68175,265,0.397],[39,"Skarmory",0.67447,842,1.262],[40,"Slowbro",0.64423,332,0.498],[41,"Crawdaunt",0.62762,265,0.397],[42,"Victini",0.60892,309,0.463],[43,"Charizard-Mega-X",0.60519,441,0.661],[44,"Gardevoir-Mega",0.58781,222,0.333],[45,"Bisharp",0.56152,350,0.525],[46,"Manaphy",0.52758,250,0.375],[47,"Chansey",0.48623,284,0.426],[48,"Politoed",0.47213,609,0.913],[49,"Sceptile-Mega",0.46911,169,0.253],[50,"Latias-Mega",0.45801,226,0.339],[51,"Blastoise-Mega",0.44174,172,0.258],[52,"Amoonguss",0.43823,270,0.405],[53,"Kyurem",0.42538,132,0.198],[54,"Tyranitar-Mega",0.39897,259,0.388],[55,"Klefki",0.36966,353,0.529],[56,"Alakazam-Mega",0.35455,127,0.19],[57,"Pinsir-Mega",0.31075,162,0.243],[58,"Breloom",0.30489,407,0.61],[59,"Hydreigon",0.29859,218,0.327],[60,"Jirachi",0.29693,307,0.46],[61,"Dragonite",0.29455,418,0.627],[62,"Tangrowth",0.29396,147,0.22],[63,"Cloyster",0.28194,300,0.45],[64,"Azumarill",0.27945,338,0.507],[65,"Nidoking",0.2699,209,0.313],[66,"Latias",0.25926,152,0.228],[67,"Chesnaught",0.23748,83,0.124],[68,"Scolipede",0.23262,180,0.27],[69,"Thundurus-Therian",0.22873,149,0.223],[70,"Heracross-Mega",0.20822,153,0.229],[71,"Cresselia",0.20499,155,0.232],[72,"Alomomola",0.20111,95,0.142],[73,"Forretress",0.20051,328,0.492],[74,"Scizor",0.19988,303,0.454],[75,"Mamoswine",0.19143,372,0.558],[76,"Slowbro-Mega",0.19044,82,0.123],[77,"Cobalion",0.18407,92,0.138],[78,"Gastrodon",0.18139,109,0.163],[79,"Altaria-Mega",0.16993,59,0.088],[80,"Beedrill-Mega",0.16853,113,0.169],[81,"Volcarona",0.16442,366,0.549],[82,"Reuniclus",0.15845,65,0.097],[83,"Infernape",0.15285,526,0.789],[84,"Absol-Mega",0.15141,127,0.19],[85,"Terrakion",0.15131,133,0.199],[86,"Tentacruel",0.14798,135,0.202],[87,"Suicune",0.14599,169,0.253],[88,"Diggersby",0.13655,83,0.124],[89,"Gallade-Mega",0.13358,95,0.142],[90,"Togekiss",0.13211,206,0.309],[91,"Garchomp-Mega",0.13002,79,0.118],[92,"Galvantula",0.12662,733,1.099],[93,"Blastoise",0.11944,99,0.148],[94,"Salamence",0.11722,105,0.157],[95,"Porygon2",0.10564,107,0.16],[96,"Yanmega",0.10371,102,0.153],[97,"Conkeldurr",0.10164,200,0.3],[98,"Quagsire",0.09626,123,0.184],[99,"Blissey",0.09562,75,0.112],[100,"Swampert-Mega",0.09444,93,0.139],[101,"Empoleon",0.09438,145,0.217],[102,"Sableye",0.09,223,0.334],[103,"Bronzong",0.08981,111,0.166],[104,"Sylveon",0.08851,107,0.16],[105,"Gyarados-Mega",0.08647,121,0.181],[106,"Raikou",0.07384,68,0.102],[107,"Roserade",0.07321,203,0.304],[108,"Alakazam",0.07273,225,0.337],[109,"Celebi",0.06896,48,0.072],[110,"Jellicent",0.06066,33,0.049],[111,"Staraptor",0.06014,115,0.172],[112,"Abomasnow",0.05914,10,0.015],[113,"Machamp",0.05837,383,0.574],[114,"Jolteon",0.05484,391,0.586],[115,"Nidoqueen",0.0544,51,0.076],[116,"Gyarados",0.05394,184,0.276],[117,"Dragalge",0.05361,22,0.033],[118,"Metagross",0.05271,57,0.085],[119,"Donphan",0.05255,153,0.229],[120,"Mandibuzz",0.05222,41,0.061],[121,"Aerodactyl-Mega",0.05186,46,0.069],[122,"Darmanitan",0.05071,74,0.111],[123,"Krookodile",0.05068,88,0.132],[124,"Chandelure",0.04963,122,0.183],[125,"Kingdra",0.04551,71,0.106],[126,"Uxie",0.04478,68,0.102],[127,"Mienshao",0.04473,159,0.238],[128,"Slowking",0.04464,48,0.072],[129,"Ditto",0.04452,47,0.07],[130,"Swampert",0.04227,241,0.361],[131,"Rotom-Heat",0.04223,149,0.223],[132,"Glalie-Mega",0.04151,11,0.016],[133,"Feraligatr",0.03956,84,0.126],[134,"Pidgeot-Mega",0.03555,87,0.13],[135,"Zygarde",0.03511,82,0.123],[136,"Pangoro",0.0332,28,0.042],[137,"Aggron-Mega",0.0319,320,0.48],[138,"Hoopa",0.02976,25,0.037],[139,"Leavanny",0.02927,22,0.033],[140,"Golem",0.02808,52,0.078],[141,"Camerupt-Mega",0.02468,11,0.016],[142,"Latios-Mega",0.02385,51,0.076],[143,"Whimsicott",0.02307,163,0.244],[144,"Ampharos-Mega",0.02233,49,0.073],[145,"Porygon-Z",0.02188,176,0.264],[146,"Dugtrio",0.02109,25,0.037],[147,"Vaporeon",0.02078,325,0.487],[148,"Espeon",0.0206,159,0.238],[149,"Stunfisk",0.01739,3,0.004],[150,"Sharpedo-Mega",0.01665,14,0.021],[151,"Doublade",0.01425,24,0.036],[152,"Magneton",0.01313,3,0.004],[153,"Hawlucha",0.01307,100,0.15],[154,"Gardevoir",0.01301,47,0.07],[155,"Liepard",0.01135,8,0.012],[156,"Banette-Mega",0.01086,26,0.039],[157,"Shaymin",0.01071,25,0.037],[158,"Ampharos",0.01039,22,0.033],[159,"Marowak",0.00977,16,0.024],[160,"Delphox",0.00974,42,0.063],[161,"Manectric",0.0095,58,0.087],[162,"Golduck",0.0091,3,0.004],[163,"Aurorus",0.00881,49,0.073],[164,"Ludicolo",0.00862,33,0.049],[165,"Heracross",0.00859,14,0.021],[166,"Goodra",0.00856,64,0.096],[167,"Toxicroak",0.00776,16,0.024],[168,"Heliolisk",0.00744,24,0.036],[169,"Diancie",0.00742,14,0.021],[170,"Drapion",0.00717,42,0.063],[171,"Druddigon",0.00708,35,0.052],[172,"Aggron",0.0068,291,0.436],[173,"Gigalith",0.00676,63,0.094],[174,"Arcanine",0.00656,79,0.118],[175,"Solosis",0.00656,54,0.081],[176,"Meowstic",0.00651,19,0.028],[177,"Rhydon",0.00651,42,0.063],[178,"Lucario",0.00639,80,0.12],[179,"Articuno",0.00575,40,0.06],[180,"Noivern",0.00551,33,0.049],[181,"Rotom-Mow",0.00538,16,0.024],[182,"Kecleon",0.00521,33,0.049],[183,"Durant",0.00519,20,0.03],[184,"Entei",0.00517,13,0.019],[185,"Umbreon",0.00515,72,0.108],[186,"Miltank",0.00483,12,0.018],[187,"Meloetta",0.00473,28,0.042],[188,"Typhlosion",0.00463,27,0.04],[189,"Crobat",0.00454,80,0.12],[190,"Medicham",0.00454,27,0.04],[191,"Sceptile",0.00451,32,0.048],[192,"Absol",0.0043,12,0.018],[193,"Tauros",0.00429,33,0.049],[194,"Milotic",0.00425,57,0.085],[195,"Smeargle",0.00421,61,0.091],[196,"Ambipom",0.00421,77,0.115],[197,"Masquerain",0.00417,36,0.054],[198,"Kingler",0.0041,6,0.009],[199,"Emboar",0.00381,26,0.039],[200,"Lanturn",0.00318,15,0.022],[201,"Gallade",0.00309,5,0.007],[202,"Dusclops",0.00304,59,0.088],[203,"Maractus",0.003,4,0.006],[204,"Cacturne",0.00277,18,0.027],[205,"Chatot",0.00275,6,0.009],[206,"Klinklang",0.00232,7,0.01],[207,"Torkoal",0.00223,25,0.037],[208,"Steelix",0.00223,34,0.051],[209,"Xatu",0.0022,10,0.015],[210,"Dusknoir",0.00209,37,0.055],[211,"Swoobat",0.00202,4,0.006],[212,"Registeel",0.00183,16,0.024],[213,"Claydol",0.00181,89,0.133],[214,"Slurpuff",0.0018,91,0.136],[215,"Abomasnow-Mega",0.00179,15,0.022],[216,"Arbok",0.00177,52,0.078],[217,"Malamar",0.00173,69,0.103],[218,"Armaldo",0.00172,6,0.009],[219,"Probopass",0.0016,20,0.03],[220,"Froslass",0.00155,117,0.175],[221,"Gourgeist-Small",0.00154,1,0.001],[222,"Slaking",0.00154,63,0.094],[223,"Houndoom-Mega",0.00138,15,0.022],[224,"Snorlax",0.00135,75,0.112],[225,"Hitmontop",0.0013,28,0.042],[226,"Scrafty",0.00125,60,0.09],[227,"Muk",0.00124,15,0.022],[228,"Cradily",0.00122,17,0.025],[229,