{"total":36558,"data":{"header":["Rank","Pokemon","Usage Percentage","Usage Raw","Usage Raw Percentage"],"rows":[[1,"Landorus-Therian",5.8838,2151,5.884],[2,"Garchomp",4.12769,1509,4.128],[3,"Ferrothorn",3.20313,1171,3.203],[4,"Heatran",2.8913,1057,2.891],[5,"Rotom-Wash",2.86941,1049,2.869],[6,"Tyranitar",2.24575,821,2.246],[7,"Clefable",1.89835,694,1.898],[8,"Gliscor",1.76979,647,1.77],[9,"Tornadus-Therian",1.69594,620,1.696],[10,"Keldeo",1.58926,581,1.589],[11,"Diancie-Mega",1.57831,577,1.578],[12,"Azelf",1.5619,571,1.562],[13,"Metagross-Mega",1.53181,560,1.532],[14,"Skarmory",1.52087,556,1.521],[15,"Gengar",1.45796,533,1.458],[16,"Lopunny-Mega",1.33487,488,1.335],[17,"Charizard-Mega-Y",1.29657,474,1.297],[18,"Magnezone",1.25554,459,1.256],[19,"Excadrill",1.24186,454,1.242],[20,"Thundurus",1.21998,446,1.22],[21,"Talonflame",1.18168,432,1.182],[22,"Politoed",1.16801,427,1.168],[23,"Weavile",1.09142,399,1.091],[24,"Serperior",1.04491,382,1.045],[25,"Zapdos",0.98474,360,0.985],[26,"Breloom",0.94097,344,0.941],[27,"Mew",0.93276,341,0.933],[28,"Hippowdon",0.93276,341,0.933],[29,"Azumarill",0.8972,328,0.897],[30,"Venusaur-Mega",0.88353,323,0.884],[31,"Medicham-Mega",0.83156,304,0.832],[32,"Galvantula",0.77138,282,0.771],[33,"Charizard-Mega-X",0.76591,280,0.766],[34,"Latios",0.75496,276,0.755],[35,"Jirachi",0.73582,269,0.736],[36,"Manaphy",0.71667,262,0.717],[37,"Shuckle",0.69752,255,0.698],[38,"Manectric-Mega",0.67017,245,0.67],[39,"Kyurem-Black",0.65923,241,0.659],[40,"Scizor-Mega",0.62093,227,0.621],[41,"Dragonite",0.61546,225,0.615],[42,"Infernape",0.60999,223,0.61],[43,"Klefki",0.59084,216,0.591],[44,"Mamoswine",0.57717,211,0.577],[45,"Volcarona",0.56622,207,0.566],[46,"Chansey",0.56349,206,0.563],[47,"Gardevoir-Mega",0.56075,205,0.561],[48,"Jolteon",0.54434,199,0.544],[49,"Hydreigon",0.53887,197,0.539],[50,"Starmie",0.51152,187,0.512],[51,"Forretress",0.50605,185,0.506],[52,"Ninetales",0.50057,183,0.501],[53,"Bisharp",0.48416,177,0.484],[54,"Milotic",0.48416,177,0.484],[55,"Darmanitan",0.47869,175,0.479],[56,"Aerodactyl",0.46228,169,0.462],[57,"Aerodactyl-Mega",0.45954,168,0.46],[58,"Smeargle",0.44587,163,0.446],[59,"Volcanion",0.44587,163,0.446],[60,"Thundurus-Therian",0.44313,162,0.443],[61,"Swampert",0.4404,161,0.44],[62,"Slowbro",0.43219,158,0.432],[63,"Chandelure",0.42125,154,0.421],[64,"Donphan",0.41851,153,0.419],[65,"Togekiss",0.39389,144,0.394],[66,"Victini",0.38569,141,0.386],[67,"Tyranitar-Mega",0.38295,140,0.383],[68,"Amoonguss",0.38022,139,0.38],[69,"Cloyster",0.38022,139,0.38],[70,"Sceptile-Mega",0.37201,136,0.372],[71,"Heliolisk",0.35013,128,0.35],[72,"Xatu",0.34192,125,0.342],[73,"Scizor",0.34192,125,0.342],[74,"Sableye",0.33919,124,0.339],[75,"Garchomp-Mega",0.33645,123,0.336],[76,"Machamp",0.32277,118,0.323],[77,"Bronzong",0.32277,118,0.323],[78,"Crobat",0.31457,115,0.315],[79,"Raikou",0.30636,112,0.306],[80,"Metagross",0.30363,111,0.304],[81,"Snorlax",0.30363,111,0.304],[82,"Seismitoad",0.29816,109,0.298],[83,"Pikachu",0.28995,106,0.29],[84,"Nidoking",0.28995,106,0.29],[85,"Tangrowth",0.28721,105,0.287],[86,"Goodra",0.27901,102,0.279],[87,"Staraptor",0.27627,101,0.276],[88,"Conkeldurr",0.26807,98,0.268],[89,"Roserade",0.2626,96,0.263],[90,"Altaria-Mega",0.25986,95,0.26],[91,"Rotom-Heat",0.25986,95,0.26],[92,"Uxie",0.25986,95,0.26],[93,"Arcanine",0.25986,95,0.26],[94,"Suicune",0.25713,94,0.257],[95,"Swampert-Mega",0.25439,93,0.254],[96,"Porygon-Z",0.25439,93,0.254],[97,"Alakazam",0.24618,90,0.246],[98,"Gallade-Mega",0.24618,90,0.246],[99,"Miltank",0.24618,90,0.246],[100,"Aggron-Mega",0.24345,89,0.243],[101,"Gyarados",0.22977,84,0.23],[102,"Scolipede",0.2243,82,0.224],[103,"Alakazam-Mega",0.22157,81,0.222],[104,"Whimsicott",0.21883,80,0.219],[105,"Porygon2",0.21883,80,0.219],[106,"Jellicent",0.21609,79,0.216],[107,"Ariados",0.21336,78,0.213],[108,"Vaporeon",0.21336,78,0.213],[109,"Drapion",0.21336,78,0.213],[110,"Crawdaunt",0.20515,75,0.205],[111,"Steelix",0.20515,75,0.205],[112,"Latias",0.19968,73,0.2],[113,"Lucario",0.19695,72,0.197],[114,"Salamence",0.19695,72,0.197],[115,"Blastoise-Mega",0.19421,71,0.194],[116,"Rhyperior",0.19148,70,0.191],[117,"Electivire",0.19148,70,0.191],[118,"Heracross-Mega",0.18874,69,0.189],[119,"Krookodile",0.18327,67,0.183],[120,"Tentacruel",0.18327,67,0.183],[121,"Flygon",0.1778,65,0.178],[122,"Blissey",0.17506,64,0.175],[123,"Empoleon",0.17233,63,0.172],[124,"Gyarados-Mega",0.17233,63,0.172],[125,"Abomasnow-Mega",0.16959,62,0.17],[126,"Mienshao",0.16686,61,0.167],[127,"Ditto",0.16139,59,0.161],[128,"Golurk",0.15865,58,0.159],[129,"Noivern",0.15592,57,0.156],[130,"Froslass",0.15592,57,0.156],[131,"Gigalith",0.15318,56,0.153],[132,"Espeon",0.15318,56,0.153],[133,"Beedrill-Mega",0.15045,55,0.15],[134,"Hawlucha",0.14771,54,0.148],[135,"Umbreon",0.14771,54,0.148],[136,"Diggersby",0.14498,53,0.145],[137,"Pidgeot-Mega",0.14498,53,0.145],[138,"Latios-Mega",0.14224,52,0.142],[139,"Nidoqueen",0.14224,52,0.142],[140,"Raichu",0.14224,52,0.142],[141,"Zoroark",0.13677,50,0.137],[142,"Sylveon",0.13677,50,0.137],[143,"Slowbro-Mega",0.12583,46,0.126],[144,"Kingdra",0.12583,46,0.126],[145,"Absol-Mega",0.12036,44,0.12],[146,"Torterra",0.11762,43,0.118],[147,"Entei",0.11762,43,0.118],[148,"Chesnaught",0.11762,43,0.118],[149,"Feraligatr",0.11762,43,0.118],[150,"Tyrantrum",0.11762,43,0.118],[151,"Rattata",0.11489,42,0.115],[152,"Archeops",0.11489,42,0.115],[153,"Gardevoir",0.10942,40,0.109],[154,"Lanturn",0.10668,39,0.107],[155,"Wailord",0.10668,39,0.107],[156,"Ambipom",0.10394,38,0.104],[157,"Pinsir-Mega",0.10394,38,0.104],[158,"Zangoose",0.10121,37,0.101],[159,"Golem",0.10121,37,0.101],[160,"Quagsire",0.09847,36,0.098],[161,"Gallade",0.09574,35,0.096],[162,"Dunsparce",0.09574,35,0.096],[163,"Typhlosion",0.09574,35,0.096],[164,"Charizard",0.09574,35,0.096],[165,"Latias-Mega",0.09574,35,0.096],[166,"Crustle",0.093,34,0.093],[167,"Meowstic",0.093,34,0.093],[168,"Scrafty",0.093,34,0.093],[169,"Exploud",0.09027,33,0.09],[170,"Druddigon",0.09027,33,0.09],[171,"Weezing",0.08753,32,0.088],[172,"Liepard",0.08753,32,0.088],[173,"Cofagrigus",0.08753,32,0.088],[174,"Luxray",0.08753,32,0.088],[175,"Steelix-Mega",0.08753,32,0.088],[176,"Cresselia",0.0848,31,0.085],[177,"Dragalge",0.0848,31,0.085],[178,"Venusaur",0.0848,31,0.085],[179,"Terrakion",0.0848,31,0.085],[180,"Haxorus",0.0848,31,0.085],[181,"Delphox",0.0848,31,0.085],[182,"Lapras",0.07933,29,0.079],[183,"Rotom-Mow",0.07933,29,0.079],[184,"Audino-Mega",0.07933,29,0.079],[185,"Shedinja",0.07659,28,0.077],[186,"Reuniclus",0.07386,27,0.074],[187,"Alomomola",0.06838,25,0.068],[188,"Hitmonchan",0.06838,25,0.068],[189,"Dusknoir",0.06838,25,0.068],[190,"Celebi",0.06565,24,0.066],[191,"Floatzel",0.06565,24,0.066],[192,"Pangoro",0.06565,24,0.066],[193,"Cradily",0.06565,24,0.066],[194,"Eelektross",0.06291,23,0.063],[195,"Honchkrow",0.06291,23,0.063],[196,"Banette-Mega",0.06291,23,0.063],[197,"Ampharos-Mega",0.06291,23,0.063],[198,"Mandibuzz",0.06018,22,0.06],[199,"Sceptile",0.06018,22,0.06],[200,"Heracross",0.06018,22,0.06],[201,"Gastrodon",0.06018,22,0.06],[202,"Swellow",0.05744,21,0.057],[203,"Illumise",0.05744,21,0.057],[204,"Stoutland",0.05744,21,0.057],[205,"Rhydon",0.05744,21,0.057],[206,"Dugtrio",0.05744,21,0.057],[207,"Ninjask",0.05744,21,0.057],[208,"Zygarde",0.05744,21,0.057],[209,"Durant",0.05471,20,0.055],[210,"Kyurem",0.05471,20,0.055],[211,"Blastoise",0.05471,20,0.055],[212,"Lopunny",0.05471,20,0.055],[213,"Dusclops",0.05471,20,0.055],[214,"Houndoom",0.05471,20,0.055],[215,"Rampardos",0.05471,20,0.055],[216,"Cinccino",0.05471,20,0.055],[217,"Ludicolo",0.05471,20,0.055],[218,"Absol",0.05197,19,0.052],[219,"Gligar",0.05197,19,0.052],[220,"Trevenant",0.04924,18,0.049],[221,"Slowking",0.04924,18,0.049],[222,"Clawitzer",0.04924,18,0.049],[223,"Magmortar",0.04924,18,0.049],[224,"Aggron",0.0465,17,0.047],[225,"Slaking",0.0465,17,0.047],[226,"Relicanth",0.0465,17,0.047],[227,"Moltres",0.0465,17,0.047],[228,"Zebstrika",0.04377,16,0.044],[229,"Sigilyph",0.04377,16,0.044],[230,