{"total":80532,"data":{"header":["Rank","Pokemon","Usage Percentage","Usage Raw","Usage Raw Percentage"],"rows":[[1,"Landorus-Therian",6.59689,4808,5.97],[2,"Mew",5.49541,1998,2.481],[3,"Tornadus-Therian",5.06842,1709,2.122],[4,"Rotom-Wash",4.36818,2947,3.659],[5,"Weavile",4.21591,1990,2.471],[6,"Thundurus",3.8314,1400,1.738],[7,"Garchomp",3.59058,2708,3.363],[8,"Clefable",3.45569,1816,2.255],[9,"Excadrill",3.18641,2226,2.764],[10,"Keldeo",2.85378,1175,1.459],[11,"Serperior",2.7439,1774,2.203],[12,"Diancie-Mega",2.65562,1215,1.509],[13,"Lopunny-Mega",2.62569,1159,1.439],[14,"Zapdos",2.6075,1842,2.287],[15,"Volcanion",2.08969,834,1.036],[16,"Heatran",1.89822,1438,1.786],[17,"Medicham-Mega",1.86596,699,0.868],[18,"Kyurem-Black",1.85887,705,0.875],[19,"Charizard-Mega-Y",1.84176,1613,2.003],[20,"Tyranitar",1.63287,1783,2.214],[21,"Azelf",1.60703,1305,1.62],[22,"Manectric-Mega",1.43437,678,0.842],[23,"Ferrothorn",1.34178,2083,2.587],[24,"Aerodactyl",1.25827,487,0.605],[25,"Gliscor",1.13791,1291,1.603],[26,"Metagross-Mega",1.00947,657,0.816],[27,"Talonflame",1.00133,932,1.157],[28,"Slowbro",0.93897,552,0.685],[29,"Cofagrigus",0.89897,370,0.459],[30,"Gardevoir-Mega",0.80748,483,0.6],[31,"Magnezone",0.80741,413,0.513],[32,"Bisharp",0.79483,530,0.658],[33,"Seismitoad",0.78628,249,0.309],[34,"Hippowdon",0.78354,919,1.141],[35,"Shuckle",0.77397,1497,1.859],[36,"Klefki",0.73347,674,0.837],[37,"Scizor-Mega",0.7195,444,0.551],[38,"Venusaur-Mega",0.68683,461,0.572],[39,"Skarmory",0.63709,1082,1.344],[40,"Gengar",0.62382,729,0.905],[41,"Latios",0.60915,420,0.522],[42,"Manaphy",0.58842,287,0.356],[43,"Tyranitar-Mega",0.57218,421,0.523],[44,"Victini",0.52867,351,0.436],[45,"Hydreigon",0.45144,311,0.386],[46,"Chansey",0.40258,295,0.366],[47,"Cloyster",0.39033,640,0.795],[48,"Amoonguss",0.3885,334,0.415],[49,"Azumarill",0.38133,857,1.064],[50,"Politoed",0.35959,714,0.887],[51,"Absol-Mega",0.34745,148,0.184],[52,"Latias-Mega",0.3383,122,0.151],[53,"Infernape",0.33687,558,0.693],[54,"Crawdaunt",0.32731,183,0.227],[55,"Alakazam-Mega",0.32548,165,0.205],[56,"Starmie",0.28458,410,0.509],[57,"Tangrowth",0.2741,159,0.197],[58,"Heracross-Mega",0.27146,196,0.243],[59,"Kyurem",0.27133,88,0.109],[60,"Thundurus-Therian",0.26966,221,0.274],[61,"Dragonite",0.26287,458,0.569],[62,"Breloom",0.25871,523,0.649],[63,"Charizard-Mega-X",0.24583,614,0.762],[64,"Gastrodon",0.23841,146,0.181],[65,"Diggersby",0.23368,152,0.189],[66,"Swampert-Mega",0.2191,287,0.356],[67,"Jirachi",0.21802,328,0.407],[68,"Latias",0.21566,232,0.288],[69,"Scizor",0.21227,297,0.369],[70,"Krookodile",0.20072,181,0.225],[71,"Mamoswine",0.19723,250,0.31],[72,"Alakazam",0.18941,119,0.148],[73,"Celebi",0.18904,45,0.056],[74,"Sceptile-Mega",0.18307,272,0.338],[75,"Blastoise-Mega",0.1811,197,0.245],[76,"Entei",0.17941,72,0.089],[77,"Tentacruel",0.17655,172,0.214],[78,"Swampert",0.17389,704,0.874],[79,"Gyarados-Mega",0.14196,196,0.243],[80,"Terrakion",0.14179,81,0.101],[81,"Volcarona",0.13999,479,0.595],[82,"Reuniclus",0.13533,64,0.079],[83,"Scolipede",0.13209,229,0.284],[84,"Galvantula",0.12684,620,0.77],[85,"Slowbro-Mega",0.1268,80,0.099],[86,"Cresselia",0.12442,144,0.179],[87,"Gallade-Mega",0.12186,118,0.147],[88,"Altaria-Mega",0.11571,100,0.124],[89,"Chandelure",0.11015,215,0.267],[90,"Suicune",0.10851,114,0.142],[91,"Beedrill-Mega",0.10577,230,0.286],[92,"Steelix-Mega",0.09819,36,0.045],[93,"Raikou",0.09483,105,0.13],[94,"Nidoking",0.09473,254,0.315],[95,"Alomomola",0.09332,56,0.07],[96,"Sableye",0.09093,274,0.34],[97,"Ninetales",0.09013,238,0.296],[98,"Golem",0.08748,148,0.184],[99,"Houndoom-Mega",0.08659,53,0.066],[100,"Smeargle",0.08544,327,0.406],[101,"Empoleon",0.08184,184,0.228],[102,"Aerodactyl-Mega",0.08001,103,0.128],[103,"Blissey",0.07963,100,0.124],[104,"Roserade",0.07955,191,0.237],[105,"Salamence",0.07852,72,0.089],[106,"Donphan",0.07445,268,0.333],[107,"Jellicent",0.07142,68,0.084],[108,"Clawitzer",0.06854,114,0.142],[109,"Forretress",0.06823,288,0.358],[110,"Pinsir-Mega",0.06698,59,0.073],[111,"Cobalion",0.06657,78,0.097],[112,"Mienshao",0.06623,247,0.307],[113,"Bronzong",0.06345,67,0.083],[114,"Metagross",0.06121,110,0.137],[115,"Arcanine",0.05992,328,0.407],[116,"Quagsire",0.05964,63,0.078],[117,"Probopass",0.05949,16,0.02],[118,"Conkeldurr",0.05872,320,0.397],[119,"Whimsicott",0.05055,170,0.211],[120,"Golurk",0.04985,114,0.142],[121,"Yanmega",0.04654,29,0.036],[122,"Umbreon",0.04167,154,0.191],[123,"Gyarados",0.04147,112,0.139],[124,"Togekiss",0.04031,210,0.261],[125,"Rotom-Heat",0.03974,139,0.173],[126,"Archeops",0.03925,45,0.056],[127,"Dragalge",0.03816,37,0.046],[128,"Mandibuzz",0.03273,26,0.032],[129,"Steelix",0.03227,101,0.125],[130,"Ditto",0.03128,51,0.063],[131,"Hariyama",0.03069,32,0.04],[132,"Trevenant",0.02985,67,0.083],[133,"Regirock",0.0284,36,0.045],[134,"Machamp",0.02705,346,0.43],[135,"Sylveon",0.02696,107,0.133],[136,"Noivern",0.02686,50,0.062],[137,"Pidgeot-Mega",0.02645,77,0.096],[138,"Latios-Mega",0.02603,30,0.037],[139,"Porygon-Z",0.02529,192,0.238],[140,"Jolteon",0.02453,334,0.415],[141,"Gardevoir",0.02445,98,0.122],[142,"Uxie",0.02311,29,0.036],[143,"Porygon2",0.02104,63,0.078],[144,"Darmanitan",0.02043,85,0.106],[145,"Tyrantrum",0.01995,242,0.301],[146,"Qwilfish",0.01988,13,0.016],[147,"Vaporeon",0.01866,327,0.406],[148,"Registeel",0.01831,32,0.04],[149,"Garchomp-Mega",0.01812,74,0.092],[150,"Staraptor",0.01785,93,0.115],[151,"Aggron-Mega",0.01753,163,0.202],[152,"Slurpuff",0.01718,95,0.118],[153,"Hitmontop",0.01694,33,0.041],[154,"Feraligatr",0.01576,61,0.076],[155,"Scrafty",0.01524,50,0.062],[156,"Abomasnow",0.0144,19,0.024],[157,"Raichu",0.01439,60,0.075],[158,"Crobat",0.01433,192,0.238],[159,"Heliolisk",0.01339,42,0.052],[160,"Chesnaught",0.01277,75,0.093],[161,"Accelgor",0.01233,65,0.081],[162,"Lucario",0.01181,50,0.062],[163,"Gothitelle",0.01105,8,0.01],[164,"Ambipom",0.01095,65,0.081],[165,"Sharpedo",0.0108,13,0.016],[166,"Espeon",0.01056,287,0.356],[167,"Lanturn",0.01023,51,0.063],[168,"Crustle",0.01014,20,0.025],[169,"Zygarde",0.0101,32,0.04],[170,"Banette-Mega",0.00985,35,0.043],[171,"Claydol",0.0096,72,0.089],[172,"Kingdra",0.00951,85,0.106],[173,"Durant",0.00949,9,0.011],[174,"Goodra",0.00913,55,0.068],[175,"Froslass",0.00875,161,0.2],[176,"Ariados",0.00866,20,0.025],[177,"Vivillon",0.00847,31,0.038],[178,"Xatu",0.00825,21,0.026],[179,"Dustox",0.00789,20,0.025],[180,"Shaymin",0.00776,15,0.019],[181,"Graveler",0.00746,26,0.032],[182,"Haxorus",0.00733,35,0.043],[183,"Unfezant",0.00698,27,0.034],[184,"Sawk",0.0069,55,0.068],[185,"Hawlucha",0.00681,44,0.055],[186,"Weezing",0.00679,27,0.034],[187,"Sigilyph",0.0065,43,0.053],[188,"Pelipper",0.00635,15,0.019],[189,"Doublade",0.0063,34,0.042],[190,"Magneton",0.00619,13,0.016],[191,"Milotic",0.00601,147,0.183],[192,"Gigalith",0.00557,56,0.07],[193,"Blastoise",0.00555,58,0.072],[194,"Manectric",0.00529,67,0.083],[195,"Hoopa",0.00528,24,0.03],[196,"Gourgeist-Large",0.00501,2,0.002],[197,"Snorlax",0.00492,116,0.144],[198,"Dusclops",0.00491,66,0.082],[199,"Spiritomb",0.00487,80,0.099],[200,"Klinklang",0.00485,3,0.004],[201,"Ampharos",0.00456,22,0.027],[202,"Venomoth",0.00448,29,0.036],[203,"Dugtrio",0.00439,27,0.034],[204,"Chatot",0.00388,28,0.035],[205,"Leafeon",0.00383,75,0.093],[206,"Zoroark",0.00382,66,0.082],[207,"Swoobat",0.00378,5,0.006],[208,"Jynx",0.00376,19,0.024],[209,"Tornadus",0.00374,26,0.032],[210,"Drapion",0.00356,31,0.038],[211,"Rotom-Mow",0.00344,27,0.034],[212,"Heracross",0.00334,25,0.031],[213,"Virizion",0.00298,3,0.004],[214,"Venusaur",0.00284,51,0.063],[215,"Combusken",0.00277,12,0.015],[216,"Glalie-Mega",0.00275,6,0.007],[217,"Ursaring",0.0027,25,0.031],[218,"Lapras",0.00269,64,0.079],[219,"Flygon",0.00256,30,0.037],[220,"Nidoqueen",0.00242,39,0.048],[221,"Slowking",0.00236,32,0.04],[222,"Masquerain",0.00228,23,0.029],[223,"Ludicolo",0.00222,21,0.026],[224,"Exploud",0.00216,28,0.035],[225,"Abomasnow-Mega",0.00181,20,0.025],[226,"Solosis",0.00181,11,0.014],[227,"Poliwrath",0.00177,8,0.01],[228,"Octillery",