{"total":25894,"data":{"header":["Rank","Pokemon","Usage Percentage","Usage Raw","Usage Raw Percentage"],"rows":[[1,"Landorus-Therian",5.62429,1212,4.681],[2,"Garchomp",4.34989,1046,4.04],[3,"Ferrothorn",3.80114,1027,3.966],[4,"Heatran",3.08468,698,2.696],[5,"Rotom-Wash",2.65284,626,2.418],[6,"Shuckle",2.6377,585,2.259],[7,"Diancie-Mega",2.04015,408,1.576],[8,"Skarmory",1.93718,488,1.885],[9,"Azelf",1.93093,406,1.568],[10,"Tyranitar",1.89418,497,1.919],[11,"Medicham-Mega",1.80136,340,1.313],[12,"Keldeo",1.75822,362,1.398],[13,"Talonflame",1.69895,437,1.688],[14,"Clefable",1.67069,383,1.479],[15,"Lopunny-Mega",1.5187,311,1.201],[16,"Charizard-Mega-Y",1.49282,379,1.464],[17,"Weavile",1.43678,331,1.278],[18,"Tornadus-Therian",1.41218,277,1.07],[19,"Gliscor",1.38291,402,1.552],[20,"Serperior",1.36131,287,1.108],[21,"Thundurus",1.34777,313,1.209],[22,"Charizard-Mega-X",1.32803,361,1.394],[23,"Politoed",1.23282,311,1.201],[24,"Gengar",1.1665,326,1.259],[25,"Mew",1.13566,260,1.004],[26,"Excadrill",1.09614,269,1.039],[27,"Zapdos",1.08621,257,0.993],[28,"Breloom",1.06288,286,1.105],[29,"Forretress",1.05974,282,1.089],[30,"Metagross-Mega",1.02413,289,1.116],[31,"Dragonite",0.97459,256,0.989],[32,"Infernape",0.96435,279,1.077],[33,"Latios",0.89637,190,0.734],[34,"Hippowdon",0.85009,205,0.792],[35,"Gardevoir-Mega",0.83246,194,0.749],[36,"Azumarill",0.76386,221,0.853],[37,"Scizor-Mega",0.74346,166,0.641],[38,"Hydreigon",0.7093,153,0.591],[39,"Magnezone",0.70152,154,0.595],[40,"Manaphy",0.68727,182,0.703],[41,"Volcanion",0.66838,210,0.811],[42,"Tentacruel",0.61918,175,0.676],[43,"Venusaur-Mega",0.60812,149,0.575],[44,"Nidoking",0.54335,149,0.575],[45,"Beedrill-Mega",0.54156,120,0.463],[46,"Bisharp",0.51598,163,0.629],[47,"Raikou",0.51269,113,0.436],[48,"Smeargle",0.50386,144,0.556],[49,"Blastoise-Mega",0.50007,109,0.421],[50,"Goodra",0.49458,113,0.436],[51,"Kyurem-Black",0.48911,139,0.537],[52,"Starmie",0.48049,127,0.49],[53,"Meowstic",0.47029,142,0.548],[54,"Galvantula",0.46012,152,0.587],[55,"Manectric-Mega",0.45013,118,0.456],[56,"Machamp",0.40385,103,0.398],[57,"Chansey",0.40279,105,0.405],[58,"Volcarona",0.40218,113,0.436],[59,"Jirachi",0.39224,97,0.375],[60,"Mamoswine",0.38358,85,0.328],[61,"Swampert",0.38154,103,0.398],[62,"Klefki",0.37844,111,0.429],[63,"Amoonguss",0.37771,98,0.378],[64,"Thundurus-Therian",0.37217,79,0.305],[65,"Roserade",0.35793,132,0.51],[66,"Flygon",0.35349,98,0.378],[67,"Staraptor",0.34461,86,0.332],[68,"Tyranitar-Mega",0.33695,103,0.398],[69,"Jolteon",0.32594,101,0.39],[70,"Aerodactyl",0.31462,84,0.324],[71,"Donphan",0.31063,100,0.386],[72,"Victini",0.30849,71,0.274],[73,"Scizor",0.30133,92,0.355],[74,"Banette-Mega",0.29192,57,0.22],[75,"Gyarados",0.29187,115,0.444],[76,"Cloyster",0.28433,91,0.351],[77,"Krookodile",0.28095,115,0.444],[78,"Chandelure",0.27341,76,0.294],[79,"Houndoom",0.27099,86,0.332],[80,"Empoleon",0.2699,67,0.259],[81,"Mienshao",0.26782,80,0.309],[82,"Suicune",0.26443,55,0.212],[83,"Snorlax",0.26363,109,0.421],[84,"Tangrowth",0.26038,55,0.212],[85,"Conkeldurr",0.25967,83,0.321],[86,"Slowbro-Mega",0.25578,68,0.263],[87,"Cofagrigus",0.25197,72,0.278],[88,"Terrakion",0.25119,55,0.212],[89,"Gyarados-Mega",0.25006,69,0.266],[90,"Slowbro",0.24368,70,0.27],[91,"Ninetales",0.24294,81,0.313],[92,"Salamence",0.23374,87,0.336],[93,"Hawlucha",0.23078,62,0.239],[94,"Sableye",0.22694,70,0.27],[95,"Milotic",0.22008,64,0.247],[96,"Togekiss",0.21953,72,0.278],[97,"Porygon-Z",0.21812,69,0.266],[98,"Metagross",0.21332,53,0.205],[99,"Xatu",0.21307,58,0.224],[100,"Uxie",0.21016,39,0.151],[101,"Alakazam-Mega",0.20253,55,0.212],[102,"Sylveon",0.20003,55,0.212],[103,"Pikachu",0.19199,81,0.313],[104,"Raichu",0.19167,63,0.243],[105,"Darmanitan",0.19145,56,0.216],[106,"Absol-Mega",0.18929,55,0.212],[107,"Lucario",0.17632,59,0.228],[108,"Alakazam",0.17465,47,0.182],[109,"Vaporeon",0.17308,59,0.228],[110,"Crobat",0.17015,56,0.216],[111,"Espeon",0.16706,60,0.232],[112,"Slurpuff",0.16609,75,0.29],[113,"Sceptile-Mega",0.16471,49,0.189],[114,"Altaria-Mega",0.16319,40,0.154],[115,"Gallade-Mega",0.16096,40,0.154],[116,"Rotom-Heat",0.16025,33,0.127],[117,"Latias",0.16006,35,0.135],[118,"Pinsir-Mega",0.15674,35,0.135],[119,"Heliolisk",0.15265,28,0.108],[120,"Swampert-Mega",0.14122,52,0.201],[121,"Mandibuzz",0.13956,36,0.139],[122,"Scolipede",0.13516,41,0.158],[123,"Drapion",0.13506,47,0.182],[124,"Masquerain",0.132,31,0.12],[125,"Ditto",0.13162,36,0.139],[126,"Venusaur",0.1301,40,0.154],[127,"Garchomp-Mega",0.12791,47,0.182],[128,"Arcanine",0.12737,45,0.174],[129,"Alomomola",0.12655,29,0.112],[130,"Nidoqueen",0.12629,33,0.127],[131,"Slowking",0.12471,41,0.158],[132,"Entei",0.12459,35,0.135],[133,"Weezing",0.1244,49,0.189],[134,"Aerodactyl-Mega",0.11746,37,0.143],[135,"Bastiodon",0.11501,30,0.116],[136,"Crawdaunt",0.11282,31,0.12],[137,"Heracross-Mega",0.11265,34,0.131],[138,"Bronzong",0.11254,31,0.12],[139,"Miltank",0.11187,29,0.112],[140,"Electivire",0.10995,36,0.139],[141,"Blastoise",0.10817,31,0.12],[142,"Noivern",0.10525,33,0.127],[143,"Haxorus",0.10274,33,0.127],[144,"Latias-Mega",0.1017,26,0.1],[145,"Diggersby",0.10169,26,0.1],[146,"Luxray",0.10088,33,0.127],[147,"Dugtrio",0.10074,31,0.12],[148,"Tyrantrum",0.09884,30,0.116],[149,"Blissey",0.09836,34,0.131],[150,"Cobalion",0.09658,23,0.089],[151,"Charizard",0.09473,37,0.143],[152,"Kingdra",0.09466,27,0.104],[153,"Porygon2",0.08868,31,0.12],[154,"Feraligatr",0.08851,25,0.097],[155,"Jellicent",0.08611,21,0.081],[156,"Aggron-Mega",0.08505,49,0.189],[157,"Froslass",0.08372,23,0.089],[158,"Ambipom",0.08294,24,0.093],[159,"Pidgeot-Mega",0.08122,27,0.104],[160,"Sceptile",0.07582,29,0.112],[161,"Rotom-Mow",0.07518,20,0.077],[162,"Steelix",0.07359,21,0.081],[163,"Gardevoir",0.07297,30,0.116],[164,"Whimsicott",0.07219,25,0.097],[165,"Seismitoad",0.06995,17,0.066],[166,"Gallade",0.06816,24,0.093],[167,"Rhyperior",0.06813,32,0.124],[168,"Umbreon",0.06744,29,0.112],[169,"Ludicolo",0.06712,23,0.089],[170,"Hariyama",0.06706,20,0.077],[171,"Diancie",0.06538,14,0.054],[172,"Chesnaught",0.0646,24,0.093],[173,"Regigigas",0.0645,24,0.093],[174,"Chatot",0.06411,15,0.058],[175,"Golurk",0.06321,13,0.05],[176,"Kabutops",0.06229,17,0.066],[177,"Quagsire",0.06223,20,0.077],[178,"Torterra",0.06165,20,0.077],[179,"Camerupt",0.06128,17,0.066],[180,"Clawitzer",0.05922,17,0.066],[181,"Aurorus",0.05838,21,0.081],[182,"Ninjask",0.05769,23,0.089],[183,"Camerupt-Mega",0.05673,19,0.073],[184,"Zoroark",0.05628,26,0.1],[185,"Steelix-Mega",0.05626,18,0.07],[186,"Honchkrow",0.05578,15,0.058],[187,"Reuniclus",0.05519,20,0.077],[188,"Claydol",0.05497,16,0.062],[189,"Braviary",0.05475,14,0.054],[190,"Dusclops",0.05387,15,0.058],[191,"Wigglytuff",0.05285,80,0.309],[192,"Kyurem",0.05194,13,0.05],[193,"Delphox",0.05183,24,0.093],[194,"Spiritomb",0.05156,13,0.05],[195,"Emboar",0.0513,21,0.081],[196,"Lapras",0.05076,19,0.073],[197,"Gastrodon",0.04996,13,0.05],[198,"Rhydon",0.0496,23,0.089],[199,"Barbaracle",0.04841,18,0.07],[200,"Celebi",0.04662,13,0.05],[201,"Abomasnow-Mega",0.0466,11,0.042],[202,"Typhlosion",0.0466,22,0.085],[203,"Mismagius",0.0459,21,0.081],[204,"Toxicroak",0.04476,15,0.058],[205,"Avalugg",0.04463,11,0.042],[206,"Mesprit",0.04454,13,0.05],[207,"Mightyena",0.04374,18,0.07],[208,"Malamar",0.04301,13,0.05],[209,"Aggron",0.0424,16,0.062],[210,"Gigalith",0.04232,12,0.046],[211,"Zygarde",0.04218,14,0.054],[212,"Doublade",0.0394,14,0.054],[213,"Golem",0.03933,17,0.066],[214,"Shedinja",0.03914,14,0.054],[215,"Abomasnow",0.03814,11,0.042],[216,"Mr. Mime",0.03748,15,0.058],[217,"Cinccino",0.03746,12,0.046],[218,"Hitmontop",0.03739,10,0.039],[219,"Yanmega",0.03718,13,0.05],[220,"Shaymin",0.03703,7,0.027],[221,"Druddigon",0.03627,24,0.093],[222,"Rattata",0.03602,16,0.062],[223,"Koffing",0.03418,8,0.031],[224,"Kecleon",0.03414,9,0.035],[225,"Carracosta",0.03397,11,0.042],[226,"Liepard",0.0339,8,0.031],[227,"Latios-Mega",0.03349,10,0.039],[228,"Dusknoir",0.03304,10,0.039],[229,"Magneton",0.03248,6,0.023],[230,"Wobbuffet",0.03231,13,