{"total":1605566,"data":{"header":["Rank","Pokemon","Usage Percentage","Usage Raw","Usage Raw Percentage"],"rows":[[1,"Grimmsnarl",7.34763,84821,5.283],[2,"Regieleki",6.41166,63898,3.98],[3,"Incineroar",5.42879,67167,4.183],[4,"Dragapult",4.26783,47726,2.973],[5,"Landorus-Therian",4.18991,46041,2.868],[6,"Thundurus",4.08961,41744,2.6],[7,"Spectrier",3.62014,37938,2.363],[8,"Togekiss",3.61713,32715,2.038],[9,"Porygon2",3.40517,37534,2.338],[10,"Venusaur",3.22183,30385,1.892],[11,"Indeedee-F",2.91508,50562,3.149],[12,"Clefairy",2.84491,30683,1.911],[13,"Whimsicott",2.67239,52135,3.247],[14,"Celesteela",2.13444,27858,1.735],[15,"Urshifu-Rapid-Strike",2.0667,21127,1.316],[16,"Amoonguss",1.80651,19281,1.201],[17,"Urshifu",1.72666,24067,1.499],[18,"Tapu Fini",1.68211,28412,1.77],[19,"Blastoise",1.65309,17389,1.083],[20,"Glastrier",1.55604,14785,0.921],[21,"Rillaboom",1.53629,31005,1.931],[22,"Moltres-Galar",1.51845,22057,1.374],[23,"Coalossal",1.42961,21352,1.33],[24,"Dusclops",1.40212,25852,1.61],[25,"Metagross",1.13262,26190,1.631],[26,"Garchomp",1.11243,17292,1.077],[27,"Gothitelle",0.94551,9809,0.611],[28,"Hatterene",0.82074,18983,1.182],[29,"Torkoal",0.77659,20409,1.271],[30,"Raichu",0.76773,14487,0.902],[31,"Tornadus",0.76705,22749,1.417],[32,"Zapdos",0.76564,14212,0.885],[33,"Mamoswine",0.72286,8886,0.553],[34,"Entei",0.70548,9754,0.608],[35,"Charizard",0.66692,10496,0.654],[36,"Porygon-Z",0.58325,8327,0.519],[37,"Cinderace",0.57225,12047,0.75],[38,"Kingdra",0.56948,11923,0.743],[39,"Kartana",0.5533,11209,0.698],[40,"Weezing",0.53647,11439,0.712],[41,"Rotom-Heat",0.51848,9732,0.606],[42,"Stakataka",0.5016,9966,0.621],[43,"Regidrago",0.46,5141,0.32],[44,"Tyranitar",0.41457,12122,0.755],[45,"Heatran",0.3965,6892,0.429],[46,"Mimikyu",0.34456,7547,0.47],[47,"Tapu Lele",0.3408,5840,0.364],[48,"Indeedee",0.33724,5194,0.323],[49,"Nihilego",0.33123,6298,0.392],[50,"Milotic",0.32757,8549,0.532],[51,"Lapras",0.31129,13321,0.83],[52,"Terrakion",0.3092,4728,0.294],[53,"Rotom-Wash",0.30516,5949,0.371],[54,"Tapu Koko",0.30106,7920,0.493],[55,"Politoed",0.29961,9352,0.582],[56,"Registeel",0.28591,3603,0.224],[57,"Regigigas",0.28226,10560,0.658],[58,"Zapdos-Galar",0.27544,6811,0.424],[59,"Ninetales-Alola",0.27338,6190,0.386],[60,"Umbreon",0.27145,4184,0.261],[61,"Dracovish",0.26911,8706,0.542],[62,"Regirock",0.26473,4999,0.311],[63,"Cresselia",0.25541,3940,0.245],[64,"Sylveon",0.22348,4505,0.281],[65,"Liepard",0.19798,3619,0.225],[66,"Comfey",0.19549,12720,0.792],[67,"Cobalion",0.19465,3552,0.221],[68,"Excadrill",0.1896,6554,0.408],[69,"Articuno-Galar",0.18231,5054,0.315],[70,"Marowak-Alola",0.17305,3691,0.23],[71,"Vanilluxe",0.17242,2032,0.127],[72,"Suicune",0.15969,2702,0.168],[73,"Thundurus-Therian",0.15479,1500,0.093],[74,"Azumarill",0.15369,3128,0.195],[75,"Naganadel",0.14976,2691,0.168],[76,"Primarina",0.14825,4739,0.295],[77,"Snorlax",0.14755,4874,0.304],[78,"Pheromosa",0.13846,4715,0.294],[79,"Inteleon",0.12828,4724,0.294],[80,"Talonflame",0.12776,5905,0.368],[81,"Duraludon",0.12546,3165,0.197],[82,"Sableye",0.12173,7376,0.459],[83,"Volcarona",0.1185,2497,0.156],[84,"Darmanitan-Galar",0.11668,3000,0.187],[85,"Mienshao",0.10661,2222,0.138],[86,"Clefable",0.10655,5898,0.367],[87,"Bronzong",0.10526,2539,0.158],[88,"Alcremie",0.10309,2997,0.187],[89,"Bisharp",0.09967,2282,0.142],[90,"Rhydon",0.09873,348,0.022],[91,"Jynx",0.08599,1303,0.081],[92,"Gardevoir",0.08413,1416,0.088],[93,"Meowstic",0.08286,1989,0.124],[94,"Ferrothorn",0.08081,2502,0.156],[95,"Chandelure",0.0679,2426,0.151],[96,"Drifblim",0.06715,2130,0.133],[97,"Butterfree",0.06593,2216,0.138],[98,"Oranguru",0.06584,2541,0.158],[99,"Gastrodon",0.06332,4597,0.286],[100,"Krookodile",0.06217,1953,0.122],[101,"Slowking-Galar",0.06182,1376,0.086],[102,"Arctozolt",0.06097,1234,0.077],[103,"Hydreigon",0.06059,1543,0.096],[104,"Dragonite",0.06016,3239,0.202],[105,"Heliolisk",0.05955,928,0.058],[106,"Dracozolt",0.05915,2478,0.154],[107,"Lycanroc",0.05666,863,0.054],[108,"Tsareena",0.05469,1460,0.091],[109,"Gengar",0.05457,2507,0.156],[110,"Rhyperior",0.05401,1990,0.124],[111,"Blacephalon",0.05151,2256,0.141],[112,"Salamence",0.05138,2144,0.134],[113,"Togedemaru",0.05099,1416,0.088],[114,"Pelipper",0.05041,3487,0.217],[115,"Raikou",0.05032,1300,0.081],[116,"Landorus",0.0482,2294,0.143],[117,"Turtonator",0.04812,549,0.034],[118,"Kangaskhan",0.04801,1764,0.11],[119,"Latias",0.04631,2202,0.137],[120,"Weavile",0.045,4013,0.25],[121,"Regice",0.04262,651,0.041],[122,"Malamar",0.04141,1767,0.11],[123,"Corviknight",0.04123,2807,0.175],[124,"Goodra",0.04104,2758,0.172],[125,"Riolu",0.04093,3607,0.225],[126,"Kommo-o",0.03995,955,0.059],[127,"Persian-Alola",0.03901,1411,0.088],[128,"Froslass",0.03689,1716,0.107],[129,"Weezing-Galar",0.0365,2665,0.166],[130,"Hawlucha",0.03508,2859,0.178],[131,"Mudsdale",0.03476,2052,0.128],[132,"Sceptile",0.03287,2047,0.127],[133,"Scizor",0.03281,2484,0.155],[134,"Arcanine",0.03208,4080,0.254],[135,"Durant",0.0306,1671,0.104],[136,"Ninetales",0.02984,2487,0.155],[137,"Sneasel",0.0288,1590,0.099],[138,"Xurkitree",0.0261,1291,0.08],[139,"Vikavolt",0.02501,303,0.019],[140,"Tentacruel",0.02497,1058,0.066],[141,"Accelgor",0.02456,1717,0.107],[142,"Thievul",0.02455,609,0.038],[143,"Latios",0.02447,1103,0.069],[144,"Gyarados",0.02419,2430,0.151],[145,"Nidoking",0.02332,1352,0.084],[146,"Toxtricity",0.02329,1408,0.088],[147,"Seismitoad",0.02305,792,0.049],[148,"Araquanid",0.0222,827,0.052],[149,"Diggersby",0.02148,1170,0.073],[150,"Dusknoir",0.02123,930,0.058],[151,"Pikachu",0.0212,1193,0.074],[152,"Lucario",0.02059,2249,0.14],[153,"Slowbro",0.02035,1254,0.078],[154,"Slurpuff",0.02028,987,0.061],[155,"Hitmontop",0.01987,2041,0.127],[156,"Centiskorch",0.01975,763,0.048],[157,"Moltres",0.01935,746,0.046],[158,"Conkeldurr",0.01807,1445,0.09],[159,"Runerigus",0.01806,1554,0.097],[160,"Drednaw",0.01793,511,0.032],[161,"Blaziken",0.01685,1728,0.108],[162,"Lilligant",0.01673,1104,0.069],[163,"Sandslash-Alola",0.01635,539,0.034],[164,"Crobat",0.01558,1464,0.091],[165,"Perrserker",0.01545,496,0.031],[166,"Gallade",0.01538,734,0.046],[167,"Slowbro-Galar",0.01503,1234,0.077],[168,"Obstagoon",0.01501,1341,0.084],[169,"Articuno",0.01486,1173,0.073],[170,"Cradily",0.0144,1266,0.079],[171,"Chansey",0.01362,576,0.036],[172,"Gigalith",0.01346,1146,0.071],[173,"Tauros",0.01304,1387,0.086],[174,"Cofagrigus",0.01293,535,0.033],[175,"Jellicent",0.01271,1351,0.084],[176,"Braviary",0.01259,1363,0.085],[177,"Hitmonchan",0.01242,1486,0.093],[178,"Azelf",0.01229,327,0.02],[179,"Ludicolo",0.01189,1219,0.076],[180,"Alakazam",0.01178,1474,0.092],[181,"Swampert",0.01157,1214,0.076],[182,"Stoutland",0.01138,545,0.034],[183,"Virizion",0.01121,329,0.02],[184,"Barraskewda",0.01112,907,0.056],[185,"Stonjourner",0.01107,682,0.042],[186,"Tapu Bulu",0.01105,591,0.037],[187,"Mandibuzz",0.011,858,0.053],[188,"Salazzle",0.01052,1699,0.106],[189,"Trevenant",0.01,644,0.04],[190,"Hippowdon",0.00961,1025,0.064],[191,"Klefki",0.00944,897,0.056],[192,"Lickilicky",0.00913,443,0.028],[193,"Exeggutor-Alola",0.009,596,0.037],[194,"Leafeon",0.00895,637,0.04],[195,"Noivern",0.00889,746,0.046],[196,"Magnezone",0.00854,618,0.038],[197,"Aromatisse",0.00821,673,0.042],[198,"Aerodactyl",0.00784,802,0.05],[199,"Raichu-Alola",0.00758,905,0.056],[200,"Jolteon",0.00752,561,0.035],[201,"Manectric",0.00743,559,0.035],[202,"Shuckle",0.00729,890,0.055],[203,"Electivire",0.00724,1050,0.065],[204,"Avalugg",0.00719,552,0.034],[205,"Scrafty",0.00712,765,0.048],[206,"Luxray",0.00711,885,0.055],[207,"Dugtrio",0.00672,591,0.037],[208,"Escavalier",0.00664,683,0.043],[209,"Palossand",0.00652,732,0.046],[210,"Mr. Rime",0.00644,337,0.021],[211,"Arctovish",0.00644,558,0.035],[212,"Exeggutor",0.00627,617,0.038],[213,"Rotom-Frost",0.00626,214,0.013],[214,"Passimian",0.00616,935,0.058],[215,"Reuniclus",0.00605,734,0.046],[216,"Bouffalant",0.00602,551,0.034],[217,"Slowking",0.00575,419,0.026],[218,"Mantine",0.00548,162,0.01],[219,"Drampa",0.00545,375,0.023],[220,"Morpeko",