{"total":1481062,"data":{"header":["Rank","Pokemon","Usage Percentage","Usage Raw","Usage Raw Percentage"],"rows":[[1,"Indeedee-F",6.74817,94443,6.377],[2,"Whimsicott",5.65863,82672,5.582],[3,"Togekiss",5.49773,76830,5.187],[4,"Rillaboom",4.21056,60618,4.093],[5,"Cinderace",3.43323,45430,3.067],[6,"Kingdra",2.87384,42478,2.868],[7,"Incineroar",2.78001,37861,2.556],[8,"Hatterene",2.67891,36353,2.455],[9,"Amoonguss",2.51989,36795,2.484],[10,"Dragapult",2.4873,34226,2.311],[11,"Porygon2",2.33334,30981,2.092],[12,"Dusclops",2.30332,34143,2.305],[13,"Talonflame",2.27818,33808,2.283],[14,"Lapras",2.25054,30491,2.059],[15,"Politoed",2.03794,33133,2.237],[16,"Duraludon",1.71082,23442,1.583],[17,"Alakazam",1.68672,25788,1.741],[18,"Tyranitar",1.61781,23089,1.559],[19,"Indeedee",1.60754,20407,1.378],[20,"Excadrill",1.40839,19043,1.286],[21,"Venusaur",1.37901,19479,1.315],[22,"Primarina",1.31205,17832,1.204],[23,"Porygon-Z",1.26956,14947,1.009],[24,"Terrakion",1.10678,15855,1.071],[25,"Urshifu-Rapid-Strike",1.10067,16259,1.098],[26,"Grimmsnarl",0.96163,14953,1.01],[27,"Torkoal",0.87221,13693,0.925],[28,"Marowak-Alola",0.86446,13665,0.923],[29,"Urshifu",0.83246,11678,0.788],[30,"Krookodile",0.82599,13176,0.89],[31,"Scizor",0.74507,12097,0.817],[32,"Arcanine",0.73805,10224,0.69],[33,"Charizard",0.72089,10480,0.708],[34,"Bisharp",0.69276,8996,0.607],[35,"Azumarill",0.69136,10628,0.718],[36,"Snorlax",0.66622,10328,0.697],[37,"Magnezone",0.61818,9106,0.615],[38,"Gothitelle",0.60011,7928,0.535],[39,"Clefairy",0.59728,8167,0.551],[40,"Hitmontop",0.57587,8930,0.603],[41,"Mimikyu",0.57497,8546,0.577],[42,"Gyarados",0.55831,7999,0.54],[43,"Milotic",0.55453,8092,0.546],[44,"Corviknight",0.5447,8017,0.541],[45,"Chandelure",0.54423,8001,0.54],[46,"Cobalion",0.54106,7489,0.506],[47,"Riolu",0.53902,8074,0.545],[48,"Slowbro-Galar",0.53238,9032,0.61],[49,"Sableye",0.52158,8467,0.572],[50,"Volcarona",0.51628,7763,0.524],[51,"Coalossal",0.49848,7829,0.529],[52,"Rotom-Wash",0.49823,7594,0.513],[53,"Dracovish",0.40266,6383,0.431],[54,"Braviary",0.40179,5519,0.373],[55,"Sylveon",0.39773,6332,0.428],[56,"Inteleon",0.38187,6594,0.445],[57,"Weezing-Galar",0.34513,5900,0.398],[58,"Comfey",0.3446,4956,0.335],[59,"Blastoise",0.34438,5744,0.388],[60,"Durant",0.33375,4852,0.328],[61,"Gengar",0.32837,4879,0.329],[62,"Raichu-Alola",0.32596,5667,0.383],[63,"Toxtricity",0.30591,5077,0.343],[64,"Pincurchin",0.28287,5615,0.379],[65,"Conkeldurr",0.27321,4796,0.324],[66,"Raichu",0.27266,4474,0.302],[67,"Dracozolt",0.2666,3777,0.255],[68,"Drifblim",0.24516,3458,0.233],[69,"Darmanitan-Galar",0.23794,3933,0.266],[70,"Pelipper",0.23581,4326,0.292],[71,"Hawlucha",0.23523,3703,0.25],[72,"Accelgor",0.23245,4327,0.292],[73,"Ninetales-Alola",0.23231,4125,0.279],[74,"Meowstic",0.22127,4087,0.276],[75,"Rhyperior",0.21657,3600,0.243],[76,"Klefki",0.21635,3547,0.239],[77,"Clawitzer",0.21179,4203,0.284],[78,"Tauros",0.21019,3783,0.255],[79,"Ferrothorn",0.20822,3667,0.248],[80,"Goodra",0.20583,2888,0.195],[81,"Palossand",0.20271,3836,0.259],[82,"Liepard",0.20268,3081,0.208],[83,"Froslass",0.20234,3534,0.239],[84,"Luxray",0.19474,3784,0.255],[85,"Ninetales",0.18845,3270,0.221],[86,"Butterfree",0.18464,3158,0.213],[87,"Ludicolo",0.1841,3128,0.211],[88,"Bronzong",0.18234,2871,0.194],[89,"Weavile",0.17794,3260,0.22],[90,"Gastrodon",0.17621,3347,0.226],[91,"Mienshao",0.17288,2697,0.182],[92,"Oranguru",0.17257,3091,0.209],[93,"Barraskewda",0.17046,2910,0.196],[94,"Togedemaru",0.16831,2482,0.168],[95,"Gardevoir",0.16223,2392,0.162],[96,"Reuniclus",0.15821,2441,0.165],[97,"Slowbro",0.1479,2229,0.151],[98,"Dragalge",0.14768,2386,0.161],[99,"Persian-Alola",0.14653,2017,0.136],[100,"Jellicent",0.14123,2257,0.152],[101,"Sandslash-Alola",0.13731,2319,0.157],[102,"Lilligant",0.13403,2079,0.14],[103,"Lucario",0.12752,2496,0.169],[104,"Alcremie",0.1263,2234,0.151],[105,"Rotom-Heat",0.12357,1925,0.13],[106,"Umbreon",0.11484,1722,0.116],[107,"Starmie",0.11123,2053,0.139],[108,"Exeggutor",0.10818,1592,0.107],[109,"Kangaskhan",0.10588,1696,0.115],[110,"Lycanroc-Dusk",0.10378,1890,0.128],[111,"Scrafty",0.09754,1627,0.11],[112,"Pikachu",0.09624,1889,0.128],[113,"Hydreigon",0.09448,1554,0.105],[114,"Mudsdale",0.09433,1466,0.099],[115,"Slowking",0.09319,1485,0.1],[116,"Tsareena",0.08409,1348,0.091],[117,"Mandibuzz",0.08314,1192,0.08],[118,"Ribombee",0.08285,1503,0.101],[119,"Poliwrath",0.0824,1563,0.106],[120,"Clefable",0.08055,1720,0.116],[121,"Vanilluxe",0.08042,1186,0.08],[122,"Scolipede",0.07868,1752,0.118],[123,"Diggersby",0.07766,1060,0.072],[124,"Orbeetle",0.0767,1303,0.088],[125,"Lurantis",0.0758,1513,0.102],[126,"Lycanroc",0.07539,1144,0.077],[127,"Rotom-Mow",0.07474,1236,0.083],[128,"Noivern",0.07348,1278,0.086],[129,"Stoutland",0.07342,1244,0.084],[130,"Heliolisk",0.07036,1351,0.091],[131,"Escavalier",0.07031,1067,0.072],[132,"Espeon",0.06916,1158,0.078],[133,"Malamar",0.06788,1359,0.092],[134,"Gigalith",0.06769,1122,0.076],[135,"Drednaw",0.06716,1099,0.074],[136,"Scyther",0.06659,1310,0.088],[137,"Stonjourner",0.06522,947,0.064],[138,"Obstagoon",0.06418,1094,0.074],[139,"Runerigus",0.06396,1392,0.094],[140,"Salazzle",0.06373,1243,0.084],[141,"Haxorus",0.06103,1108,0.075],[142,"Dusknoir",0.06012,1129,0.076],[143,"Jolteon",0.05875,1229,0.083],[144,"Exeggutor-Alola",0.05707,1065,0.072],[145,"Heracross",0.05683,1111,0.075],[146,"Aegislash",0.05595,1050,0.071],[147,"Mantine",0.05566,860,0.058],[148,"Boltund",0.05394,936,0.063],[149,"Dhelmise",0.05205,954,0.064],[150,"Golduck",0.05096,931,0.063],[151,"Virizion",0.05028,863,0.058],[152,"Silvally",0.04982,884,0.06],[153,"Morpeko",0.04954,890,0.06],[154,"Lickilicky",0.04751,980,0.066],[155,"Machamp",0.0474,1073,0.072],[156,"Greedent",0.04623,592,0.04],[157,"Leafeon",0.04586,745,0.05],[158,"Tentacruel",0.04467,584,0.039],[159,"Araquanid",0.04347,692,0.047],[160,"Bouffalant",0.04219,851,0.057],[161,"Gallade",0.04145,799,0.054],[162,"Passimian",0.04139,594,0.04],[163,"Kommo-o",0.04116,847,0.057],[164,"Golisopod",0.04067,666,0.045],[165,"Beartic",0.04032,772,0.052],[166,"Thievul",0.03973,760,0.051],[167,"Seismitoad",0.03953,709,0.048],[168,"Sharpedo",0.03902,803,0.054],[169,"Mamoswine",0.03526,740,0.05],[170,"Wigglytuff",0.03395,582,0.039],[171,"Tangrowth",0.03303,665,0.045],[172,"Drapion",0.03291,638,0.043],[173,"Hitmonlee",0.03201,588,0.04],[174,"Toxicroak",0.03189,607,0.041],[175,"Emolga",0.03116,602,0.041],[176,"Slurpuff",0.03063,488,0.033],[177,"Drampa",0.0301,501,0.034],[178,"Abomasnow",0.03,504,0.034],[179,"Rotom-Fan",0.02992,410,0.028],[180,"Swoobat",0.02939,709,0.048],[181,"Sirfetch'd",0.02855,496,0.033],[182,"Vikavolt",0.02832,510,0.034],[183,"Copperajah",0.02827,551,0.037],[184,"Sandaconda",0.02805,483,0.033],[185,"Klinklang",0.02792,494,0.033],[186,"Shuckle",0.02704,624,0.042],[187,"Unfezant",0.02692,515,0.035],[188,"Chansey",0.02674,502,0.034],[189,"Dedenne",0.02652,560,0.038],[190,"Roserade",0.02599,472,0.032],[191,"Togetic",0.02577,544,0.037],[192,"Perrserker",0.02514,501,0.034],[193,"Exploud",0.02408,532,0.036],[194,"Crawdaunt",0.02407,423,0.029],[195,"Cofagrigus",0.02379,459,0.031],[196,"Mr. Rime",0.0231,371,0.025],[197,"Kingler",0.02271,430,0.029],[198,"Lopunny",0.02269,563,0.038],[199,"Toxapex",0.022,480,0.032],[200,"Hippowdon",0.02197,453,0.031],[201,"Centiskorch",0.0214,395,0.027],[202,"Flygon",0.02118,436,0.029],[203,"Blissey",0.02069,456,0.031],[204,"Falinks",0.02045,403,0.027],[205,"Miltank",0.0203,440,0.03],[206,"Sigilyph",0.02009,364,0.025],[207,"Manectric",0.01983,382,0.026],[208,"Frosmoth",0.01932,451,0.03],[209,"Cinccino",0.01909,500,0.034],[210,"Torracat",0.01903,357,0.024],[211,"Qwilfish",0.01867,428,0.029],[212,"Sneasel",0.01837,246,0.017],[213,"Flapple",0.01834,350,0.024],[214,"Mr. Mime-Galar",0.01786,366,0.025],[215,"Polteageist",0.01777,407,0.027],[216,"Gourgeist-Super",0.01743,294,0.02],[217,"Dugtrio",0.01724,259,0.017],[218,"Aromatisse",0.01677,321,0.022],[219,"Lycanroc-Midnight",0.01677,394,0.027],[220,"Skarmory",0.01636,353,0.024],[221,"Glaceon",