{"total":18316,"data":{"header":["Rank","Pokemon","Usage Percentage","Usage Raw","Usage Raw Percentage"],"rows":[[1,"Druddigon",4.31589,689,3.762],[2,"Registeel",3.78379,666,3.636],[3,"Ambipom",3.74198,745,4.067],[4,"Bronzong",3.52632,658,3.592],[5,"Flygon",3.14022,520,2.839],[6,"Drapion",3.1107,603,3.292],[7,"Jolteon",3.10857,561,3.063],[8,"Diancie",3.04807,531,2.899],[9,"Rhyperior",2.82628,462,2.522],[10,"Uxie",2.22251,407,2.222],[11,"Seismitoad",2.11964,342,1.867],[12,"Escavalier",1.95057,308,1.682],[13,"Camerupt-Mega",1.92251,326,1.78],[14,"Aerodactyl",1.82995,376,2.053],[15,"Cofagrigus",1.77636,332,1.813],[16,"Banette-Mega",1.75305,344,1.878],[17,"Scrafty",1.72912,309,1.687],[18,"Accelgor",1.61717,314,1.714],[19,"Cinccino",1.6032,305,1.665],[20,"Rotom-Mow",1.56102,256,1.398],[21,"Hitmonlee",1.3761,276,1.507],[22,"Alomomola",1.35721,203,1.108],[23,"Exploud",1.31173,224,1.223],[24,"Magneton",1.29779,217,1.185],[25,"Blastoise",1.2712,226,1.234],[26,"Glalie-Mega",1.22144,220,1.201],[27,"Steelix",1.20602,198,1.081],[28,"Delphox",1.18258,224,1.223],[29,"Typhlosion",1.10324,192,1.048],[30,"Clawitzer",1.04998,197,1.076],[31,"Qwilfish",1.03955,200,1.092],[32,"Eelektross",1.00536,194,1.059],[33,"Meloetta",0.97786,152,0.83],[34,"Venusaur",0.97544,173,0.945],[35,"Sigilyph",0.96042,188,1.026],[36,"Smeargle",0.87388,145,0.792],[37,"Mesprit",0.85413,134,0.732],[38,"Claydol",0.80085,152,0.83],[39,"Slowking",0.7808,139,0.759],[40,"Jellicent",0.76847,138,0.753],[41,"Hitmontop",0.72208,130,0.71],[42,"Ferroseed",0.69309,122,0.666],[43,"Sneasel",0.6797,125,0.682],[44,"Braviary",0.6674,120,0.655],[45,"Hoopa",0.65862,126,0.688],[46,"Archeops",0.64384,104,0.568],[47,"Gallade",0.62406,118,0.644],[48,"Miltank",0.59224,95,0.519],[49,"Medicham",0.58498,109,0.595],[50,"Spiritomb",0.56625,111,0.606],[51,"Virizion",0.56283,103,0.562],[52,"Malamar",0.53817,91,0.497],[53,"Sandslash",0.52109,107,0.584],[54,"Absol",0.4821,102,0.557],[55,"Houndoom",0.47889,85,0.464],[56,"Emboar",0.46707,87,0.475],[57,"Omastar",0.43763,94,0.513],[58,"Granbull",0.42818,77,0.42],[59,"Leavanny",0.41401,92,0.502],[60,"Ariados",0.4037,87,0.475],[61,"Magmortar",0.39103,73,0.399],[62,"Sawk",0.36896,63,0.344],[63,"Regirock",0.35708,54,0.295],[64,"Torkoal",0.35277,57,0.311],[65,"Golbat",0.34545,65,0.355],[66,"Lanturn",0.31159,59,0.322],[67,"Liepard",0.28374,68,0.371],[68,"Golurk",0.28045,60,0.328],[69,"Sceptile",0.27568,56,0.306],[70,"Vivillon",0.26185,49,0.268],[71,"Scyther",0.25609,44,0.24],[72,"Aggron",0.25278,49,0.268],[73,"Roselia",0.24566,32,0.175],[74,"Weezing",0.2409,49,0.268],[75,"Primeape",0.22676,37,0.202],[76,"Charizard",0.22185,46,0.251],[77,"Audino-Mega",0.22121,41,0.224],[78,"Piloswine",0.2176,33,0.18],[79,"Xatu",0.20958,41,0.224],[80,"Aromatisse",0.19988,42,0.229],[81,"Magcargo",0.18941,41,0.224],[82,"Masquerain",0.18931,38,0.207],[83,"Golem",0.18893,33,0.18],[84,"Fletchinder",0.18795,33,0.18],[85,"Crustle",0.18509,40,0.218],[86,"Bastiodon",0.18276,38,0.207],[87,"Kecleon",0.17696,32,0.175],[88,"Togetic",0.16974,38,0.207],[89,"Muk",0.16605,32,0.175],[90,"Rhydon",0.16439,30,0.164],[91,"Shiftry",0.16144,29,0.158],[92,"Cradily",0.15869,30,0.164],[93,"Rotom",0.15844,25,0.136],[94,"Garbodor",0.15344,37,0.202],[95,"Gigalith",0.15143,27,0.147],[96,"Meowstic",0.14688,34,0.186],[97,"Pyroar",0.14445,30,0.164],[98,"Pinsir",0.1437,28,0.153],[99,"Carracosta",0.14034,32,0.175],[100,"Chatot",0.13703,25,0.136],[101,"Zangoose",0.13588,27,0.147],[102,"Dusclops",0.13468,28,0.153],[103,"Nosepass",0.13365,24,0.131],[104,"Quagsire",0.13256,20,0.109],[105,"Hariyama",0.13236,27,0.147],[106,"Ninjask",0.12995,31,0.169],[107,"Volbeat",0.12935,29,0.158],[108,"Rapidash",0.12856,29,0.158],[109,"Marowak",0.12203,22,0.12],[110,"Kabutops",0.12153,25,0.136],[111,"Swellow",0.12037,24,0.131],[112,"Dunsparce",0.11948,23,0.126],[113,"Electrode",0.11769,25,0.136],[114,"Kricketune",0.11121,28,0.153],[115,"Exeggutor",0.1096,27,0.147],[116,"Avalugg",0.10722,24,0.131],[117,"Persian",0.10608,21,0.115],[118,"Pineco",0.1034,20,0.109],[119,"Pelipper",0.10273,23,0.126],[120,"Torterra",0.09884,18,0.098],[121,"Gastrodon",0.09768,20,0.109],[122,"Tauros",0.0945,18,0.098],[123,"Raichu",0.09355,22,0.12],[124,"Golduck",0.09328,18,0.098],[125,"Trevenant",0.09211,20,0.109],[126,"Mismagius",0.09176,22,0.12],[127,"Gurdurr",0.09161,14,0.076],[128,"Dusknoir",0.09114,21,0.115],[129,"Poliwrath",0.08942,19,0.104],[130,"Ludicolo",0.08762,23,0.126],[131,"Regigigas",0.08603,17,0.093],[132,"Zebstrika",0.08396,9,0.049],[133,"Haunter",0.08293,19,0.104],[134,"Gourgeist-Super",0.08264,16,0.087],[135,"Samurott",0.08238,18,0.098],[136,"Electivire",0.08166,20,0.109],[137,"Mienfoo",0.0797,12,0.066],[138,"Simipour",0.07338,10,0.055],[139,"Hitmonchan",0.07035,17,0.093],[140,"Pikachu",0.06952,21,0.115],[141,"Jynx",0.0685,12,0.066],[142,"Ampharos",0.06739,22,0.12],[143,"Emolga",0.06701,15,0.082],[144,"Kangaskhan",0.06609,12,0.066],[145,"Ditto",0.06564,14,0.076],[146,"Clefairy",0.06424,13,0.071],[147,"Abomasnow",0.06331,15,0.082],[148,"Onix",0.05931,15,0.082],[149,"Rampardos",0.05829,12,0.066],[150,"Jumpluff",0.05811,14,0.076],[151,"Ninetales",0.05712,11,0.06],[152,"Probopass",0.05655,12,0.066],[153,"Leafeon",0.05441,10,0.055],[154,"Monferno",0.05435,18,0.098],[155,"Rotom-Fan",0.05414,12,0.066],[156,"Linoone",0.05383,11,0.06],[157,"Rattata",0.05182,13,0.071],[158,"Mantine",0.04991,10,0.055],[159,"Flareon",0.04834,8,0.044],[160,"Shedinja",0.04777,10,0.055],[161,"Regice",0.04728,10,0.055],[162,"Beedrill",0.0463,12,0.066],[163,"Stunfisk",0.04573,9,0.049],[164,"Skuntank",0.04543,9,0.049],[165,"Vileplume",0.04531,9,0.049],[166,"Slaking",0.04483,10,0.055],[167,"Aurorus",0.04407,11,0.06],[168,"Hippopotas",0.04371,9,0.049],[169,"Klinklang",0.04283,8,0.044],[170,"Cacturne",0.04277,9,0.049],[171,"Luxray",0.04233,11,0.06],[172,"Kadabra",0.04199,9,0.049],[173,"Gothitelle",0.04084,8,0.044],[174,"Articuno",0.03964,10,0.055],[175,"Drifblim",0.03935,11,0.06],[176,"Delibird",0.03923,8,0.044],[177,"Throh",0.03659,9,0.049],[178,"Frogadier",0.03611,5,0.027],[179,"Purugly",0.03587,7,0.038],[180,"Wartortle",0.03539,8,0.044],[181,"Lilligant",0.03512,7,0.038],[182,"Ursaring",0.03422,7,0.038],[183,"Machoke",0.03335,7,0.038],[184,"Combusken",0.03321,9,0.049],[185,"Barbaracle",0.03315,7,0.038],[186,"Lapras",0.03302,8,0.044],[187,"Mr. Mime",0.0317,6,0.033],[188,"Simisear",0.02927,5,0.027],[189,"Butterfree",0.02907,9,0.049],[190,"Musharna",0.02902,7,0.038],[191,"Maractus",0.02902,7,0.038],[192,"Parasect",0.02882,6,0.033],[193,"Swoobat",0.02786,7,0.038],[194,"Delcatty",0.02677,6,0.033],[195,"Bouffalant",0.02642,7,0.038],[196,"Tangela",0.02627,4,0.022],[197,"Sawsbuck",0.02595,7,0.038],[198,"Lopunny",0.02585,5,0.027],[199,"Spinda",0.02577,7,0.038],[200,"Whiscash",0.02576,5,0.027],[201,"Rotom-Frost",0.02436,4,0.022],[202,"Furret",0.02396,4,0.022],[203,"Pawniard",0.02358,4,0.022],[204,"Dewgong",0.02271,4,0.022],[205,"Munchlax",0.02217,5,0.027],[206,"Doduo",0.02147,5,0.027],[207,"Zweilous",0.02145,5,0.027],[208,"Armaldo",0.02109,7,0.038],[209,"Arbok",0.02038,5,0.027],[210,"Floatzel",0.01983,5,0.027],[211,"Hypno",0.01969,6,0.033],[212,"Victreebel",0.01912,3,0.016],[213,"Murkrow",0.01912,3,0.016],[214,"Unfezant",0.01905,3,0.016],[215,"Carbink",0.01901,4,0.022],[216,"Swadloon",0.01872,5,0.027],[217,"Farfetch'd",0.01793,5,0.027],[218,"Dedenne",0.01792,4,0.022],[219,"Cryogonal",0.0177,4,0.022],[220,"Quilladin",0.01769,3,0.016],[221,"Gorebyss",0.01764,4,0.022],[222,"Furfrou",0.0175,3,0.016],[223,"Wormadam-Trash",0.01709,4,0.022],[224,"Sudowoodo",0.01652,3,0.016],[225,"Vespiquen",0.01513,5,0.027],[226,"Shuppet",0.01488,2,0.011],[227,"Kingler",0.01467,2,0.011],[228,"Relicanth",0.01401,3,0.016],[229,"Mawile",0.01392,3,0.016],[230,"Meganium",0.01392,3,0.016],[231,"Grotle",0.01323,4,0.022],[232,"Stoutland",0.01281,3,0.016],[233,"Swanna",0.01275,2,0.011],[234,"Heatmor",0.01275,2,0.011],[235,"Bidoof",0.01275,2,0.011],[236,"Wailord",0.01257,3,0.016],[237,"Pachirisu",0.01166,3,0.016],[238,"Magmar",0.01132,3,0.016],