{"total":9158,"weight":0.538,"data":{"header":["Rank","Pokemon","Usage Percentage","Usage Raw","Usage Raw Percentage","Usage Real","Usage Real Percentage"],"rows":[[1,"Flygon",23.28601,3946,21.544,3001,21.178],[2,"Jolteon",18.26379,3325,18.154,2511,17.72],[3,"Alomomola",16.63159,2688,14.676,2116,14.932],[4,"Drapion",14.54734,2628,14.348,2109,14.883],[5,"Registeel",14.13388,2402,13.114,2023,14.276],[6,"Blastoise",13.15213,2340,12.776,1867,13.175],[7,"Delphox",13.09752,2362,12.896,1699,11.99],[8,"Venusaur",12.8141,2233,12.192,1745,12.314],[9,"Banette-Mega",12.70756,2494,13.617,1915,13.514],[10,"Escavalier",12.69545,2074,11.323,1693,11.947],[11,"Diancie",12.07832,2056,11.225,1665,11.75],[12,"Ambipom",11.96584,2309,12.606,1911,13.486],[13,"Scrafty",11.70755,2097,11.449,1632,11.517],[14,"Glalie-Mega",11.51785,2112,11.531,1504,10.614],[15,"Druddigon",11.39667,1911,10.434,1665,11.75],[16,"Cinccino",10.50635,1960,10.701,1470,10.374],[17,"Hitmonlee",10.33834,1910,10.428,1418,10.007],[18,"Bronzong",10.05453,1847,10.084,1572,11.093],[19,"Rhyperior",9.71936,1690,9.227,1380,9.739],[20,"Eelektross",9.65546,1795,9.8,1388,9.795],[21,"Hitmontop",9.37183,1564,8.539,1231,8.687],[22,"Aromatisse",9.05361,1531,8.359,1130,7.974],[23,"Cofagrigus",8.92725,1675,9.145,1349,9.52],[24,"Camerupt-Mega",8.69589,1596,8.714,1266,8.934],[25,"Virizion",8.17803,1434,7.829,1083,7.643],[26,"Exploud",7.99127,1426,7.786,1084,7.65],[27,"Magneton",7.58894,1335,7.289,1054,7.438],[28,"Clawitzer",7.46859,1458,7.96,1145,8.08],[29,"Slowking",7.38333,1314,7.174,980,6.916],[30,"Sigilyph",7.31341,1373,7.496,1026,7.24],[31,"Meloetta",7.15444,1183,6.459,866,6.111],[32,"Braviary",6.99395,1316,7.185,974,6.873],[33,"Granbull",6.77231,1140,6.224,845,5.963],[34,"Gallade",6.64488,1265,6.907,924,6.521],[35,"Typhlosion",6.62483,1276,6.967,949,6.697],[36,"Jellicent",6.54238,1192,6.508,973,6.866],[37,"Togetic",6.18153,1101,6.011,869,6.132],[38,"Houndoom",6.18123,1099,6,820,5.787],[39,"Medicham",6.16572,1047,5.716,771,5.441],[40,"Seismitoad",6.13915,1077,5.88,929,6.556],[41,"Rotom-Mow",6.06957,1091,5.957,885,6.245],[42,"Hoopa",6.0487,1064,5.809,799,5.638],[43,"Emboar",6.02073,1048,5.722,803,5.667],[44,"Aerodactyl",6.02039,1229,6.71,943,6.655],[45,"Uxie",5.77284,1056,5.765,915,6.457],[46,"Accelgor",5.67494,1176,6.421,902,6.365],[47,"Absol",4.7762,957,5.225,710,5.01],[48,"Spiritomb",4.76044,892,4.87,700,4.94],[49,"Golbat",4.74986,830,4.532,626,4.418],[50,"Sneasel",4.65182,852,4.652,650,4.587],[51,"Audino-Mega",3.27958,518,2.828,390,2.752],[52,"Malamar",3.27055,532,2.905,419,2.957],[53,"Fletchinder",3.11833,523,2.855,375,2.646],[54,"Sceptile",3.07278,639,3.489,492,3.472],[55,"Sawk",2.61559,473,2.582,356,2.512],[56,"Steelix",2.54013,437,2.386,389,2.745],[57,"Qwilfish",2.41908,466,2.544,408,2.879],[58,"Xatu",2.36378,427,2.331,327,2.308],[59,"Omastar",2.24596,398,2.173,302,2.131],[60,"Charizard",2.18352,454,2.479,346,2.442],[61,"Magmortar",2.11921,362,1.976,270,1.905],[62,"Miltank",2.06619,364,1.987,299,2.11],[63,"Exeggutor",1.98172,370,2.02,277,1.955],[64,"Gastrodon",1.93021,348,1.9,250,1.764],[65,"Vileplume",1.88644,324,1.769,254,1.792],[66,"Swellow",1.88524,353,1.927,258,1.821],[67,"Lanturn",1.83641,303,1.654,257,1.814],[68,"Scyther",1.78082,299,1.632,222,1.567],[69,"Gurdurr",1.76384,257,1.403,187,1.32],[70,"Mesprit",1.5994,251,1.37,222,1.567],[71,"Tauros",1.54516,236,1.288,163,1.15],[72,"Claydol",1.53328,311,1.698,266,1.877],[73,"Archeops",1.45018,263,1.436,209,1.475],[74,"Smeargle",1.43537,289,1.578,266,1.877],[75,"Quagsire",1.42735,238,1.299,177,1.249],[76,"Weezing",1.4251,279,1.523,225,1.588],[77,"Dusclops",1.39144,258,1.409,224,1.581],[78,"Hariyama",1.37789,254,1.387,199,1.404],[79,"Kabutops",1.34186,306,1.671,233,1.644],[80,"Aggron",1.27862,261,1.425,220,1.553],[81,"Liepard",1.27669,270,1.474,203,1.433],[82,"Electivire",1.26426,304,1.66,221,1.56],[83,"Lickilicky",1.24532,185,1.01,154,1.087],[84,"Rotom",1.1956,197,1.076,151,1.066],[85,"Shiftry",1.18937,221,1.207,168,1.186],[86,"Masquerain",1.1726,176,0.961,162,1.143],[87,"Ferroseed",1.13722,205,1.119,187,1.32],[88,"Mismagius",1.09908,266,1.452,190,1.341],[89,"Trevenant",1.08945,217,1.185,161,1.136],[90,"Mantine",1.08892,190,1.037,143,1.009],[91,"Pyroar",1.04687,194,1.059,151,1.066],[92,"Sandslash",0.97976,198,1.081,180,1.27],[93,"Ludicolo",0.9079,220,1.201,171,1.207],[94,"Klinklang",0.90309,185,1.01,133,0.939],[95,"Golurk",0.87859,184,1.005,160,1.129],[96,"Vivillon",0.86496,162,0.884,127,0.896],[97,"Leavanny",0.84072,170,0.928,158,1.115],[98,"Primeape",0.83166,151,0.824,123,0.868],[99,"Regirock",0.82136,148,0.808,125,0.882],[100,"Pinsir",0.80625,133,0.726,107,0.755],[101,"Poliwrath",0.80382,152,0.83,123,0.868],[102,"Muk",0.79954,165,0.901,134,0.946],[103,"Barbaracle",0.76006,133,0.726,98,0.692],[104,"Samurott",0.75598,143,0.781,111,0.783],[105,"Torkoal",0.732,129,0.704,113,0.797],[106,"Lilligant",0.73089,154,0.841,112,0.79],[107,"Marowak",0.72802,164,0.895,131,0.924],[108,"Cradily",0.71891,167,0.912,133,0.939],[109,"Slaking",0.71277,141,0.77,117,0.826],[110,"Cacturne",0.67571,149,0.813,100,0.706],[111,"Gigalith",0.67536,126,0.688,109,0.769],[112,"Simipour",0.6732,87,0.475,65,0.459],[113,"Haunter",0.66878,145,0.792,115,0.812],[114,"Kecleon",0.66262,124,0.677,106,0.748],[115,"Lapras",0.65951,169,0.923,132,0.932],[116,"Roselia",0.65917,112,0.611,93,0.656],[117,"Hitmonchan",0.65885,141,0.77,118,0.833],[118,"Arbok",0.6485,126,0.688,89,0.628],[119,"Zangoose",0.64102,129,0.704,100,0.706],[120,"Ariados",0.63165,133,0.726,118,0.833],[121,"Pelipper",0.62893,117,0.639,100,0.706],[122,"Torterra",0.62463,117,0.639,89,0.628],[123,"Garbodor",0.62195,124,0.677,99,0.699],[124,"Ninetales",0.61558,151,0.824,115,0.812],[125,"Avalugg",0.6072,132,0.721,102,0.72],[126,"Rapidash",0.58776,110,0.601,94,0.663],[127,"Dusknoir",0.57626,131,0.715,105,0.741],[128,"Flareon",0.54746,108,0.59,71,0.501],[129,"Pikachu",0.54323,133,0.726,106,0.748],[130,"Piloswine",0.54125,84,0.459,67,0.473],[131,"Skuntank",0.53997,102,0.557,83,0.586],[132,"Carracosta",0.53609,123,0.672,96,0.677],[133,"Gourgeist-Super",0.53146,98,0.535,81,0.572],[134,"Rhydon",0.52911,107,0.584,91,0.642],[135,"Leafeon",0.52706,138,0.753,91,0.642],[136,"Drifblim",0.52321,102,0.557,86,0.607],[137,"Meganium",0.50138,90,0.491,79,0.557],[138,"Dodrio",0.49674,77,0.42,56,0.395],[139,"Chatot",0.49552,90,0.491,73,0.515],[140,"Stoutland",0.44901,77,0.42,56,0.395],[141,"Regice",0.44737,92,0.502,75,0.529],[142,"Machoke",0.44426,99,0.541,78,0.55],[143,"Sawsbuck",0.43537,74,0.404,52,0.367],[144,"Meowstic",0.43261,82,0.448,60,0.423],[145,"Ditto",0.42587,93,0.508,80,0.565],[146,"Regigigas",0.42495,96,0.524,66,0.466],[147,"Volbeat",0.41844,85,0.464,72,0.508],[148,"Floatzel",0.41769,87,0.475,67,0.473],[149,"Jynx",0.41019,103,0.562,74,0.522],[150,"Articuno",0.40151,93,0.508,70,0.494],[151,"Raichu",0.39866,121,0.661,90,0.635],[152,"Ursaring",0.38168,84,0.459,62,0.438],[153,"Cryogonal",0.3738,79,0.431,57,0.402],[154,"Victreebel",0.37363,77,0.42,44,0.311],[155,"Audino",0.36907,69,0.377,46,0.325],[156,"Rotom-Frost",0.36674,74,0.404,58,0.409],[157,"Zebstrika",0.36253,57,0.311,47,0.332],[158,"Golem",0.3576,69,0.377,61,0.43],[159,"Bastiodon",0.35264,81,0.442,73,0.515],[160,"Manectric",0.33651,73,0.399,52,0.367],[161,"Kingler",0.33255,70,0.382,45,0.318],[162,"Mr. Mime",0.32801,64,0.349,45,0.318],[163,"Crustle",0.31906,68,0.371,58,0.409],[164,"Armaldo",0.31678,71,0.388,62,0.438],[165,"Tangela",0.31621,60,0.328,47,0.332],[166,"Ampharos",0.30929,81,0.442,64,0.452],[167,"Probopass",0.30625,65,0.355,54,0.381],[168,"Parasect",0.30155,83,0.453,61,0.43],[169,"Rotom-Fan",0.29916,64,0.349,54,0.381],[170,"Luxray",0.29683,72,0.393,57,0.402],[171,"Lampent",0.2965,52,0.284,40,0.282],[172,"Electrode",0.28798,64,0.349,59,0.416],[173,"Abomasnow",0.28623,63,0.344,47,0.332],[174,"Gorebyss",0.26745,58,0.317,44,0.311],[175,"Throh",0.26102,59,0.322,44,0.311],[176,"Emolga",0.25825,56,0.306,45,0.318],[177,"Aurorus",0.25804,60,0.328,48,0.339],[178,"Ninjask",0.25684,60,0.328,54,