{"total":15454,"data":{"header":["Rank","Pokemon","Usage Percentage","Usage Raw","Usage Raw Percentage"],"rows":[[1,"Vanilluxe",5.93171,663,4.29],[2,"Gallade",5.83685,369,2.388],[3,"Ninjask",5.44217,553,3.578],[4,"Duraludon",4.30094,560,3.624],[5,"Abomasnow",4.25669,496,3.21],[6,"Piloswine",3.57079,243,1.572],[7,"Ninetales",3.15345,223,1.443],[8,"Garbodor",3.05485,254,1.644],[9,"Persian-Alola",2.84489,398,2.575],[10,"Miltank",2.75323,242,1.566],[11,"Ribombee",2.5402,584,3.779],[12,"Escavalier",2.52567,292,1.889],[13,"Rotom",2.43514,271,1.754],[14,"Weezing",2.35182,391,2.53],[15,"Clawitzer",2.21156,272,1.76],[16,"Lanturn",2.18334,217,1.404],[17,"Whimsicott",2.15862,235,1.521],[18,"Mudsdale",1.88198,343,2.219],[19,"Accelgor",1.61963,364,2.355],[20,"Sandslash-Alola",1.54938,182,1.178],[21,"Silvally-Ghost",1.46125,78,0.505],[22,"Thwackey",1.44267,165,1.068],[23,"Jellicent",1.43549,124,0.802],[24,"Rapidash",1.33377,176,1.139],[25,"Poliwrath",1.26785,82,0.531],[26,"Silvally-Steel",1.1161,258,1.669],[27,"Wishiwashi",1.06445,82,0.531],[28,"Galvantula",1.04983,472,3.054],[29,"Raichu",1.02166,47,0.304],[30,"Golbat",0.99941,45,0.291],[31,"Runerigus",0.99863,92,0.595],[32,"Lycanroc-Midnight",0.97876,58,0.375],[33,"Magneton",0.9574,167,1.081],[34,"Clefairy",0.95067,150,0.971],[35,"Stunfisk-Galar",0.92102,155,1.003],[36,"Togedemaru",0.86165,208,1.346],[37,"Skuntank",0.85217,89,0.576],[38,"Cofagrigus",0.83623,348,2.252],[39,"Sableye",0.82474,151,0.977],[40,"Cinccino",0.76548,433,2.802],[41,"Rotom-Fan",0.75866,166,1.074],[42,"Malamar",0.74198,140,0.906],[43,"Froslass",0.70262,355,2.297],[44,"Qwilfish",0.64273,59,0.382],[45,"Silvally-Dragon",0.61849,58,0.375],[46,"Basculin",0.60988,191,1.236],[47,"Gurdurr",0.56583,109,0.705],[48,"Cramorant",0.5557,66,0.427],[49,"Arctovish",0.542,49,0.317],[50,"Sandaconda",0.50523,191,1.236],[51,"Cursola",0.46455,88,0.569],[52,"Raboot",0.45538,44,0.285],[53,"Ferroseed",0.44968,79,0.511],[54,"Hitmontop",0.41542,207,1.339],[55,"Aromatisse",0.40744,62,0.401],[56,"Crustle",0.36061,60,0.388],[57,"Drednaw",0.34407,18,0.116],[58,"Gourgeist-Small",0.34274,23,0.149],[59,"Rhydon",0.26387,162,1.048],[60,"Gastrodon",0.25971,95,0.615],[61,"Gourgeist-Super",0.2549,14,0.091],[62,"Hattrem",0.25328,23,0.149],[63,"Trevenant",0.25201,20,0.129],[64,"Silvally",0.24839,24,0.155],[65,"Kangaskhan",0.24126,38,0.246],[66,"Rotom-Frost",0.23772,61,0.395],[67,"Kingler",0.23566,91,0.589],[68,"Liepard",0.2241,98,0.634],[69,"Butterfree",0.20957,50,0.324],[70,"Frosmoth",0.19712,58,0.375],[71,"Jolteon",0.19041,102,0.66],[72,"Eldegoss",0.18982,35,0.226],[73,"Hitmonchan",0.18863,15,0.097],[74,"Silvally-Poison",0.17567,21,0.136],[75,"Pincurchin",0.16493,23,0.149],[76,"Orbeetle",0.16311,103,0.666],[77,"Mareanie",0.16289,14,0.091],[78,"Krokorok",0.15262,23,0.149],[79,"Flareon",0.15237,39,0.252],[80,"Corsola-Galar",0.14928,79,0.511],[81,"Arctozolt",0.13736,45,0.291],[82,"Exeggutor",0.13521,15,0.097],[83,"Shedinja",0.12202,15,0.097],[84,"Silvally-Flying",0.12146,7,0.045],[85,"Sandslash",0.11392,11,0.071],[86,"Dusclops",0.10879,18,0.116],[87,"Kadabra",0.10836,20,0.129],[88,"Pinsir",0.101,33,0.214],[89,"Sawk",0.0986,38,0.246],[90,"Torracat",0.08087,7,0.045],[91,"Golduck",0.07764,11,0.071],[92,"Amaura",0.07434,8,0.052],[93,"Dusknoir",0.06983,11,0.071],[94,"Lilligant",0.06819,7,0.045],[95,"Lairon",0.06803,17,0.11],[96,"Alcremie",0.06373,13,0.084],[97,"Dugtrio-Alola",0.06097,45,0.291],[98,"Combusken",0.04797,16,0.104],[99,"Swoobat",0.04388,20,0.129],[100,"Flapple",0.037,28,0.181],[101,"Delibird",0.03645,28,0.181],[102,"Unfezant",0.03516,54,0.349],[103,"Eiscue",0.032,8,0.052],[104,"Lampent",0.03178,69,0.446],[105,"Silvally-Dark",0.02732,20,0.129],[106,"Dugtrio",0.02574,9,0.058],[107,"Silvally-Water",0.02305,8,0.052],[108,"Perrserker",0.02279,54,0.349],[109,"Wigglytuff",0.01897,13,0.084],[110,"Persian",0.01812,29,0.188],[111,"Glaceon",0.01736,23,0.149],[112,"Lickilicky",0.01606,8,0.052],[113,"Shuckle",0.01503,157,1.016],[114,"Politoed",0.01396,32,0.207],[115,"Stunfisk",0.01203,28,0.181],[116,"Silvally-Fire",0.01179,15,0.097],[117,"Marowak",0.01106,11,0.071],[118,"Thievul",0.01096,61,0.395],[119,"Gourgeist",0.00988,1,0.006],[120,"Drifblim",0.00988,16,0.104],[121,"Whirlipede",0.00718,5,0.032],[122,"Porygon",0.00717,18,0.116],[123,"Manectric",0.00629,13,0.084],[124,"Klinklang",0.00519,23,0.149],[125,"Magnemite",0.00518,15,0.097],[126,"Rapidash-Galar",0.00518,14,0.091],[127,"Lopunny",0.00456,9,0.058],[128,"Stonjourner",0.00442,19,0.123],[129,"Shiinotic",0.00378,8,0.052],[130,"Silvally-Rock",0.00374,5,0.032],[131,"Magmar",0.00358,6,0.039],[132,"Ludicolo",0.00159,5,0.032],[133,"Emolga",0.00156,6,0.039],[134,"Silvally-Ice",0.00118,6,0.039],[135,"Grapploct",0.00108,18,0.116],[136,"Meowstic",0.00068,46,0.298],[137,"Appletun",0.00066,19,0.123],[138,"Archen",0.00063,2,0.013],[139,"Lapras",0.0006,11,0.071],[140,"Pikachu",0.00059,4,0.026],[141,"Rufflet",0.00057,1,0.006],[142,"Lunatone",0.00055,16,0.104],[143,"Vulpix-Alola",0.00052,23,0.149],[144,"Avalugg",0.00043,40,0.259],[145,"Oranguru",0.00043,3,0.019],[146,"Falinks",0.00041,10,0.065],[147,"Nidorina",0.00032,2,0.013],[148,"Gloom",0.00019,3,0.019],[149,"Morpeko",0.00014,17,0.11],[150,"Goomy",0.00012,3,0.019],[151,"Mr. Mime",0.00012,17,0.11],[152,"Pupitar",0.00011,2,0.013],[153,"Bouffalant",0.0001,4,0.026],[154,"Quagsire",0.00005,36,0.233],[155,"Lurantis",0.00003,6,0.039],[156,"Metang",0,3,0.019],[157,"Sudowoodo",0,7,0.045],[158,"Greedent",0,6,0.039],[159,"Silvally-Psychic",0,2,0.013],[160,"Mr. Rime",0,33,0.214],[161,"Drilbur",0,15,0.097],[162,"Poipole",0,3,0.019],[163,"Mr. Mime-Galar",0,1,0.006],[164,"Stunky",0,2,0.013],[165,"Corsola",0,8,0.052],[166,"Duosion",0,1,0.006],[167,"Wobbuffet",0,4,0.026],[168,"Dragonair",0,1,0.006],[169,"Azurill",0,1,0.006],[170,"Grovyle",0,1,0.006],[171,"Dottler",0,3,0.019],[172,"Drizzile",0,1,0.006],[173,"Charmeleon",0,1,0.006],[174,"Leafeon",0,4,0.026],[175,"Drakloak",0,2,0.013],[176,"Noctowl",0,13,0.084],[177,"Palpitoad",0,1,0.006],[178,"Carkol",0,2,0.013],[179,"Roselia",0,12,0.078],[180,"Morgrem",0,2,0.013],[181,"Eevee",0,2,0.013],[182,"Bulbasaur",0,1,0.006],[183,"Boldore",0,1,0.006],[184,"Wartortle",0,4,0.026],[185,"Bellossom",0,4,0.026],[186,"Pyukumuku",0,1,0.006],[187,"Noibat",0,1,0.006],[188,"Gabite",0,9,0.058],[189,"Squirtle",0,2,0.013],[190,"Dedenne",0,2,0.013],[191,"Maractus",0,1,0.006],[192,"Luxray",0,3,0.019],[193,"Togetic",0,1,0.006],[194,"Wailord",0,1,0.006],[195,"Metapod",0,1,0.006],[196,"Jigglypuff",0,1,0.006],[197,"Swirlix",0,1,0.006],[198,"Dubwool",0,5,0.032],[199,"Type: Null",0,6,0.039],[200,"Ivysaur",0,2,0.013],[201,"Whiscash",0,10,0.065],[202,"Gastly",0,4,0.026],[203,"Heatmor",0,7,0.045],[204,"Silvally-Ground",0,9,0.058],[205,"Silvally-Fighting",0,3,0.019],[206,"Rowlet",0,1,0.006],[207,"Nidorino",0,2,0.013],[208,"Boltund",0,7,0.045],[209,"Bronzor",0,2,0.013],[210,"Dwebble",0,5,0.032],[211,"Tirtouga",0,4,0.026],[212,"Vespiquen",0,4,0.026],[213,"Cutiefly",0,6,0.039],[214,"Karrablast",0,1,0.006],[215,"Grookey",0,1,0.006],[216,"Magby",0,1,0.006],[217,"Larvesta",0,1,0.006],[218,"Solrock",0,1,0.006],[219,"Fraxure",0,2,0.013],[220,"Munchlax",0,1,0.006],[221,"Pichu",0,2,0.013],[222,"Electabuzz",0,3,0.019],[223,"Seadra",0,1,0.006],[224,"Minccino",0,1,0.006],[225,"Salandit",0,1,0.006],[226,"Silvally-Electric",0,4,0.026],[227,"Honedge",0,1,0.006],[228,"Beartic",0,1,0.006],[229,"Silvally-Grass",0,4,0.026],[230,"Throh",0,3,0.019],[231,"Beheeyem",0,5,0.032],[232,"Dunsparce",0,2,0.013],[233,"Mudbray",0,5,0.032],[234,"Bagon",0,2,0.013],[235,"Fletchinder",0,1,0.006],[236,"Silvally-Bug",0,1,0.006],[237,"Mawile",0,18,0.116]]}}