{"total":122346,"data":{"header":["Rank","Pokemon","Usage Percentage","Usage Raw","Usage Raw Percentage"],"rows":[[1,"Mienshao",5.18579,3782,3.091],[2,"Bronzong",3.79468,3135,2.562],[3,"Aerodactyl",2.97292,3812,3.116],[4,"Rhyperior",2.61751,1911,1.562],[5,"Araquanid",2.42953,3082,2.519],[6,"Noivern",1.88553,1231,1.006],[7,"Ribombee",1.77896,2299,1.879],[8,"Galvantula",1.77161,4236,3.462],[9,"Archeops",1.70465,2447,2],[10,"Duraludon",1.68245,1712,1.399],[11,"Toxtricity",1.64752,1564,1.278],[12,"Rotom-Mow",1.64518,1304,1.066],[13,"Flygon",1.63471,1616,1.321],[14,"Diancie",1.60347,1929,1.577],[15,"Pangoro",1.5257,793,0.648],[16,"Porygon-Z",1.46856,1163,0.951],[17,"Ninjask",1.39404,1321,1.08],[18,"Golisopod",1.31849,911,0.745],[19,"Sharpedo",1.31353,911,0.745],[20,"Escavalier",1.2823,958,0.783],[21,"Copperajah",1.27302,993,0.812],[22,"Druddigon",1.23676,2201,1.799],[23,"Gigalith",1.1992,1169,0.955],[24,"Aurorus",1.17303,1605,1.312],[25,"Dragalge",1.17276,840,0.687],[26,"Inteleon",1.15975,1399,1.143],[27,"Starmie",1.06474,882,0.721],[28,"Mudsdale",1.06204,1105,0.903],[29,"Uxie",0.98824,996,0.814],[30,"Pincurchin",0.95973,908,0.742],[31,"Slowbro-Galar",0.90806,719,0.588],[32,"Arcanine",0.8755,1260,1.03],[33,"Scyther",0.8706,855,0.699],[34,"Talonflame",0.86965,738,0.603],[35,"Sylveon",0.85931,695,0.568],[36,"Tyrantrum",0.84489,888,0.726],[37,"Celebi",0.83247,899,0.735],[38,"Omastar",0.80997,485,0.396],[39,"Aggron",0.79835,1489,1.217],[40,"Kabutops",0.78867,508,0.415],[41,"Goodra",0.77009,660,0.539],[42,"Magneton",0.76105,1179,0.964],[43,"Roserade",0.7521,1230,1.005],[44,"Regirock",0.7255,1049,0.857],[45,"Sirfetch'd",0.71612,756,0.618],[46,"Ninetales",0.70175,1516,1.239],[47,"Exploud",0.70014,773,0.632],[48,"Salazzle",0.69181,1166,0.953],[49,"Bewear",0.68859,564,0.461],[50,"Weezing",0.67493,678,0.554],[51,"Claydol",0.65338,1189,0.972],[52,"Dhelmise",0.64923,593,0.485],[53,"Golurk",0.63606,873,0.714],[54,"Palossand",0.57918,864,0.706],[55,"Heliolisk",0.55716,721,0.589],[56,"Durant",0.55319,559,0.457],[57,"Abomasnow",0.55223,998,0.816],[58,"Braviary",0.55157,723,0.591],[59,"Absol",0.54403,919,0.751],[60,"Vikavolt",0.54321,614,0.502],[61,"Espeon",0.54156,1389,1.135],[62,"Barbaracle",0.53862,453,0.37],[63,"Indeedee",0.5381,510,0.417],[64,"Indeedee-F",0.51768,633,0.517],[65,"Decidueye",0.51183,492,0.402],[66,"Porygon2",0.49895,855,0.699],[67,"Passimian",0.48535,668,0.546],[68,"Piloswine",0.48255,811,0.663],[69,"Xatu",0.47668,645,0.527],[70,"Shuckle",0.47403,1033,0.844],[71,"Jolteon",0.46975,564,0.461],[72,"Scrafty",0.46342,373,0.305],[73,"Milotic",0.45656,491,0.401],[74,"Vanilluxe",0.44465,572,0.468],[75,"Heracross",0.44304,410,0.335],[76,"Blastoise",0.44193,952,0.778],[77,"Slurpuff",0.43373,654,0.535],[78,"Tsareena",0.42904,588,0.481],[79,"Centiskorch",0.42371,537,0.439],[80,"Articuno-Galar",0.41908,610,0.499],[81,"Gastrodon",0.40887,510,0.417],[82,"Meowstic",0.40761,280,0.229],[83,"Rotom",0.39748,507,0.414],[84,"Hitmontop",0.39186,517,0.423],[85,"Clawitzer",0.37136,487,0.398],[86,"Lucario",0.369,413,0.338],[87,"Whimsicott",0.35939,1056,0.863],[88,"Runerigus",0.35554,351,0.287],[89,"Accelgor",0.35367,533,0.436],[90,"Machamp",0.34897,583,0.477],[91,"Sigilyph",0.34449,226,0.185],[92,"Froslass",0.33023,541,0.442],[93,"Coalossal",0.3282,844,0.69],[94,"Polteageist",0.32289,477,0.39],[95,"Mesprit",0.31769,619,0.506],[96,"Silvally-Steel",0.31291,404,0.33],[97,"Vileplume",0.30335,255,0.208],[98,"Gallade",0.29025,428,0.35],[99,"Zoroark",0.28637,609,0.498],[100,"Lanturn",0.28032,389,0.318],[101,"Thwackey",0.27958,577,0.472],[102,"Electivire",0.27088,761,0.622],[103,"Arctovish",0.26548,182,0.149],[104,"Corsola-Galar",0.25361,206,0.168],[105,"Vaporeon",0.23913,254,0.208],[106,"Malamar",0.23052,518,0.423],[107,"Lycanroc",0.23004,355,0.29],[108,"Comfey",0.22851,409,0.334],[109,"Tauros",0.22512,396,0.324],[110,"Mantine",0.22425,201,0.164],[111,"Sceptile",0.21991,538,0.44],[112,"Silvally-Ghost",0.21721,191,0.156],[113,"Garbodor",0.21623,256,0.209],[114,"Miltank",0.21271,215,0.176],[115,"Silvally-Fairy",0.21041,326,0.266],[116,"Gurdurr",0.20274,169,0.138],[117,"Sneasel",0.2022,380,0.311],[118,"Jellicent",0.19832,301,0.246],[119,"Liepard",0.18955,318,0.26],[120,"Carbink",0.18501,193,0.158],[121,"Cresselia",0.1831,447,0.365],[122,"Charizard",0.17579,417,0.341],[123,"Guzzlord",0.17362,145,0.119],[124,"Sandaconda",0.16269,269,0.22],[125,"Articuno",0.16138,235,0.192],[126,"Crustle",0.14681,97,0.079],[127,"Toxicroak",0.14677,400,0.327],[128,"Stunfisk-Galar",0.14515,184,0.15],[129,"Basculin",0.13874,285,0.233],[130,"Eldegoss",0.13723,173,0.141],[131,"Sandslash-Alola",0.12626,267,0.218],[132,"Audino",0.12468,43,0.035],[133,"Ferroseed",0.11906,265,0.217],[134,"Regigigas",0.10973,230,0.188],[135,"Orbeetle",0.10008,244,0.199],[136,"Togedemaru",0.09825,125,0.102],[137,"Hitmonlee",0.09804,246,0.201],[138,"Rhydon",0.09528,176,0.144],[139,"Frosmoth",0.09347,85,0.069],[140,"Dugtrio-Alola",0.08866,110,0.09],[141,"Cramorant",0.08837,301,0.246],[142,"Shiftry",0.08755,113,0.092],[143,"Cinccino",0.08752,412,0.337],[144,"Sableye",0.08675,235,0.192],[145,"Kingdra",0.08605,185,0.151],[146,"Linoone",0.0848,142,0.116],[147,"Obstagoon",0.083,132,0.108],[148,"Persian-Alola",0.08012,164,0.134],[149,"Perrserker",0.0778,86,0.07],[150,"Exeggutor-Alola",0.07553,237,0.194],[151,"Dugtrio",0.07441,42,0.034],[152,"Silvally-Dark",0.07438,62,0.051],[153,"Rotom-Fan",0.07201,58,0.047],[154,"Sawk",0.06843,83,0.068],[155,"Magmortar",0.06621,251,0.205],[156,"Clefairy",0.06606,66,0.054],[157,"Aromatisse",0.06525,155,0.127],[158,"Virizion",0.06238,235,0.192],[159,"Gourgeist-Super",0.06162,39,0.032],[160,"Golbat",0.05902,147,0.12],[161,"Umbreon",0.05826,182,0.149],[162,"Raichu-Alola",0.05728,144,0.118],[163,"Quagsire",0.05695,89,0.073],[164,"Pikachu",0.05324,89,0.073],[165,"Raboot",0.05226,47,0.038],[166,"Wishiwashi",0.04956,57,0.047],[167,"Drampa",0.04754,34,0.028],[168,"Arctozolt",0.04472,60,0.049],[169,"Qwilfish",0.04314,157,0.128],[170,"Cofagrigus",0.0392,369,0.302],[171,"Unfezant",0.03691,59,0.048],[172,"Dusknoir",0.03642,66,0.054],[173,"Silvally-Ground",0.03505,49,0.04],[174,"Poliwrath",0.03312,42,0.034],[175,"Leafeon",0.03128,77,0.063],[176,"Haunter",0.03113,103,0.084],[177,"Manectric",0.03015,32,0.026],[178,"Cradily",0.03014,151,0.123],[179,"Tangela",0.02864,24,0.02],[180,"Morpeko",0.02795,116,0.095],[181,"Thievul",0.02746,64,0.052],[182,"Pyukumuku",0.02735,37,0.03],[183,"Butterfree",0.02501,222,0.181],[184,"Turtonator",0.02274,80,0.065],[185,"Flapple",0.02213,86,0.07],[186,"Trevenant",0.02092,55,0.045],[187,"Pinsir",0.0195,22,0.018],[188,"Gourgeist-Small",0.01813,12,0.01],[189,"Kingler",0.0181,190,0.155],[190,"Sandslash",0.01739,41,0.034],[191,"Armaldo",0.01729,39,0.032],[192,"Rapidash",0.01688,23,0.019],[193,"Relicanth",0.01621,67,0.055],[194,"Emolga",0.01572,13,0.011],[195,"Torracat",0.01559,46,0.038],[196,"Kangaskhan",0.01532,66,0.054],[197,"Glaceon",0.01509,23,0.019],[198,"Cursola",0.01497,110,0.09],[199,"Dubwool",0.01428,30,0.025],[200,"Rotom-Frost",0.01372,130,0.106],[201,"Silvally-Fighting",0.01351,15,0.012],[202,"Seaking",0.01298,27,0.022],[203,"Exeggutor",0.01235,33,0.027],[204,"Marowak",0.01171,6,0.005],[205,"Spiritomb",0.01153,99,0.081],[206,"Skuntank",0.01138,61,0.05],[207,"Swirlix",0.01046,16,0.013],[208,"Stoutland",0.01031,7,0.006],[209,"Venipede",0.00997,7,0.006],[210,"Cryogonal",0.00996,21,0.017],[211,"Silvally-Poison",0.00916,16,0.013],[212,"Silvally-Electric",0.00865,17,0.014],[213,"Hattrem",0.00864,1,0.001],[214,"Carracosta",0.00857,60,0.049],[215,"Rapidash-Galar",0.00828,40,0.033],[216,"Silvally",0.00819,57,0.047],[217,"Dottler",0.00817,7,0.006],[218,"Flareon",0.00809,78,0.064],[219,"Avalugg",0.00805,39,0.032],[220,"Raichu",0.00801,38,0.031],[221,"Bouffalant",0.0079,19,0.016],[222,"Hitmonchan",0.00782,67,0.055],[223,"Lycanroc-Midnight",0.00763,44,0.036],[224,"Regice",0.00722,73,0.06],[225,"Whirlipede",0.00717,30,0.025],[226,"Heatmor",0.00704,9,0.007],[227,"Stunfisk",0.00694,83,0.068],[228,