{"total":63298,"data":{"header":["Rank","Pokemon","Usage Percentage","Usage Raw","Usage Raw Percentage"],"rows":[[1,"Mienshao",8.10929,3843,6.071],[2,"Bronzong",4.69471,2848,4.499],[3,"Aerodactyl",4.4053,2875,4.542],[4,"Rotom-Mow",3.38125,1772,2.799],[5,"Pangoro",3.35551,1402,2.215],[6,"Copperajah",3.1725,1300,2.054],[7,"Toxtricity",3.05798,1379,2.179],[8,"Golisopod",2.62379,920,1.453],[9,"Flygon",2.46834,1220,1.927],[10,"Noivern",2.05139,794,1.254],[11,"Araquanid",1.86264,1976,3.122],[12,"Mudsdale",1.83544,1125,1.777],[13,"Dhelmise",1.73644,639,1.01],[14,"Diancie",1.71004,1266,2],[15,"Sylveon",1.59982,627,0.991],[16,"Escavalier",1.57907,830,1.311],[17,"Ninjask",1.47772,817,1.291],[18,"Golurk",1.42531,525,0.829],[19,"Tyrantrum",1.36701,938,1.482],[20,"Dragalge",1.33787,633,1],[21,"Arcanine",1.32178,1041,1.645],[22,"Starmie",1.3151,655,1.035],[23,"Inteleon",1.27286,1003,1.585],[24,"Politoed",1.12161,562,0.888],[25,"Gigalith",1.0506,448,0.708],[26,"Bewear",1.03231,360,0.569],[27,"Salazzle",1.02166,784,1.239],[28,"Porygon-Z",1.02102,670,1.058],[29,"Tornadus",1.01866,433,0.684],[30,"Vikavolt",0.99866,390,0.616],[31,"Galvantula",0.97499,1394,2.202],[32,"Ribombee",0.88177,549,0.867],[33,"Heliolisk",0.87304,267,0.422],[34,"Milotic",0.78934,465,0.735],[35,"Celebi",0.78869,703,1.111],[36,"Espeon",0.76361,858,1.355],[37,"Froslass",0.76068,404,0.638],[38,"Guzzlord",0.72978,163,0.258],[39,"Decidueye",0.71295,508,0.803],[40,"Aggron",0.69546,510,0.806],[41,"Aurorus",0.67515,518,0.818],[42,"Talonflame",0.67055,428,0.676],[43,"Magneton",0.66424,257,0.406],[44,"Blastoise",0.66187,639,1.01],[45,"Porygon2",0.65124,588,0.929],[46,"Basculin",0.64865,161,0.254],[47,"Roserade",0.61386,495,0.782],[48,"Slowbro-Galar",0.60976,381,0.602],[49,"Uxie",0.60568,292,0.461],[50,"Gastrodon",0.56529,385,0.608],[51,"Goodra",0.56204,428,0.676],[52,"Lycanroc",0.56199,184,0.291],[53,"Corsola-Galar",0.56148,196,0.31],[54,"Articuno-Galar",0.48793,427,0.675],[55,"Duraludon",0.48517,385,0.608],[56,"Sirfetch'd",0.48338,229,0.362],[57,"Zoroark",0.47581,501,0.791],[58,"Piloswine",0.46948,237,0.374],[59,"Druddigon",0.45874,452,0.714],[60,"Comfey",0.41593,343,0.542],[61,"Jolteon",0.41268,365,0.577],[62,"Regirock",0.40834,341,0.539],[63,"Scrafty",0.36498,153,0.242],[64,"Barbaracle",0.36386,236,0.373],[65,"Cresselia",0.36211,331,0.523],[66,"Sneasel",0.35464,192,0.303],[67,"Indeedee-F",0.34898,174,0.275],[68,"Dugtrio-Alola",0.33959,88,0.139],[69,"Mantine",0.33488,212,0.335],[70,"Machamp",0.33484,371,0.586],[71,"Sigilyph",0.3316,102,0.161],[72,"Vileplume",0.32249,108,0.171],[73,"Xatu",0.31105,161,0.254],[74,"Archeops",0.30986,416,0.657],[75,"Gallade",0.30812,126,0.199],[76,"Accelgor",0.30788,268,0.423],[77,"Kabutops",0.29932,180,0.284],[78,"Mesprit",0.2906,179,0.283],[79,"Garbodor",0.28996,141,0.223],[80,"Rotom",0.26698,146,0.231],[81,"Palossand",0.26549,208,0.329],[82,"Exploud",0.24938,184,0.291],[83,"Tauros",0.2473,99,0.156],[84,"Scyther",0.24607,207,0.327],[85,"Centiskorch",0.23396,175,0.276],[86,"Runerigus",0.2292,184,0.291],[87,"Toxicroak",0.22621,139,0.22],[88,"Absol",0.21728,291,0.46],[89,"Coalossal",0.21643,246,0.389],[90,"Braviary",0.21318,213,0.337],[91,"Omastar",0.18592,120,0.19],[92,"Ferroseed",0.17622,183,0.289],[93,"Passimian",0.17321,118,0.186],[94,"Weezing",0.16372,232,0.367],[95,"Virizion",0.15826,59,0.093],[96,"Hitmontop",0.15369,114,0.18],[97,"Shuckle",0.15354,549,0.867],[98,"Tsareena",0.15221,158,0.25],[99,"Silvally-Steel",0.15211,106,0.167],[100,"Miltank",0.14962,137,0.216],[101,"Shiftry",0.14868,159,0.251],[102,"Charizard",0.14723,89,0.141],[103,"Arctovish",0.14186,52,0.082],[104,"Claydol",0.13891,194,0.306],[105,"Malamar",0.13261,153,0.242],[106,"Rhydon",0.13023,143,0.226],[107,"Whimsicott",0.13021,166,0.262],[108,"Pincurchin",0.12622,212,0.335],[109,"Thwackey",0.11708,118,0.186],[110,"Raichu-Alola",0.10916,67,0.106],[111,"Cinccino",0.10837,218,0.344],[112,"Silvally-Ground",0.10736,21,0.033],[113,"Stunfisk-Galar",0.10551,76,0.12],[114,"Magmortar",0.10054,98,0.155],[115,"Clawitzer",0.09899,94,0.149],[116,"Morpeko",0.09708,102,0.161],[117,"Frosmoth",0.09666,29,0.046],[118,"Vanilluxe",0.09583,64,0.101],[119,"Crustle",0.09525,46,0.073],[120,"Electivire",0.09366,236,0.373],[121,"Vaporeon",0.09105,83,0.131],[122,"Perrserker",0.08828,41,0.065],[123,"Persian-Alola",0.08696,74,0.117],[124,"Silvally-Fairy",0.08662,80,0.126],[125,"Sandslash",0.08562,102,0.161],[126,"Sandaconda",0.0855,158,0.25],[127,"Drednaw",0.08366,90,0.142],[128,"Hitmonlee",0.07847,82,0.13],[129,"Sceptile",0.07822,151,0.239],[130,"Rotom-Fan",0.07778,77,0.122],[131,"Marowak",0.07622,35,0.055],[132,"Quagsire",0.07603,53,0.084],[133,"Togedemaru",0.06506,59,0.093],[134,"Kingdra",0.06491,55,0.087],[135,"Exeggutor-Alola",0.06253,46,0.073],[136,"Meowstic",0.06247,77,0.122],[137,"Sandslash-Alola",0.05496,98,0.155],[138,"Sableye",0.05279,86,0.136],[139,"Abomasnow",0.05247,102,0.161],[140,"Cursola",0.05195,106,0.167],[141,"Pyukumuku",0.0514,30,0.047],[142,"Cofagrigus",0.05056,120,0.19],[143,"Manectric",0.04863,30,0.047],[144,"Lanturn",0.04737,120,0.19],[145,"Kingler",0.04577,152,0.24],[146,"Jellicent",0.04532,65,0.103],[147,"Qwilfish",0.04399,87,0.137],[148,"Drampa",0.04392,16,0.025],[149,"Sawk",0.04331,73,0.115],[150,"Flapple",0.04274,42,0.066],[151,"Carbink",0.03864,57,0.09],[152,"Butterfree",0.03818,61,0.096],[153,"Lickilicky",0.03558,5,0.008],[154,"Eldegoss",0.03513,43,0.068],[155,"Delibird",0.03431,48,0.076],[156,"Umbreon",0.03419,8,0.013],[157,"Cradily",0.03332,69,0.109],[158,"Gurdurr",0.03318,45,0.071],[159,"Turtonator",0.03313,34,0.054],[160,"Altaria",0.0331,20,0.032],[161,"Throh",0.03243,18,0.028],[162,"Rhyperior",0.03209,31,0.049],[163,"Cryogonal",0.03133,28,0.044],[164,"Articuno",0.02875,25,0.039],[165,"Gourgeist-Small",0.0284,17,0.027],[166,"Dusknoir",0.02817,44,0.07],[167,"Jynx",0.02807,57,0.09],[168,"Liepard",0.02635,145,0.229],[169,"Haunter",0.02595,45,0.071],[170,"Aromatisse",0.02564,28,0.044],[171,"Unfezant",0.02553,28,0.044],[172,"Hattrem",0.02502,11,0.017],[173,"Clefairy",0.02469,23,0.036],[174,"Ditto",0.02386,48,0.076],[175,"Carracosta",0.0238,28,0.044],[176,"Boltund",0.02328,64,0.101],[177,"Silvally-Ghost",0.02275,26,0.041],[178,"Pikachu",0.02267,29,0.046],[179,"Wishiwashi",0.02216,18,0.028],[180,"Poliwrath",0.02174,24,0.038],[181,"Golbat",0.02154,61,0.096],[182,"Tangela",0.0174,9,0.014],[183,"Silvally-Dark",0.01702,9,0.014],[184,"Trevenant",0.01619,29,0.046],[185,"Silvally-Poison",0.01609,15,0.024],[186,"Ninetales",0.01574,32,0.051],[187,"Stunfisk",0.01552,23,0.036],[188,"Klinklang",0.0154,26,0.041],[189,"Glaceon",0.01398,6,0.009],[190,"Skuntank",0.01338,28,0.044],[191,"Orbeetle",0.01283,123,0.194],[192,"Stonjourner",0.01228,10,0.016],[193,"Silvally-Fire",0.01215,26,0.041],[194,"Whirlipede",0.01202,35,0.055],[195,"Silvally-Dragon",0.01182,10,0.016],[196,"Raboot",0.01162,17,0.027],[197,"Swoobat",0.0115,47,0.074],[198,"Swirlix",0.0114,15,0.024],[199,"Stoutland",0.0111,8,0.013],[200,"Mr. Mime-Galar",0.0105,15,0.024],[201,"Sudowoodo",0.01015,42,0.066],[202,"Alcremie",0.00991,8,0.013],[203,"Audino",0.00969,25,0.039],[204,"Golduck",0.00934,20,0.032],[205,"Kangaskhan",0.00892,44,0.07],[206,"Morgrem",0.00872,14,0.022],[207,"Drakloak",0.0082,8,0.013],[208,"Farfetch'd",0.00808,9,0.014],[209,"Regigigas",0.00795,42,0.066],[210,"Dusclops",0.00777,29,0.046],[211,"Rotom-Frost",0.00755,39,0.062],[212,"Cramorant",0.00738,80,0.126],[213,"Grapploct",0.00711,10,0.016],[214,"Rapidash",0.00686,21,0.033],[215,"Carvanha",0.0067,2,0.003],[216,"Silvally-Water",0.00669,3,0.005],[217,"Flareon",0.00658,40,0.063],[218,"Exeggutor",0.00632,30,0.047],[219,"Ludicolo",0.006,10,0.016],[220,"Leafeon",0.00505,11,0.017],[221,"Wigglytuff",0.00429,13,0.021],[222,"Onix",0.00427,23,0.036],[223,"Fraxure",0.00426,4,0.006],[224,"Linoone-Galar",0.00412,19,0.03],[225,"Glalie",0.00395,2,0.003],[226,"Corvisquire",0.00332,7,0.011],[227,"Kadabra",0.00325,5,0.008],[228,"Hitmonchan",0.00323,27,0.043],[229,"Lunatone",0.00299,13,0.021],[230,"Falinks",0.00273,17,