{"total":88998,"data":{"header":["Rank","Pokemon","Usage Percentage","Usage Raw","Usage Raw Percentage"],"rows":[[1,"Mienshao",9.60526,6950,7.809],[2,"Aurorus",7.68211,1923,2.161],[3,"Aerodactyl",4.27982,4974,5.589],[4,"Rotom-Mow",4.13984,2671,3.001],[5,"Bronzong",3.60124,4203,4.723],[6,"Flygon",3.01414,2345,2.635],[7,"Copperajah",2.74023,2213,2.487],[8,"Ninjask",2.19508,1792,2.014],[9,"Araquanid",2.17201,3376,3.793],[10,"Golisopod",2.00413,1468,1.649],[11,"Diancie",1.88966,1822,2.047],[12,"Escavalier",1.739,847,0.952],[13,"Espeon",1.731,1680,1.888],[14,"Arcanine",1.69644,1745,1.961],[15,"Mudsdale",1.52352,1689,1.898],[16,"Dragalge",1.44005,823,0.925],[17,"Talonflame",1.41392,655,0.736],[18,"Tauros",1.39045,624,0.701],[19,"Drapion",1.38569,1452,1.631],[20,"Sirfetch'd",1.2746,904,1.016],[21,"Celebi",1.21409,1269,1.426],[22,"Starmie",1.19802,1125,1.264],[23,"Salazzle",1.17025,1262,1.418],[24,"Tyrantrum",1.16322,1304,1.465],[25,"Golurk",1.11752,1171,1.316],[26,"Duraludon",1.0574,806,0.906],[27,"Galvantula",1.04109,1538,1.728],[28,"Inteleon",1.02178,1444,1.623],[29,"Decidueye",1.00504,712,0.8],[30,"Braviary",0.99224,436,0.49],[31,"Roserade",0.96447,885,0.994],[32,"Sylveon",0.93412,761,0.855],[33,"Dhelmise",0.87401,693,0.779],[34,"Vileplume",0.87232,517,0.581],[35,"Gastrodon",0.85429,645,0.725],[36,"Blastoise",0.82645,1089,1.224],[37,"Gigalith",0.72609,528,0.593],[38,"Articuno-Galar",0.7012,744,0.836],[39,"Exploud",0.68498,913,1.026],[40,"Arctovish",0.66225,142,0.16],[41,"Heliolisk",0.64798,406,0.456],[42,"Vaporeon",0.64025,276,0.31],[43,"Hitmontop",0.63351,311,0.349],[44,"Magneton",0.62731,224,0.252],[45,"Guzzlord",0.62526,293,0.329],[46,"Lycanroc",0.59813,437,0.491],[47,"Scyther",0.59531,307,0.345],[48,"Weezing",0.59079,302,0.339],[49,"Piloswine",0.58234,231,0.26],[50,"Druddigon",0.56051,644,0.724],[51,"Centiskorch",0.55439,238,0.267],[52,"Gallade",0.52681,197,0.221],[53,"Cresselia",0.50766,463,0.52],[54,"Vikavolt",0.50606,266,0.299],[55,"Goodra",0.4976,758,0.852],[56,"Pincurchin",0.49746,707,0.794],[57,"Pangoro",0.47476,467,0.525],[58,"Bewear",0.46311,301,0.338],[59,"Mantine",0.43945,349,0.392],[60,"Archeops",0.42339,459,0.516],[61,"Machamp",0.42084,655,0.736],[62,"Vanilluxe",0.40686,219,0.246],[63,"Xatu",0.40665,321,0.361],[64,"Uxie",0.40536,296,0.333],[65,"Zoroark",0.40438,876,0.984],[66,"Shuckle",0.39071,782,0.879],[67,"Runerigus",0.38762,304,0.342],[68,"Froslass",0.37285,506,0.569],[69,"Thwackey",0.36119,227,0.255],[70,"Indeedee-F",0.34591,377,0.424],[71,"Comfey",0.27335,413,0.464],[72,"Scrafty",0.26253,128,0.144],[73,"Togedemaru",0.25785,169,0.19],[74,"Abomasnow",0.25326,233,0.262],[75,"Stunfisk",0.24385,50,0.056],[76,"Garbodor",0.24291,182,0.204],[77,"Jolteon",0.24107,538,0.605],[78,"Ribombee",0.2323,505,0.567],[79,"Passimian",0.22005,195,0.219],[80,"Aggron",0.21667,368,0.413],[81,"Rotom-Fan",0.20652,127,0.143],[82,"Mesprit",0.18889,218,0.245],[83,"Crustle",0.18347,154,0.173],[84,"Whimsicott",0.17925,296,0.333],[85,"Sableye",0.17048,242,0.272],[86,"Absol",0.16303,126,0.142],[87,"Regirock",0.16207,232,0.261],[88,"Silvally-Ghost",0.15093,95,0.107],[89,"Aromatisse",0.14986,53,0.06],[90,"Palossand",0.14773,159,0.179],[91,"Rotom",0.14607,107,0.12],[92,"Accelgor",0.1454,327,0.367],[93,"Stunfisk-Galar",0.14497,110,0.124],[94,"Coalossal",0.14145,142,0.16],[95,"Gurdurr",0.12879,76,0.085],[96,"Silvally-Steel",0.12817,147,0.165],[97,"Persian-Alola",0.1271,357,0.401],[98,"Haunter",0.12566,78,0.088],[99,"Toxicroak",0.11548,103,0.116],[100,"Qwilfish",0.11406,107,0.12],[101,"Liepard",0.11405,188,0.211],[102,"Bouffalant",0.11315,40,0.045],[103,"Cinccino",0.10863,258,0.29],[104,"Kingdra",0.10693,248,0.279],[105,"Ferroseed",0.09782,95,0.107],[106,"Sandslash-Alola",0.09661,85,0.096],[107,"Sandaconda",0.09142,171,0.192],[108,"Exeggutor-Alola",0.08867,47,0.053],[109,"Magmortar",0.08598,60,0.067],[110,"Articuno",0.07967,47,0.053],[111,"Charizard",0.07682,129,0.145],[112,"Klinklang",0.0741,35,0.039],[113,"Raichu-Alola",0.0738,188,0.211],[114,"Lickilicky",0.07369,36,0.04],[115,"Cramorant",0.07148,76,0.085],[116,"Sneasel",0.06838,91,0.102],[117,"Tsareena",0.06766,86,0.097],[118,"Poliwrath",0.06417,36,0.04],[119,"Throh",0.06233,15,0.017],[120,"Silvally-Poison",0.06018,9,0.01],[121,"Slowpoke",0.05653,26,0.029],[122,"Claydol",0.05481,168,0.189],[123,"Sceptile",0.05437,263,0.296],[124,"Cursola",0.05429,108,0.121],[125,"Clawitzer",0.05307,109,0.122],[126,"Marowak",0.05047,36,0.04],[127,"Skuntank",0.05039,43,0.048],[128,"Lanturn",0.05029,57,0.064],[129,"Frosmoth",0.04944,36,0.04],[130,"Virizion",0.04847,59,0.066],[131,"Kabutops",0.04481,53,0.06],[132,"Noctowl",0.04156,31,0.035],[133,"Omastar",0.03946,100,0.112],[134,"Rhydon",0.03724,96,0.108],[135,"Audino",0.0353,27,0.03],[136,"Silvally-Dragon",0.03519,19,0.021],[137,"Swirlix",0.03399,85,0.096],[138,"Corsola-Galar",0.03305,115,0.129],[139,"Hitmonlee",0.03174,152,0.171],[140,"Perrserker",0.03086,40,0.045],[141,"Malamar",0.03079,119,0.134],[142,"Shiftry",0.03048,14,0.016],[143,"Basculin",0.03023,70,0.079],[144,"Morpeko",0.02929,103,0.116],[145,"Torkoal",0.02864,192,0.216],[146,"Dubwool",0.0257,37,0.042],[147,"Meowstic",0.0255,181,0.203],[148,"Krokorok",0.02458,22,0.025],[149,"Drifblim",0.02425,26,0.029],[150,"Wigglytuff",0.02387,13,0.015],[151,"Lopunny",0.02358,42,0.047],[152,"Sandslash",0.02258,45,0.051],[153,"Charjabug",0.02206,15,0.017],[154,"Wishiwashi",0.02139,39,0.044],[155,"Avalugg",0.02134,45,0.051],[156,"Hitmonchan",0.02122,20,0.022],[157,"Mawile",0.02099,20,0.022],[158,"Raboot",0.02026,34,0.038],[159,"Eiscue",0.01983,41,0.046],[160,"Orbeetle",0.01943,119,0.134],[161,"Lapras",0.01802,58,0.065],[162,"Rotom-Frost",0.01743,63,0.071],[163,"Drednaw",0.01739,11,0.012],[164,"Kingler",0.01515,42,0.047],[165,"Cofagrigus",0.01474,90,0.101],[166,"Electivire",0.014,130,0.146],[167,"Regice",0.0135,31,0.035],[168,"Ditto",0.01269,32,0.036],[169,"Sudowoodo",0.01219,39,0.044],[170,"Altaria",0.01144,22,0.025],[171,"Dugtrio-Alola",0.01127,143,0.161],[172,"Appletun",0.01106,28,0.031],[173,"Delibird",0.0109,18,0.02],[174,"Corsola",0.01084,15,0.017],[175,"Miltank",0.0108,90,0.101],[176,"Silvally-Fairy",0.01027,50,0.056],[177,"Rapidash",0.01018,67,0.075],[178,"Glalie",0.00999,59,0.066],[179,"Clefairy",0.00988,13,0.015],[180,"Golbat",0.00962,31,0.035],[181,"Carbink",0.00956,59,0.066],[182,"Jynx",0.00931,22,0.025],[183,"Vullaby",0.00895,2,0.002],[184,"Lycanroc-Midnight",0.00874,12,0.013],[185,"Greedent",0.00842,10,0.011],[186,"Fraxure",0.00836,24,0.027],[187,"Dusclops",0.00811,37,0.042],[188,"Pyukumuku",0.00803,50,0.056],[189,"Pikachu",0.00789,87,0.098],[190,"Glaceon",0.00772,22,0.025],[191,"Machoke",0.00768,6,0.007],[192,"Stonjourner",0.00762,8,0.009],[193,"Silvally",0.00736,88,0.099],[194,"Turtonator",0.00727,27,0.03],[195,"Dusknoir",0.00723,22,0.025],[196,"Cosmoem",0.00711,1,0.001],[197,"Tangela",0.0071,28,0.031],[198,"Manectric",0.00682,117,0.131],[199,"Pinsir",0.00678,13,0.015],[200,"Raichu",0.00676,19,0.021],[201,"Seaking",0.00672,18,0.02],[202,"Silvally-Dark",0.00669,32,0.036],[203,"Mr. Mime-Galar",0.0066,12,0.013],[204,"Butterfree",0.0066,61,0.069],[205,"Carracosta",0.0066,31,0.035],[206,"Lunatone",0.00614,7,0.008],[207,"Shedinja",0.00587,72,0.081],[208,"Beartic",0.00586,19,0.021],[209,"Jigglypuff",0.00544,9,0.01],[210,"Kangaskhan",0.00544,34,0.038],[211,"Mr. Mime",0.0054,11,0.012],[212,"Regigigas",0.00512,43,0.048],[213,"Spiritomb",0.00508,36,0.04],[214,"Gourgeist-Super",0.0049,31,0.035],[215,"Trevenant",0.00476,42,0.047],[216,"Boltund",0.00467,82,0.092],[217,"Marshtomp",0.00459,4,0.004],[218,"Kadabra",0.00449,18,0.02],[219,"Cradily",0.00433,57,0.064],[220,"Sawk",0.00408,54,0.061],[221,"Pawniard",0.00386,1,0.001],[222,"Duosion",0.00341,3,0.003],[223,"Porygon",0.00321,12,0.013],[224,"Heatmor",0.00314,15,0.017],[225,"Alcremie",0.00308,29,0.033],[226,"Eldegoss",0.00288,19,0.021],[227,"Leafeon",0.00283,35,0.039],[228,"Silvally-Ground",0.00277,8,0.009],[229,"Flareon",0.00269,81,0.091],[230,"Whirlipede",0.00262,11,0.012],[231,"Cottonee",