{"total":117898,"data":{"header":["Rank","Pokemon","Usage Percentage","Usage Raw","Usage Raw Percentage"],"rows":[[1,"Mienshao",10.76474,8874,7.527],[2,"Rotom-Mow",4.39925,4361,3.699],[3,"Flygon",3.86335,3550,3.011],[4,"Copperajah",3.55095,3133,2.657],[5,"Aurorus",3.33778,1876,1.591],[6,"Bronzong",3.25429,4594,3.897],[7,"Aerodactyl",3.08261,5786,4.908],[8,"Golisopod",2.62015,1969,1.67],[9,"Pangoro",2.28121,1869,1.585],[10,"Araquanid",2.15692,3679,3.12],[11,"Golurk",2.11014,2146,1.82],[12,"Ninjask",1.99604,1936,1.642],[13,"Pincurchin",1.83589,1629,1.382],[14,"Dragalge",1.8045,1550,1.315],[15,"Arcanine",1.68787,2319,1.967],[16,"Diancie",1.59548,2291,1.943],[17,"Uxie",1.58749,643,0.545],[18,"Sylveon",1.57955,1195,1.014],[19,"Drapion",1.51454,1865,1.582],[20,"Tyrantrum",1.5116,1704,1.445],[21,"Starmie",1.48233,1493,1.266],[22,"Mudsdale",1.46385,2379,2.018],[23,"Talonflame",1.41221,820,0.696],[24,"Celebi",1.37111,1321,1.12],[25,"Bewear",1.10025,874,0.741],[26,"Galvantula",1.08609,2102,1.783],[27,"Exploud",1.07414,954,0.809],[28,"Salazzle",0.9815,1561,1.324],[29,"Inteleon",0.96326,1861,1.578],[30,"Guzzlord",0.93286,509,0.432],[31,"Blastoise",0.93087,1555,1.319],[32,"Heliolisk",0.89301,692,0.587],[33,"Sirfetch'd",0.8633,825,0.7],[34,"Decidueye",0.86213,774,0.656],[35,"Escavalier",0.85664,1075,0.912],[36,"Tauros",0.83609,581,0.493],[37,"Gastrodon",0.77362,818,0.694],[38,"Archeops",0.75921,707,0.6],[39,"Goodra",0.75051,929,0.788],[40,"Dhelmise",0.73742,882,0.748],[41,"Articuno-Galar",0.7199,912,0.774],[42,"Vileplume",0.6796,766,0.65],[43,"Roserade",0.67826,798,0.677],[44,"Omastar",0.64024,214,0.182],[45,"Froslass",0.61516,562,0.477],[46,"Magneton",0.61412,340,0.288],[47,"Vikavolt",0.59548,579,0.491],[48,"Espeon",0.58099,1603,1.36],[49,"Duraludon",0.56227,772,0.655],[50,"Sigilyph",0.54836,621,0.527],[51,"Ribombee",0.53696,818,0.694],[52,"Piloswine",0.51469,304,0.258],[53,"Mantine",0.48342,554,0.47],[54,"Weezing",0.46978,347,0.294],[55,"Accelgor",0.46724,691,0.586],[56,"Druddigon",0.4564,573,0.486],[57,"Toxtricity",0.45583,140,0.119],[58,"Cresselia",0.44523,679,0.576],[59,"Centiskorch",0.4038,239,0.203],[60,"Machamp",0.40245,742,0.629],[61,"Palossand",0.39141,306,0.26],[62,"Gallade",0.37699,205,0.174],[63,"Regirock",0.35929,448,0.38],[64,"Braviary",0.35112,519,0.44],[65,"Zoroark",0.34398,1052,0.892],[66,"Aggron",0.34224,691,0.586],[67,"Vaporeon",0.32009,229,0.194],[68,"Comfey",0.29882,737,0.625],[69,"Crustle",0.29791,203,0.172],[70,"Arctovish",0.29188,131,0.111],[71,"Vanilluxe",0.2702,301,0.255],[72,"Lycanroc",0.24861,290,0.246],[73,"Xatu",0.24724,383,0.325],[74,"Togedemaru",0.24469,296,0.251],[75,"Jolteon",0.24194,679,0.576],[76,"Absol",0.23701,315,0.267],[77,"Garbodor",0.23196,179,0.152],[78,"Indeedee-F",0.22825,425,0.36],[79,"Gigalith",0.20546,657,0.557],[80,"Runerigus",0.2018,357,0.303],[81,"Thwackey",0.19661,232,0.197],[82,"Coalossal",0.1874,177,0.15],[83,"Shuckle",0.18656,862,0.731],[84,"Whimsicott",0.18525,382,0.324],[85,"Scyther",0.17838,327,0.277],[86,"Sandaconda",0.17247,343,0.291],[87,"Mesprit",0.16796,287,0.243],[88,"Stunfisk-Galar",0.16476,144,0.122],[89,"Frosmoth",0.16375,81,0.069],[90,"Rotom-Fan",0.15341,155,0.131],[91,"Toxicroak",0.14757,203,0.172],[92,"Passimian",0.14538,342,0.29],[93,"Claydol",0.14086,304,0.258],[94,"Swirlix",0.13805,120,0.102],[95,"Sableye",0.13121,245,0.208],[96,"Rotom",0.12891,170,0.144],[97,"Torkoal",0.12503,588,0.499],[98,"Altaria",0.12359,61,0.052],[99,"Electivire",0.11809,290,0.246],[100,"Raichu-Alola",0.11778,311,0.264],[101,"Charizard",0.1167,216,0.183],[102,"Tsareena",0.10754,207,0.176],[103,"Porygon-Z",0.09674,121,0.103],[104,"Kabutops",0.09665,66,0.056],[105,"Silvally-Steel",0.09404,192,0.163],[106,"Silvally-Fairy",0.09177,159,0.135],[107,"Corsola-Galar",0.09008,146,0.124],[108,"Sneasel",0.08826,155,0.131],[109,"Aromatisse",0.08318,74,0.063],[110,"Kingdra",0.08178,285,0.242],[111,"Kingler",0.07824,170,0.144],[112,"Hitmontop",0.07822,251,0.213],[113,"Ditto",0.07632,62,0.053],[114,"Morgrem",0.07601,44,0.037],[115,"Magmortar",0.07413,166,0.141],[116,"Meowstic",0.07357,202,0.171],[117,"Persian-Alola",0.07324,387,0.328],[118,"Rhydon",0.07216,136,0.115],[119,"Liepard",0.07122,331,0.281],[120,"Qwilfish",0.07102,137,0.116],[121,"Abomasnow",0.0657,277,0.235],[122,"Glaceon",0.06198,68,0.058],[123,"Ferroseed",0.06175,171,0.145],[124,"Noctowl",0.05988,48,0.041],[125,"Clawitzer",0.05929,145,0.123],[126,"Cursola",0.05856,83,0.07],[127,"Virizion",0.05323,99,0.084],[128,"Sandslash-Alola",0.04823,93,0.079],[129,"Lanturn",0.04773,145,0.123],[130,"Sceptile",0.0445,349,0.296],[131,"Malamar",0.0441,171,0.145],[132,"Lopunny",0.04347,45,0.038],[133,"Hitmonlee",0.04188,224,0.19],[134,"Gurdurr",0.03857,80,0.068],[135,"Haunter",0.03825,71,0.06],[136,"Perrserker",0.03634,67,0.057],[137,"Basculin",0.03459,125,0.106],[138,"Sandslash",0.03399,61,0.052],[139,"Pikachu",0.03176,75,0.064],[140,"Silvally-Ghost",0.03053,24,0.02],[141,"Miltank",0.02968,118,0.1],[142,"Marowak",0.02906,60,0.051],[143,"Cinccino",0.0288,253,0.215],[144,"Audino",0.02788,48,0.041],[145,"Spiritomb",0.02602,54,0.046],[146,"Scrafty",0.02592,101,0.086],[147,"Articuno",0.02348,45,0.038],[148,"Jellicent",0.02319,94,0.08],[149,"Tangela",0.02301,72,0.061],[150,"Persian",0.02242,106,0.09],[151,"Silvally-Ground",0.02235,36,0.031],[152,"Noivern",0.02167,6,0.005],[153,"Orbeetle",0.02134,128,0.109],[154,"Cofagrigus",0.02067,187,0.159],[155,"Eldegoss",0.02015,55,0.047],[156,"Turtonator",0.01851,79,0.067],[157,"Unfezant",0.0182,74,0.063],[158,"Mawile",0.01799,56,0.047],[159,"Golbat",0.01787,82,0.07],[160,"Lapras",0.01778,28,0.024],[161,"Dugtrio-Alola",0.01771,68,0.058],[162,"Jynx",0.01748,63,0.053],[163,"Exeggutor-Alola",0.01702,40,0.034],[164,"Porygon2",0.01679,15,0.013],[165,"Morpeko",0.01656,102,0.087],[166,"Delibird",0.0165,34,0.029],[167,"Klinklang",0.01459,36,0.031],[168,"Milotic",0.01391,5,0.004],[169,"Silvally",0.01374,44,0.037],[170,"Cradily",0.01361,96,0.081],[171,"Flareon",0.01216,68,0.058],[172,"Lurantis",0.01175,40,0.034],[173,"Whirlipede",0.0113,42,0.036],[174,"Cramorant",0.0107,58,0.049],[175,"Avalugg",0.0105,32,0.027],[176,"Silvally-Poison",0.01028,10,0.008],[177,"Carracosta",0.0101,24,0.02],[178,"Silvally-Dragon",0.00978,17,0.014],[179,"Sawk",0.00932,77,0.065],[180,"Pyukumuku",0.00925,43,0.036],[181,"Stunfisk",0.00922,40,0.034],[182,"Poliwrath",0.00905,55,0.047],[183,"Regice",0.00902,33,0.028],[184,"Drednaw",0.00874,55,0.047],[185,"Drampa",0.00766,41,0.035],[186,"Carbink",0.00754,69,0.059],[187,"Hattrem",0.00751,5,0.004],[188,"Rotom-Frost",0.00745,74,0.063],[189,"Ninetales",0.00729,38,0.032],[190,"Emolga",0.00727,51,0.043],[191,"Flapple",0.00715,63,0.053],[192,"Cryogonal",0.00712,45,0.038],[193,"Raichu",0.00699,29,0.025],[194,"Regigigas",0.00685,75,0.064],[195,"Mr. Mime",0.00677,36,0.031],[196,"Krokorok",0.00655,21,0.018],[197,"Shiftry",0.00649,22,0.019],[198,"Silvally-Fire",0.00589,14,0.012],[199,"Kangaskhan",0.00588,47,0.04],[200,"Wishiwashi",0.00586,46,0.039],[201,"Drifblim",0.00584,42,0.036],[202,"Appletun",0.00578,50,0.042],[203,"Butterfree",0.00576,100,0.085],[204,"Manectric",0.00544,147,0.125],[205,"Raboot",0.00515,15,0.013],[206,"Thievul",0.00504,37,0.031],[207,"Pawniard",0.00499,6,0.005],[208,"Eiscue",0.00498,52,0.044],[209,"Hitmonchan",0.00488,34,0.029],[210,"Pinsir",0.00474,21,0.018],[211,"Dusknoir",0.00469,44,0.037],[212,"Clefairy",0.0046,19,0.016],[213,"Armaldo",0.00459,14,0.012],[214,"Silvally-Dark",0.00459,27,0.023],[215,"Dugtrio",0.00446,56,0.047],[216,"Shedinja",0.00433,39,0.033],[217,"Type: Null",0.00431,27,0.023],[218,"Mr. Rime",0.00425,26,0.022],[219,"Lunatone",0.00382,9,0.008],[220,"Gabite",0.00349,5,0.004],[221,"Swoobat",0.00337,51,0.043],[222,"Marshtomp",0.00309,10,0.008],[223,"Relicanth",0.00308,22,0.019],[224,"Leafeon",0.003,31,0.026],[225,"Stonjourner",0.00298,4,0.003],[226,"Sudowoodo",0.00284,46,0.039],[227,"Aron",0.00242,39,0.033],[228,"Exeggutor",0.00242,13,0.011],[229,"Beheeyem",0.00239,9,0.008],[230,"Magmar",0.00234,17,0.014],[231,