{"total":100238,"data":{"header":["Rank","Pokemon","Usage Percentage","Usage Raw","Usage Raw Percentage"],"rows":[[1,"Flygon",6.9863,4954,4.942],[2,"Rotom-Mow",6.70557,5198,5.186],[3,"Bronzong",4.7258,5109,5.097],[4,"Aerodactyl",3.64026,4387,4.377],[5,"Sirfetch'd",3.48341,2288,2.283],[6,"Diancie",2.9036,2508,2.502],[7,"Drapion",2.7124,2169,2.164],[8,"Araquanid",2.64858,3433,3.425],[9,"Mudsdale",2.64115,2410,2.404],[10,"Exploud",2.60412,1689,1.685],[11,"Copperajah",2.51414,2779,2.772],[12,"Guzzlord",2.32531,799,0.797],[13,"Talonflame",2.26329,1998,1.993],[14,"Sylveon",2.17837,1315,1.312],[15,"Ninjask",2.07054,1500,1.496],[16,"Inteleon",1.89877,1951,1.946],[17,"Golurk",1.64846,1680,1.676],[18,"Braviary",1.6262,1129,1.126],[19,"Arcanine",1.54233,1724,1.72],[20,"Heliolisk",1.49098,815,0.813],[21,"Decidueye",1.4648,1120,1.117],[22,"Passimian",1.43718,638,0.636],[23,"Tauros",1.36298,1019,1.017],[24,"Druddigon",1.29093,1122,1.119],[25,"Tyrantrum",1.26273,1357,1.354],[26,"Vaporeon",1.24847,994,0.992],[27,"Archeops",1.19314,640,0.638],[28,"Starmie",1.18753,1264,1.261],[29,"Dragalge",1.13726,816,0.814],[30,"Escavalier",1.06166,903,0.901],[31,"Garbodor",0.92546,485,0.484],[32,"Cursola",0.86869,266,0.265],[33,"Salazzle",0.83085,1436,1.433],[34,"Celebi",0.8085,994,0.992],[35,"Duraludon",0.78608,766,0.764],[36,"Hitmontop",0.78524,808,0.806],[37,"Magneton",0.76503,531,0.53],[38,"Pincurchin",0.7352,1086,1.083],[39,"Machamp",0.67141,756,0.754],[40,"Silvally-Steel",0.65761,365,0.364],[41,"Goodra",0.65009,750,0.748],[42,"Blastoise",0.62133,1177,1.174],[43,"Vikavolt",0.58642,474,0.473],[44,"Gigalith",0.57287,477,0.476],[45,"Espeon",0.5666,1182,1.179],[46,"Jolteon",0.56445,1110,1.107],[47,"Ribombee",0.53922,730,0.728],[48,"Vileplume",0.53282,489,0.488],[49,"Dhelmise",0.51963,603,0.602],[50,"Scrafty",0.49749,324,0.323],[51,"Glastrier",0.49337,642,0.64],[52,"Galvantula",0.48794,1392,1.389],[53,"Aurorus",0.46454,170,0.17],[54,"Zoroark",0.44912,1013,1.011],[55,"Xatu",0.39957,540,0.539],[56,"Shuckle",0.39695,1018,1.016],[57,"Absol",0.39234,235,0.234],[58,"Aggron",0.39224,310,0.309],[59,"Froslass",0.38036,408,0.407],[60,"Kabutops",0.34963,240,0.239],[61,"Charizard",0.34429,279,0.278],[62,"Piloswine",0.34043,311,0.31],[63,"Indeedee-F",0.34032,494,0.493],[64,"Articuno-Galar",0.33911,539,0.538],[65,"Thwackey",0.33019,275,0.274],[66,"Weezing",0.31756,306,0.305],[67,"Uxie",0.29233,662,0.66],[68,"Mantine",0.26949,337,0.336],[69,"Omastar",0.26463,508,0.507],[70,"Hitmonlee",0.24284,207,0.207],[71,"Toxicroak",0.24097,275,0.274],[72,"Mesprit",0.23842,218,0.217],[73,"Rhydon",0.23328,141,0.141],[74,"Accelgor",0.23292,442,0.441],[75,"Gallade",0.22084,133,0.133],[76,"Comfey",0.21562,505,0.504],[77,"Scyther",0.21462,255,0.254],[78,"Sandaconda",0.20815,267,0.266],[79,"Kingdra",0.20726,311,0.31],[80,"Ferroseed",0.19996,127,0.127],[81,"Rotom",0.19843,252,0.251],[82,"Whimsicott",0.19493,287,0.286],[83,"Arctozolt",0.17727,276,0.275],[84,"Gurdurr",0.17024,58,0.058],[85,"Lanturn",0.15876,138,0.138],[86,"Clawitzer",0.14681,264,0.263],[87,"Runerigus",0.1431,185,0.185],[88,"Qwilfish",0.13589,155,0.155],[89,"Virizion",0.13138,152,0.152],[90,"Lycanroc",0.12004,221,0.22],[91,"Persian-Alola",0.11622,292,0.291],[92,"Silvally-Ghost",0.11301,106,0.106],[93,"Sceptile",0.09599,233,0.232],[94,"Palossand",0.0957,153,0.153],[95,"Drampa",0.09347,29,0.029],[96,"Togedemaru",0.09311,198,0.198],[97,"Sneasel",0.09122,197,0.197],[98,"Kingler",0.08757,461,0.46],[99,"Poliwrath",0.08595,33,0.033],[100,"Sandslash-Alola",0.08534,110,0.11],[101,"Corsola-Galar",0.08518,163,0.163],[102,"Sandslash",0.07914,53,0.053],[103,"Sawk",0.07448,72,0.072],[104,"Raichu-Alola",0.07278,207,0.207],[105,"Stunfisk",0.0721,73,0.073],[106,"Liepard",0.07174,615,0.614],[107,"Coalossal",0.07045,79,0.079],[108,"Ditto",0.0697,63,0.063],[109,"Cofagrigus",0.06945,155,0.155],[110,"Tsareena",0.06744,116,0.116],[111,"Torracat",0.06575,93,0.093],[112,"Miltank",0.06446,77,0.077],[113,"Claydol",0.06213,247,0.246],[114,"Silvally-Fairy",0.06077,160,0.16],[115,"Stunfisk-Galar",0.06064,129,0.129],[116,"Exeggutor-Alola",0.05888,63,0.063],[117,"Rotom-Fan",0.05491,79,0.079],[118,"Electivire",0.05431,153,0.153],[119,"Morpeko",0.05393,133,0.133],[120,"Bouffalant",0.05341,65,0.065],[121,"Silvally-Poison",0.05326,21,0.021],[122,"Jellicent",0.05092,69,0.069],[123,"Cinccino",0.04848,159,0.159],[124,"Gothitelle",0.04646,23,0.023],[125,"Pikachu",0.04629,336,0.335],[126,"Venipede",0.04545,14,0.014],[127,"Flapple",0.04378,38,0.038],[128,"Marowak",0.043,52,0.052],[129,"Aromatisse",0.04268,31,0.031],[130,"Arctovish",0.04162,81,0.081],[131,"Silvally",0.03933,51,0.051],[132,"Beheeyem",0.03904,30,0.03],[133,"Regirock",0.03712,250,0.249],[134,"Magmortar",0.03518,118,0.118],[135,"Orbeetle",0.03426,68,0.068],[136,"Audino",0.03342,45,0.045],[137,"Silvally-Ground",0.03331,46,0.046],[138,"Sableye",0.033,206,0.206],[139,"Rotom-Frost",0.03241,32,0.032],[140,"Dusclops",0.03219,73,0.073],[141,"Eiscue",0.03193,54,0.054],[142,"Tangela",0.03147,40,0.04],[143,"Torkoal",0.03133,121,0.121],[144,"Dusknoir",0.03079,69,0.069],[145,"Spiritomb",0.02868,23,0.023],[146,"Carracosta",0.02701,23,0.023],[147,"Emolga",0.02649,14,0.014],[148,"Carbink",0.02417,73,0.073],[149,"Malamar",0.02407,82,0.082],[150,"Haunter",0.02235,53,0.053],[151,"Butterfree",0.02122,123,0.123],[152,"Silvally-Dragon",0.02043,29,0.029],[153,"Swirlix",0.02004,34,0.034],[154,"Marshtomp",0.02,6,0.006],[155,"Jynx",0.01989,10,0.01],[156,"Shiftry",0.01934,20,0.02],[157,"Dugtrio",0.01911,42,0.042],[158,"Basculin",0.01873,124,0.124],[159,"Centiskorch",0.01702,58,0.058],[160,"Crustle",0.017,151,0.151],[161,"Shedinja",0.01671,88,0.088],[162,"Dugtrio-Alola",0.01541,65,0.065],[163,"Perrserker",0.01495,14,0.014],[164,"Cramorant",0.01475,79,0.079],[165,"Flareon",0.01434,50,0.05],[166,"Lopunny",0.01417,71,0.071],[167,"Meowstic",0.01413,76,0.076],[168,"Mawile",0.0141,25,0.025],[169,"Frosmoth",0.01344,29,0.029],[170,"Trevenant",0.01342,41,0.041],[171,"Manectric",0.01237,63,0.063],[172,"Cradily",0.0123,42,0.042],[173,"Drifblim",0.01209,23,0.023],[174,"Rapidash-Galar",0.01198,43,0.043],[175,"Grapploct",0.01197,57,0.057],[176,"Pyukumuku",0.01195,84,0.084],[177,"Wishiwashi",0.01113,71,0.071],[178,"Golbat",0.01111,37,0.037],[179,"Silvally-Grass",0.01062,8,0.008],[180,"Gourgeist-Super",0.01031,41,0.041],[181,"Unfezant",0.01017,36,0.036],[182,"Raichu",0.01013,85,0.085],[183,"Klinklang",0.00963,25,0.025],[184,"Kangaskhan",0.00952,70,0.07],[185,"Pinsir",0.00937,57,0.057],[186,"Hitmonchan",0.00937,16,0.016],[187,"Vanilluxe",0.00923,6,0.006],[188,"Clefairy",0.00921,53,0.053],[189,"Articuno",0.00911,36,0.036],[190,"Appletun",0.00906,27,0.027],[191,"Silvally-Fighting",0.00892,11,0.011],[192,"Noctowl",0.00828,12,0.012],[193,"Glalie",0.00812,7,0.007],[194,"Boltund",0.00809,61,0.061],[195,"Luxray",0.00793,29,0.029],[196,"Falinks",0.00788,14,0.014],[197,"Abomasnow",0.00761,43,0.043],[198,"Stoutland",0.00757,5,0.005],[199,"Hakamo-o",0.00751,2,0.002],[200,"Nidorino",0.00686,2,0.002],[201,"Shiinotic",0.00676,9,0.009],[202,"Leafeon",0.0067,34,0.034],[203,"Glaceon",0.00651,53,0.053],[204,"Ninetales",0.00647,31,0.031],[205,"Lunatone",0.00633,19,0.019],[206,"Lapras",0.00624,18,0.018],[207,"Altaria",0.0062,41,0.041],[208,"Electabuzz",0.00612,9,0.009],[209,"Hattrem",0.00604,16,0.016],[210,"Grookey",0.00524,7,0.007],[211,"Persian",0.00518,62,0.062],[212,"Lycanroc-Midnight",0.00502,23,0.023],[213,"Vespiquen",0.00489,18,0.018],[214,"Silvally-Dark",0.00487,10,0.01],[215,"Mr. Mime-Galar",0.00443,8,0.008],[216,"Mr. Rime",0.00418,13,0.013],[217,"Avalugg",0.00418,18,0.018],[218,"Roselia",0.00345,55,0.055],[219,"Ludicolo",0.00342,54,0.054],[220,"Bellossom",0.00296,14,0.014],[221,"Swoobat",0.00296,31,0.031],[222,"Slowpoke",0.00283,5,0.005],[223,"Regice",0.00275,7,0.007],[224,"Lilligant",0.00269,20,0.02],[225,"Onix",0.00267,18,0.018],[226,"Lickilicky",0.00266,19,0.019],[227,"Whiscash",0.00264,24,0.024],[228,"Skuntank",0.00261,14,0.014],[229,"Maractus",0.00249,16,0.016],[230,