{"total":107700,"data":{"header":["Rank","Pokemon","Usage Percentage","Usage Raw","Usage Raw Percentage"],"rows":[[1,"Aurorus",7.22554,2869,2.664],[2,"Rotom-Mow",5.64954,4565,4.239],[3,"Copperajah",4.11875,3527,3.275],[4,"Aerodactyl",4.06913,5096,4.732],[5,"Flygon",3.65723,3550,3.296],[6,"Bronzong",3.41731,4634,4.303],[7,"Sirfetch'd",3.36011,2410,2.238],[8,"Golisopod",2.73394,1948,1.809],[9,"Drapion",2.54674,2094,1.944],[10,"Mudsdale",2.4866,2186,2.03],[11,"Escavalier",2.39229,1713,1.591],[12,"Ninjask",2.12097,1715,1.592],[13,"Talonflame",1.81573,961,0.892],[14,"Araquanid",1.80186,4050,3.76],[15,"Golurk",1.75083,1864,1.731],[16,"Passimian",1.5658,1050,0.975],[17,"Diancie",1.55213,2171,2.016],[18,"Starmie",1.54392,1797,1.669],[19,"Guzzlord",1.44038,562,0.522],[20,"Espeon",1.31726,1941,1.802],[21,"Sylveon",1.30319,1096,1.018],[22,"Salazzle",1.30313,1665,1.546],[23,"Celebi",1.28372,1528,1.419],[24,"Vaporeon",1.26817,546,0.507],[25,"Arcanine",1.25778,2095,1.945],[26,"Exploud",1.22116,1195,1.11],[27,"Tyrantrum",1.22033,1385,1.286],[28,"Inteleon",1.19265,1778,1.651],[29,"Duraludon",1.12425,1017,0.944],[30,"Omastar",0.98436,211,0.196],[31,"Roserade",0.97206,1133,1.052],[32,"Dragalge",0.96669,1077,1],[33,"Braviary",0.92949,643,0.597],[34,"Decidueye",0.91195,1021,0.948],[35,"Machamp",0.85363,1048,0.973],[36,"Lycanroc",0.84309,439,0.408],[37,"Dhelmise",0.83386,798,0.741],[38,"Goodra",0.81005,903,0.838],[39,"Gigalith",0.80979,1142,1.06],[40,"Tauros",0.7288,772,0.717],[41,"Galvantula",0.71747,1774,1.647],[42,"Zoroark",0.68801,1183,1.098],[43,"Arctovish",0.66027,182,0.169],[44,"Blastoise",0.63571,1383,1.284],[45,"Articuno-Galar",0.62996,926,0.86],[46,"Silvally-Steel",0.5819,292,0.271],[47,"Uxie",0.54677,415,0.385],[48,"Gastrodon",0.52944,861,0.799],[49,"Ribombee",0.48841,943,0.876],[50,"Kabutops",0.48051,238,0.221],[51,"Pincurchin",0.47979,602,0.559],[52,"Heliolisk",0.46702,514,0.477],[53,"Vanilluxe",0.45777,336,0.312],[54,"Weezing",0.43066,389,0.361],[55,"Piloswine",0.4303,400,0.371],[56,"Druddigon",0.42329,653,0.606],[57,"Scyther",0.41617,536,0.498],[58,"Indeedee-F",0.41575,637,0.591],[59,"Magneton",0.34226,231,0.214],[60,"Silvally-Ghost",0.33139,187,0.174],[61,"Sandaconda",0.32506,396,0.368],[62,"Cresselia",0.32049,458,0.425],[63,"Jolteon",0.31861,678,0.63],[64,"Froslass",0.31293,506,0.47],[65,"Thwackey",0.31121,230,0.214],[66,"Garbodor",0.31016,141,0.131],[67,"Abomasnow",0.30267,236,0.219],[68,"Vileplume",0.28852,638,0.592],[69,"Runerigus",0.27967,271,0.252],[70,"Aggron",0.27407,416,0.386],[71,"Vikavolt",0.26705,285,0.265],[72,"Mantine",0.26053,367,0.341],[73,"Sandslash-Alola",0.24843,180,0.167],[74,"Comfey",0.23208,555,0.515],[75,"Xatu",0.22678,235,0.218],[76,"Meowstic",0.22026,145,0.135],[77,"Qwilfish",0.21452,157,0.146],[78,"Toxicroak",0.19319,174,0.162],[79,"Ditto",0.18674,104,0.097],[80,"Gallade",0.18628,189,0.175],[81,"Scrafty",0.18249,162,0.15],[82,"Pikachu",0.17901,216,0.201],[83,"Absol",0.17862,351,0.326],[84,"Regirock",0.1782,368,0.342],[85,"Whimsicott",0.17622,467,0.434],[86,"Shuckle",0.17165,879,0.816],[87,"Archeops",0.17153,302,0.28],[88,"Crustle",0.159,158,0.147],[89,"Centiskorch",0.15068,211,0.196],[90,"Gurdurr",0.14498,100,0.093],[91,"Carbink",0.14459,88,0.082],[92,"Hitmontop",0.14434,281,0.261],[93,"Dugtrio-Alola",0.13533,93,0.086],[94,"Bouffalant",0.13268,50,0.046],[95,"Claydol",0.13251,218,0.202],[96,"Persian-Alola",0.12845,329,0.305],[97,"Stunfisk",0.12795,108,0.1],[98,"Togedemaru",0.12226,135,0.125],[99,"Tsareena",0.11808,156,0.145],[100,"Charizard",0.11695,227,0.211],[101,"Stunfisk-Galar",0.11594,168,0.156],[102,"Clawitzer",0.11496,123,0.114],[103,"Mesprit",0.11363,369,0.343],[104,"Sableye",0.10953,242,0.225],[105,"Sandslash",0.10209,71,0.066],[106,"Rhydon",0.10169,174,0.162],[107,"Sceptile",0.0901,363,0.337],[108,"Hitmonlee",0.08932,315,0.292],[109,"Palossand",0.08931,198,0.184],[110,"Audino",0.08821,63,0.058],[111,"Silvally-Fairy",0.08756,73,0.068],[112,"Cinccino",0.08133,258,0.24],[113,"Miltank",0.07698,99,0.092],[114,"Virizion",0.07474,90,0.084],[115,"Cryogonal",0.07395,22,0.02],[116,"Frosmoth",0.07344,43,0.04],[117,"Perrserker",0.0732,98,0.091],[118,"Tangela",0.07261,32,0.03],[119,"Lanturn",0.06983,151,0.14],[120,"Coalossal",0.0668,166,0.154],[121,"Rotom",0.06555,143,0.133],[122,"Ferroseed",0.06284,104,0.097],[123,"Drampa",0.0621,33,0.031],[124,"Eiscue",0.05894,119,0.11],[125,"Accelgor",0.05778,325,0.302],[126,"Swirlix",0.05696,163,0.151],[127,"Unfezant",0.05666,67,0.062],[128,"Exeggutor-Alola",0.05624,48,0.045],[129,"Cofagrigus",0.05586,246,0.228],[130,"Mareanie",0.05327,18,0.017],[131,"Glaceon",0.05289,47,0.044],[132,"Silvally-Dark",0.05005,61,0.057],[133,"Raichu-Alola",0.04806,285,0.265],[134,"Orbeetle",0.04776,97,0.09],[135,"Jynx",0.04724,52,0.048],[136,"Morpeko",0.0465,170,0.158],[137,"Sneasel",0.04563,112,0.104],[138,"Grapploct",0.04517,14,0.013],[139,"Corsola-Galar",0.04457,119,0.11],[140,"Electivire",0.04389,166,0.154],[141,"Butterfree",0.04301,115,0.107],[142,"Pyukumuku",0.04292,113,0.105],[143,"Sawk",0.03954,87,0.081],[144,"Kingdra",0.03861,286,0.266],[145,"Dubwool",0.03821,56,0.052],[146,"Torkoal",0.03747,184,0.171],[147,"Rotom-Frost",0.03525,50,0.046],[148,"Cursola",0.03206,58,0.054],[149,"Rapidash",0.03054,35,0.032],[150,"Turtonator",0.0304,49,0.045],[151,"Manectric",0.0295,111,0.103],[152,"Cradily",0.02949,79,0.073],[153,"Haunter",0.02927,45,0.042],[154,"Spiritomb",0.02875,60,0.056],[155,"Eldegoss",0.02826,27,0.025],[156,"Poliwrath",0.02776,49,0.045],[157,"Regigigas",0.02767,99,0.092],[158,"Throh",0.02759,47,0.044],[159,"Silvally-Electric",0.02741,10,0.009],[160,"Shedinja",0.02735,73,0.068],[161,"Rotom-Fan",0.02729,107,0.099],[162,"Marowak",0.0263,76,0.071],[163,"Pinsir",0.02617,26,0.024],[164,"Liepard",0.02282,277,0.257],[165,"Dusknoir",0.02244,30,0.028],[166,"Altaria",0.02077,56,0.052],[167,"Silvally",0.02029,205,0.19],[168,"Thievul",0.02028,29,0.027],[169,"Jellicent",0.01933,70,0.065],[170,"Pawniard",0.01842,7,0.006],[171,"Kingler",0.01812,90,0.084],[172,"Gourgeist-Super",0.01795,32,0.03],[173,"Dugtrio",0.01653,64,0.059],[174,"Basculin",0.01556,98,0.091],[175,"Musharna",0.01543,12,0.011],[176,"Boltund",0.01485,60,0.056],[177,"Magmortar",0.01464,71,0.066],[178,"Lurantis",0.01432,18,0.017],[179,"Leafeon",0.0143,54,0.05],[180,"Kadabra",0.01338,20,0.019],[181,"Lilligant",0.01329,15,0.014],[182,"Rapidash-Galar",0.01282,24,0.022],[183,"Silvally-Ground",0.01202,12,0.011],[184,"Cramorant",0.01197,44,0.041],[185,"Trevenant",0.01175,23,0.021],[186,"Silvally-Rock",0.01089,12,0.011],[187,"Aromatisse",0.01061,31,0.029],[188,"Skuntank",0.01014,35,0.032],[189,"Lycanroc-Midnight",0.0097,12,0.011],[190,"Drakloak",0.00907,93,0.086],[191,"Politoed",0.00859,66,0.061],[192,"Golbat",0.00846,20,0.019],[193,"Swoobat",0.00823,41,0.038],[194,"Armaldo",0.00725,34,0.032],[195,"Octillery",0.00716,20,0.019],[196,"Wishiwashi",0.00705,49,0.045],[197,"Alcremie",0.007,24,0.022],[198,"Malamar",0.00692,100,0.093],[199,"Clefairy",0.00687,29,0.027],[200,"Gourgeist",0.00606,3,0.003],[201,"Stonjourner",0.00602,18,0.017],[202,"Regice",0.0058,39,0.036],[203,"Articuno",0.00579,81,0.075],[204,"Wailord",0.00571,5,0.005],[205,"Shiftry",0.0057,19,0.018],[206,"Silvally-Fighting",0.00548,4,0.004],[207,"Avalugg",0.00538,49,0.045],[208,"Lairon",0.0048,13,0.012],[209,"Ninetales",0.0046,36,0.033],[210,"Lickilicky",0.00436,23,0.021],[211,"Raboot",0.0039,25,0.023],[212,"Mudbray",0.00369,1,0.001],[213,"Exeggutor",0.00368,24,0.022],[214,"Drifblim",0.00353,20,0.019],[215,"Torracat",0.00346,20,0.019],[216,"Klinklang",0.00323,34,0.032],[217,"Hitmonchan",0.00317,28,0.026],[218,"Heatmor",0.00312,4,0.004],[219,"Appletun",0.00298,30,0.028],[220,"Falinks",0.00297,42,0.039],[221,"Solrock",0.00295,10,0.009],[222,"Tirtouga",0.0029,16,0.015],[223,"Mawile",0.00289,85,0.079],[224,"Glalie",0.00289,34,0.032],[225,"Hippopotas",0.00279,16,0.015],[226,"Silvally-Grass",0.00272,7,0.006],[227,"Whiscash",0.00263,23,0.021],[228,"Duosion",0.00255,10,0.009],[229,"Koffing",0.00253,19,0.018],[230,