{"total":68560,"data":{"header":["Rank","Pokemon","Usage Percentage","Usage Raw","Usage Raw Percentage"],"rows":[[1,"Druddigon",4.63737,2973,4.336],[2,"Duraludon",4.60652,2088,3.046],[3,"Inteleon",4.10003,2313,3.374],[4,"Mudsdale",3.68789,1192,1.739],[5,"Galvantula",3.49579,2252,3.285],[6,"Aurorus",3.0413,1734,2.529],[7,"Regirock",2.89738,1420,2.071],[8,"Salazzle",2.59421,1583,2.309],[9,"Ninjask",2.57181,1704,2.485],[10,"Escavalier",2.52397,1147,1.673],[11,"Aggron",2.41355,2128,3.104],[12,"Magneton",2.38588,969,1.413],[13,"Mesprit",2.22331,1333,1.944],[14,"Rotom",2.15659,1071,1.562],[15,"Clawitzer",2.00951,1152,1.68],[16,"Espeon",1.85601,1318,1.922],[17,"Centiskorch",1.78564,915,1.335],[18,"Gigalith",1.77375,1332,1.943],[19,"Gallade",1.7429,1076,1.569],[20,"Absol",1.70515,1006,1.467],[21,"Exeggutor-Alola",1.64189,574,0.837],[22,"Thwackey",1.62942,1258,1.835],[23,"Porygon2",1.52548,897,1.308],[24,"Piloswine",1.50776,903,1.317],[25,"Malamar",1.46093,861,1.256],[26,"Tauros",1.42019,938,1.368],[27,"Hitmontop",1.3867,844,1.231],[28,"Sceptile",1.15269,783,1.142],[29,"Coalossal",1.12845,792,1.155],[30,"Whimsicott",1.08151,954,1.391],[31,"Weezing",1.03272,814,1.187],[32,"Lanturn",1.02125,506,0.738],[33,"Silvally-Fairy",0.93044,410,0.598],[34,"Gastrodon",0.91892,593,0.865],[35,"Claydol",0.82002,1316,1.919],[36,"Toxicroak",0.79511,470,0.686],[37,"Comfey",0.77028,467,0.681],[38,"Silvally-Ghost",0.74015,269,0.392],[39,"Vaporeon",0.72179,374,0.546],[40,"Electivire",0.70429,783,1.142],[41,"Froslass",0.67473,821,1.197],[42,"Runerigus",0.64829,265,0.387],[43,"Xatu",0.64745,633,0.923],[44,"Lycanroc",0.6452,337,0.492],[45,"Sneasel",0.63256,409,0.597],[46,"Magmortar",0.58453,883,1.288],[47,"Sableye",0.57659,346,0.505],[48,"Basculin",0.56287,328,0.478],[49,"Garbodor",0.55584,374,0.546],[50,"Sawk",0.55577,174,0.254],[51,"Carbink",0.52448,286,0.417],[52,"Crustle",0.51404,155,0.226],[53,"Perrserker",0.50612,233,0.34],[54,"Cofagrigus",0.50428,745,1.087],[55,"Gurdurr",0.49957,372,0.543],[56,"Shuckle",0.49488,631,0.92],[57,"Jellicent",0.4832,443,0.646],[58,"Guzzlord",0.47663,236,0.344],[59,"Qwilfish",0.47172,314,0.458],[60,"Miltank",0.44077,512,0.747],[61,"Cramorant",0.4347,436,0.636],[62,"Stunfisk-Galar",0.41594,522,0.761],[63,"Jolteon",0.4028,450,0.656],[64,"Cradily",0.35667,746,1.088],[65,"Ferroseed",0.34923,247,0.36],[66,"Accelgor",0.34521,406,0.592],[67,"Sandslash-Alola",0.34386,263,0.384],[68,"Togedemaru",0.31252,144,0.21],[69,"Torkoal",0.29861,305,0.445],[70,"Rhydon",0.2926,139,0.203],[71,"Cryogonal",0.2876,53,0.077],[72,"Haunter",0.27721,349,0.509],[73,"Rotom-Fan",0.27665,184,0.268],[74,"Golbat",0.26741,98,0.143],[75,"Sudowoodo",0.26411,17,0.025],[76,"Poliwrath",0.26158,114,0.166],[77,"Aromatisse",0.25199,173,0.252],[78,"Pincurchin",0.23908,208,0.303],[79,"Gourgeist-Small",0.23823,62,0.09],[80,"Luxray",0.23743,24,0.035],[81,"Persian-Alola",0.22412,601,0.877],[82,"Sandslash",0.22249,95,0.139],[83,"Orbeetle",0.22243,484,0.706],[84,"Spiritomb",0.21232,101,0.147],[85,"Cinccino",0.20583,311,0.454],[86,"Swirlix",0.18349,51,0.074],[87,"Rotom-Frost",0.17863,111,0.162],[88,"Hippopotas",0.17693,40,0.058],[89,"Turtonator",0.17153,302,0.44],[90,"Clefairy",0.15952,64,0.093],[91,"Corsola-Galar",0.15929,171,0.249],[92,"Raboot",0.15396,92,0.134],[93,"Eldegoss",0.14874,211,0.308],[94,"Audino",0.14665,57,0.083],[95,"Wishiwashi",0.14428,130,0.19],[96,"Silvally-Water",0.13838,106,0.155],[97,"Kingler",0.13221,169,0.246],[98,"Crobat",0.12523,67,0.098],[99,"Sandaconda",0.11155,300,0.438],[100,"Regice",0.10636,179,0.261],[101,"Silvally-Dark",0.10268,46,0.067],[102,"Stunfisk",0.08855,66,0.096],[103,"Skuntank",0.08775,78,0.114],[104,"Tangela",0.08722,52,0.076],[105,"Venipede",0.08669,18,0.026],[106,"Butterfree",0.08299,236,0.344],[107,"Unfezant",0.08267,73,0.106],[108,"Boltund",0.08233,108,0.158],[109,"Silvally-Ground",0.07834,36,0.053],[110,"Quagsire",0.07729,52,0.076],[111,"Klinklang",0.07598,51,0.074],[112,"Drampa",0.07567,82,0.12],[113,"Cursola",0.07497,49,0.071],[114,"Metang",0.07149,58,0.085],[115,"Dusknoir",0.0699,85,0.124],[116,"Manectric",0.06989,34,0.05],[117,"Trevenant",0.06261,69,0.101],[118,"Appletun",0.0614,46,0.067],[119,"Jynx",0.06089,55,0.08],[120,"Liepard",0.05859,132,0.193],[121,"Hitmonchan",0.05442,48,0.07],[122,"Thievul",0.05418,143,0.209],[123,"Glaceon",0.05035,42,0.061],[124,"Pikachu",0.05008,87,0.127],[125,"Pinsir",0.04415,45,0.066],[126,"Exeggutor",0.04349,49,0.071],[127,"Flapple",0.04336,270,0.394],[128,"Ninetales",0.04046,57,0.083],[129,"Frosmoth",0.03859,36,0.053],[130,"Morpeko",0.0364,128,0.187],[131,"Ditto",0.03585,41,0.06],[132,"Silvally-Poison",0.03582,57,0.083],[133,"Dugtrio-Alola",0.03566,331,0.483],[134,"Rapidash",0.03333,66,0.096],[135,"Emolga",0.03293,42,0.061],[136,"Silvally-Fighting",0.03283,23,0.034],[137,"Carracosta",0.03234,29,0.042],[138,"Ribombee",0.03208,44,0.064],[139,"Altaria",0.02744,37,0.054],[140,"Stoutland",0.02716,10,0.015],[141,"Charjabug",0.02493,54,0.079],[142,"Marill",0.02408,40,0.058],[143,"Flareon",0.02311,49,0.071],[144,"Silvally-Dragon",0.02291,36,0.053],[145,"Dunsparce",0.02271,18,0.026],[146,"Kangaskhan",0.02266,55,0.08],[147,"Lapras",0.02144,35,0.051],[148,"Marowak",0.02089,16,0.023],[149,"Roselia",0.01989,46,0.067],[150,"Meowstic",0.01989,45,0.066],[151,"Mareanie",0.0178,11,0.016],[152,"Lilligant",0.0178,18,0.026],[153,"Noctowl",0.01713,66,0.096],[154,"Silvally",0.01658,56,0.082],[155,"Combusken",0.01638,28,0.041],[156,"Carkol",0.01498,31,0.045],[157,"Type: Null",0.01425,15,0.022],[158,"Dugtrio",0.01393,55,0.08],[159,"Silvally-Electric",0.0123,13,0.019],[160,"Torracat",0.01112,38,0.055],[161,"Swoobat",0.01096,74,0.108],[162,"Slowpoke",0.01081,7,0.01],[163,"Avalugg",0.00942,33,0.048],[164,"Beheeyem",0.00918,15,0.022],[165,"Bouffalant",0.00889,12,0.018],[166,"Klang",0.00875,3,0.004],[167,"Silvally-Ice",0.00851,1,0.001],[168,"Silvally-Grass",0.00835,11,0.016],[169,"Mawile",0.00822,30,0.044],[170,"Archen",0.00681,9,0.013],[171,"Rapidash-Galar",0.00677,46,0.067],[172,"Grapploct",0.00676,109,0.159],[173,"Seaking",0.00653,5,0.007],[174,"Shedinja",0.00545,25,0.036],[175,"Alcremie",0.0053,45,0.066],[176,"Dewpider",0.00524,28,0.041],[177,"Leafeon",0.00522,20,0.029],[178,"Ludicolo",0.00502,44,0.064],[179,"Magmar",0.00487,21,0.031],[180,"Dedenne",0.00486,11,0.016],[181,"Krokorok",0.00478,44,0.064],[182,"Solrock",0.00457,20,0.029],[183,"Duskull",0.00435,7,0.01],[184,"Relicanth",0.00413,34,0.05],[185,"Stonjourner",0.00405,10,0.015],[186,"Corsola",0.00393,5,0.007],[187,"Armaldo",0.0039,50,0.073],[188,"Dusclops",0.00361,41,0.06],[189,"Sliggoo",0.00324,22,0.032],[190,"Machoke",0.00305,6,0.009],[191,"Drifblim",0.00281,45,0.066],[192,"Throh",0.00249,47,0.069],[193,"Grookey",0.00249,4,0.006],[194,"Silvally-Fire",0.00238,19,0.028],[195,"Shiinotic",0.00237,14,0.02],[196,"Electabuzz",0.00232,8,0.012],[197,"Gourgeist-Super",0.00205,22,0.032],[198,"Pupitar",0.00198,8,0.012],[199,"Gabite",0.00195,22,0.032],[200,"Musharna",0.00194,19,0.028],[201,"Drakloak",0.00174,7,0.01],[202,"Lycanroc-Midnight",0.00151,23,0.034],[203,"Arctovish",0.00146,12,0.018],[204,"Linoone-Galar",0.0014,69,0.101],[205,"Lurantis",0.00129,27,0.039],[206,"Walrein",0.00111,14,0.02],[207,"Silvally-Flying",0.00097,14,0.02],[208,"Maractus",0.00091,9,0.013],[209,"Cutiefly",0.00081,17,0.025],[210,"Wartortle",0.0008,13,0.019],[211,"Falinks",0.00074,25,0.036],[212,"Fraxure",0.00073,18,0.026],[213,"Vespiquen",0.00068,23,0.034],[214,"Bellossom",0.00066,39,0.057],[215,"Octillery",0.00066,6,0.009],[216,"Pyukumuku",0.00065,27,0.039],[217,"Drilbur",0.00052,1,0.001],[218,"Lickilicky",0.0005,19,0.028],[219,"Duosion",0.00049,2,0.003],[220,"Wailord",0.00047,14,0.02],[221,"Charmeleon",0.0004,7,0.01],[222,"Delibird",0.0004,7,0.01],[223,"Kadabra",0.00036,32,0.047],[224,"Spheal",0.00036,12,0.018],[225,"Vulpix-Alola",0.00027,8,0.012],[226,"Calyrex",0.00023,9,0.013],[227,"Tyrunt",0.00021,6,0.009],[228,"Lopunny",0.00021,66,0.096],[229,"Hoothoot",0.00019,3,0.004],[230,"Persian",0.00018,43,0.063],[231,"Mr. 