{"total":96118,"data":{"header":["Rank","Pokemon","Usage Percentage","Usage Raw","Usage Raw Percentage"],"rows":[[1,"Aerodactyl",6.57753,5370,5.587],[2,"Rotom-Mow",5.51489,4706,4.896],[3,"Flygon",4.48252,3457,3.597],[4,"Bronzong",4.31214,4612,4.798],[5,"Sirfetch'd",3.90127,2319,2.413],[6,"Copperajah",3.16836,2556,2.659],[7,"Mudsdale",3.15668,2780,2.892],[8,"Ninjask",2.28787,1621,1.686],[9,"Heliolisk",2.14161,923,0.96],[10,"Dragalge",2.12306,1179,1.227],[11,"Guzzlord",2.07308,592,0.616],[12,"Araquanid",1.97648,3363,3.499],[13,"Sylveon",1.94673,922,0.959],[14,"Diancie",1.75784,2338,2.432],[15,"Celebi",1.69886,1476,1.536],[16,"Drapion",1.69545,1683,1.751],[17,"Entei",1.65335,720,0.749],[18,"Golurk",1.47591,1521,1.582],[19,"Gigalith",1.47555,890,0.926],[20,"Duraludon",1.42485,804,0.836],[21,"Exploud",1.42072,1108,1.153],[22,"Passimian",1.39859,785,0.817],[23,"Dhelmise",1.38928,845,0.879],[24,"Talonflame",1.3767,1192,1.24],[25,"Vaporeon",1.37171,958,0.997],[26,"Inteleon",1.31567,1673,1.741],[27,"Starmie",1.28375,1362,1.417],[28,"Druddigon",1.26183,759,0.79],[29,"Decidueye",1.25071,800,0.832],[30,"Arcanine",1.21074,1662,1.729],[31,"Froslass",1.19887,685,0.713],[32,"Tyrantrum",1.02615,986,1.026],[33,"Braviary",0.96298,834,0.868],[34,"Machamp",0.91791,922,0.959],[35,"Glastrier",0.91538,438,0.456],[36,"Escavalier",0.78318,804,0.836],[37,"Archeops",0.77199,501,0.521],[38,"Salazzle",0.76399,1256,1.307],[39,"Silvally-Steel",0.75307,451,0.469],[40,"Uxie",0.74165,570,0.593],[41,"Tauros",0.71511,799,0.831],[42,"Galvantula",0.71413,1676,1.744],[43,"Espeon",0.69002,1802,1.875],[44,"Shuckle",0.61816,835,0.869],[45,"Blastoise",0.60395,1238,1.288],[46,"Omastar",0.56228,323,0.336],[47,"Xatu",0.53252,436,0.454],[48,"Ribombee",0.51647,640,0.666],[49,"Indeedee-F",0.51274,621,0.646],[50,"Articuno-Galar",0.47872,635,0.661],[51,"Aggron",0.46685,415,0.432],[52,"Goodra",0.42822,605,0.629],[53,"Jolteon",0.42013,788,0.82],[54,"Qwilfish",0.41443,150,0.156],[55,"Mesprit",0.38888,293,0.305],[56,"Gallade",0.38237,150,0.156],[57,"Zoroark",0.37315,935,0.973],[58,"Vikavolt",0.36826,339,0.353],[59,"Garbodor",0.36348,297,0.309],[60,"Pincurchin",0.36058,713,0.742],[61,"Jellicent",0.34834,227,0.236],[62,"Mantine",0.34483,353,0.367],[63,"Kabutops",0.34234,234,0.243],[64,"Whimsicott",0.33479,391,0.407],[65,"Arctozolt",0.32459,286,0.298],[66,"Sandslash-Alola",0.31974,400,0.416],[67,"Toxicroak",0.31896,195,0.203],[68,"Vileplume",0.30652,426,0.443],[69,"Piloswine",0.29283,222,0.231],[70,"Scrafty",0.29129,347,0.361],[71,"Thwackey",0.28708,215,0.224],[72,"Rotom",0.26732,241,0.251],[73,"Lycanroc",0.25853,225,0.234],[74,"Weezing",0.25197,271,0.282],[75,"Virizion",0.2511,208,0.216],[76,"Tsareena",0.25084,200,0.208],[77,"Kingdra",0.23972,228,0.237],[78,"Miltank",0.23338,131,0.136],[79,"Silvally",0.23104,139,0.145],[80,"Runerigus",0.22479,208,0.216],[81,"Sandaconda",0.21463,307,0.319],[82,"Pikachu",0.20687,303,0.315],[83,"Ferroseed",0.20579,75,0.078],[84,"Magneton",0.20295,198,0.206],[85,"Accelgor",0.19433,363,0.378],[86,"Stunfisk",0.18829,57,0.059],[87,"Sandslash",0.18734,83,0.086],[88,"Togedemaru",0.17855,190,0.198],[89,"Coalossal",0.17592,163,0.17],[90,"Dugtrio",0.17561,126,0.131],[91,"Hitmontop",0.17317,271,0.282],[92,"Sableye",0.15775,274,0.285],[93,"Magmortar",0.15511,176,0.183],[94,"Silvally-Ghost",0.14892,109,0.113],[95,"Claydol",0.14874,213,0.222],[96,"Scyther",0.14477,352,0.366],[97,"Hitmonlee",0.14403,327,0.34],[98,"Absol",0.14,226,0.235],[99,"Regirock",0.13863,198,0.206],[100,"Palossand",0.13816,177,0.184],[101,"Sneasel",0.13619,109,0.113],[102,"Liepard",0.13418,276,0.287],[103,"Comfey",0.13283,334,0.347],[104,"Raichu-Alola",0.11999,226,0.235],[105,"Clawitzer",0.11854,202,0.21],[106,"Stunfisk-Galar",0.10183,101,0.105],[107,"Rhydon",0.10131,145,0.151],[108,"Centiskorch",0.10078,109,0.113],[109,"Aron",0.09626,25,0.026],[110,"Kingler",0.09017,129,0.134],[111,"Exeggutor-Alola",0.08818,81,0.084],[112,"Golbat",0.08444,47,0.049],[113,"Lanturn",0.07958,93,0.097],[114,"Silvally-Fairy",0.07669,95,0.099],[115,"Persian-Alola",0.06696,316,0.329],[116,"Aurorus",0.06589,370,0.385],[117,"Tangela",0.06092,27,0.028],[118,"Carracosta",0.05961,76,0.079],[119,"Rotom-Fan",0.05927,69,0.072],[120,"Silvally-Ground",0.05912,30,0.031],[121,"Sceptile",0.0586,286,0.298],[122,"Cursola",0.055,153,0.159],[123,"Gurdurr",0.05473,20,0.021],[124,"Cofagrigus",0.05371,214,0.223],[125,"Carbink",0.05329,57,0.059],[126,"Morpeko",0.05176,123,0.128],[127,"Articuno",0.04883,55,0.057],[128,"Arctovish",0.04791,146,0.152],[129,"Vanilluxe",0.04781,230,0.239],[130,"Swirlix",0.04606,227,0.236],[131,"Torkoal",0.046,126,0.131],[132,"Cinccino",0.04576,274,0.285],[133,"Haunter",0.04561,58,0.06],[134,"Marowak",0.04313,22,0.023],[135,"Shiftry",0.04275,20,0.021],[136,"Klinklang",0.04214,40,0.042],[137,"Malamar",0.0404,99,0.103],[138,"Charizard",0.03943,112,0.117],[139,"Boltund",0.03765,79,0.082],[140,"Crustle",0.03757,83,0.086],[141,"Shedinja",0.03583,89,0.093],[142,"Basculin",0.03496,40,0.042],[143,"Turtonator",0.03393,45,0.047],[144,"Pyukumuku",0.03359,75,0.078],[145,"Aromatisse",0.03301,45,0.047],[146,"Meowstic",0.03284,115,0.12],[147,"Beheeyem",0.03281,34,0.035],[148,"Manectric",0.03066,45,0.047],[149,"Silvally-Dark",0.02622,27,0.028],[150,"Silvally-Electric",0.02551,25,0.026],[151,"Silvally-Poison",0.02465,10,0.01],[152,"Emolga",0.024,61,0.063],[153,"Lopunny",0.02392,79,0.082],[154,"Hippopotas",0.02309,28,0.029],[155,"Throh",0.02282,51,0.053],[156,"Rotom-Frost",0.02263,30,0.031],[157,"Marshtomp",0.02233,45,0.047],[158,"Rapidash-Galar",0.02233,39,0.041],[159,"Electivire",0.02227,95,0.099],[160,"Roselia",0.02208,24,0.025],[161,"Frosmoth",0.02096,48,0.05],[162,"Skuntank",0.02072,42,0.044],[163,"Leafeon",0.02056,53,0.055],[164,"Persian",0.01989,46,0.048],[165,"Dusknoir",0.01936,58,0.06],[166,"Whirlipede",0.01907,27,0.028],[167,"Politoed",0.0189,45,0.047],[168,"Corsola-Galar",0.0182,73,0.076],[169,"Audino",0.01752,27,0.028],[170,"Alcremie",0.01593,31,0.032],[171,"Slowpoke",0.01549,3,0.003],[172,"Ditto",0.01399,46,0.048],[173,"Altaria",0.01375,12,0.012],[174,"Perrserker",0.0135,177,0.184],[175,"Cryogonal",0.0133,53,0.055],[176,"Lunatone",0.01297,19,0.02],[177,"Drampa",0.01254,22,0.023],[178,"Bouffalant",0.01202,15,0.016],[179,"Avalugg",0.01171,75,0.078],[180,"Trubbish",0.01161,2,0.002],[181,"Lickilicky",0.01119,20,0.021],[182,"Armaldo",0.01111,38,0.04],[183,"Rapidash",0.01068,13,0.014],[184,"Heatmor",0.01057,19,0.02],[185,"Flareon",0.01055,72,0.075],[186,"Vullaby",0.01033,2,0.002],[187,"Regice",0.0093,29,0.03],[188,"Dunsparce",0.00906,15,0.016],[189,"Cramorant",0.00904,47,0.049],[190,"Swoobat",0.00902,87,0.091],[191,"Dusclops",0.00893,97,0.101],[192,"Butterfree",0.00884,175,0.182],[193,"Togetic",0.00851,19,0.02],[194,"Orbeetle",0.00849,107,0.111],[195,"Eldegoss",0.00813,19,0.02],[196,"Drifblim",0.00809,149,0.155],[197,"Glalie",0.00733,16,0.017],[198,"Exeggutor",0.00704,20,0.021],[199,"Seaking",0.00672,17,0.018],[200,"Clefairy",0.0067,26,0.027],[201,"Spiritomb",0.00651,36,0.037],[202,"Cradily",0.00632,97,0.101],[203,"Hattrem",0.00602,5,0.005],[204,"Eiscue",0.00601,113,0.118],[205,"Thievul",0.00591,46,0.048],[206,"Grapploct",0.00589,38,0.04],[207,"Gourgeist-Super",0.00575,33,0.034],[208,"Golisopod",0.00557,33,0.034],[209,"Lurantis",0.00532,19,0.02],[210,"Sawk",0.00523,30,0.031],[211,"Gourgeist-Small",0.00472,6,0.006],[212,"Poliwrath",0.00457,40,0.042],[213,"Charjabug",0.00449,13,0.014],[214,"Drednaw",0.00428,18,0.019],[215,"Octillery",0.00411,5,0.005],[216,"Morgrem",0.00409,74,0.077],[217,"Seadra",0.00401,5,0.005],[218,"Lapras",0.00383,37,0.038],[219,"Mawile",0.00362,28,0.029],[220,"Kangaskhan",0.0036,30,0.031],[221,"Ninetales",0.00345,43,0.045],[222,"Type: Null",0.0034,13,0.014],[223,"Palpitoad",0.00336,93,0.097],[224,"Relicanth",0.00303,8,0.008],[225,"Gastrodon",0.00289,11,0.011],[226,"Silvally-Water",0.00274,11,0.011],[227,"Luxray",0.00258,41,0.043],[228,"Flapple",0.00255,19,0.02],[229,"Shiinotic",0.00237,18,0.019],[230,"Regigigas",0.00233,70,