{"total":48504,"data":{"header":["Rank","Pokemon","Usage Percentage","Usage Raw","Usage Raw Percentage"],"rows":[[1,"Crobat",6.07868,2558,5.274],[2,"Aurorus",5.11803,2037,4.2],[3,"Mesprit",3.9312,1087,2.241],[4,"Regirock",3.4307,1591,3.28],[5,"Duraludon",3.29051,1471,3.033],[6,"Escavalier",2.86507,752,1.55],[7,"Gallade",2.52406,813,1.676],[8,"Piloswine",2.44407,737,1.519],[9,"Clawitzer",2.41225,975,2.01],[10,"Weezing",2.3816,621,1.28],[11,"Ribombee",2.2285,1778,3.666],[12,"Claydol",2.13705,1356,2.796],[13,"Aggron",2.10441,1484,3.06],[14,"Coalossal",1.83076,588,1.212],[15,"Magneton",1.72751,405,0.835],[16,"Galvantula",1.56755,1182,2.437],[17,"Rotom",1.54727,709,1.462],[18,"Porygon2",1.46462,479,0.988],[19,"Tauros",1.46198,679,1.4],[20,"Absol",1.45996,479,0.988],[21,"Whimsicott",1.45888,615,1.268],[22,"Runerigus",1.39583,461,0.95],[23,"Centiskorch",1.36946,702,1.447],[24,"Politoed",1.30139,166,0.342],[25,"Thwackey",1.28246,563,1.161],[26,"Stunfisk-Galar",1.22991,446,0.92],[27,"Exeggutor-Alola",1.21839,302,0.623],[28,"Lycanroc",1.19512,830,1.711],[29,"Ninjask",1.19419,888,1.831],[30,"Lanturn",1.19086,496,1.023],[31,"Miltank",1.18798,644,1.328],[32,"Cradily",1.08746,610,1.258],[33,"Sceptile",1.03803,469,0.967],[34,"Gurdurr",1.01509,300,0.619],[35,"Carbink",0.99107,745,1.536],[36,"Gastrodon",0.97277,367,0.757],[37,"Garbodor",0.97168,496,1.023],[38,"Jellicent",0.95519,345,0.711],[39,"Electivire",0.95047,654,1.348],[40,"Vaporeon",0.90853,310,0.639],[41,"Magmortar",0.90249,445,0.917],[42,"Hitmontop",0.90068,694,1.431],[43,"Corsola-Galar",0.82501,194,0.4],[44,"Cinccino",0.82442,398,0.821],[45,"Drampa",0.78107,208,0.429],[46,"Accelgor",0.70071,403,0.831],[47,"Sableye",0.68818,636,1.311],[48,"Sneasel",0.59383,314,0.647],[49,"Cofagrigus",0.57132,475,0.979],[50,"Guzzlord",0.57009,187,0.386],[51,"Toxicroak",0.55923,322,0.664],[52,"Silvally-Ghost",0.54931,199,0.41],[53,"Rotom-Fan",0.53637,252,0.52],[54,"Haunter",0.53328,335,0.691],[55,"Cramorant",0.50403,347,0.715],[56,"Silvally-Fairy",0.50064,254,0.524],[57,"Persian-Alola",0.4496,601,1.239],[58,"Perrserker",0.42793,147,0.303],[59,"Audino",0.41868,207,0.427],[60,"Trevenant",0.41043,197,0.406],[61,"Sandaconda",0.40958,298,0.614],[62,"Tangela",0.40293,105,0.216],[63,"Ninetales",0.39644,263,0.542],[64,"Rotom-Frost",0.35547,119,0.245],[65,"Jolteon",0.35316,294,0.606],[66,"Sawk",0.3482,94,0.194],[67,"Spiritomb",0.34154,185,0.381],[68,"Togedemaru",0.33736,127,0.262],[69,"Pincurchin",0.32793,159,0.328],[70,"Rhydon",0.309,205,0.423],[71,"Sandslash-Alola",0.29976,296,0.61],[72,"Clefairy",0.2971,233,0.48],[73,"Tyrantrum",0.29598,81,0.167],[74,"Poliwrath",0.28001,157,0.324],[75,"Basculin",0.27146,242,0.499],[76,"Zygarde-10%",0.2591,88,0.181],[77,"Cursola",0.2578,125,0.258],[78,"Orbeetle",0.23798,219,0.452],[79,"Gourgeist-Small",0.22919,29,0.06],[80,"Flapple",0.22277,65,0.134],[81,"Arctovish",0.21229,165,0.34],[82,"Dugtrio",0.20507,15,0.031],[83,"Stunfisk",0.19818,54,0.111],[84,"Shuckle",0.1904,407,0.839],[85,"Cryogonal",0.17465,55,0.113],[86,"Skuntank",0.17284,130,0.268],[87,"Rapidash",0.17176,151,0.311],[88,"Liepard",0.16995,116,0.239],[89,"Wishiwashi",0.16972,164,0.338],[90,"Ferroseed",0.16675,113,0.233],[91,"Throh",0.16471,42,0.087],[92,"Quagsire",0.15791,81,0.167],[93,"Silvally-Dark",0.15429,88,0.181],[94,"Eldegoss",0.14944,106,0.219],[95,"Jynx",0.1479,60,0.124],[96,"Silvally-Dragon",0.14773,47,0.097],[97,"Mareanie",0.14244,16,0.033],[98,"Turtonator",0.14234,174,0.359],[99,"Ludicolo",0.14041,10,0.021],[100,"Kingler",0.13402,138,0.285],[101,"Dwebble",0.13127,21,0.043],[102,"Alcremie",0.12595,31,0.064],[103,"Lapras",0.12418,20,0.041],[104,"Carracosta",0.12073,51,0.105],[105,"Golbat",0.11867,117,0.241],[106,"Silvally-Water",0.11198,48,0.099],[107,"Silvally-Fighting",0.10887,30,0.062],[108,"Flareon",0.10284,38,0.078],[109,"Hippopotas",0.0916,81,0.167],[110,"Silvally-Ground",0.09051,52,0.107],[111,"Kingdra",0.08375,22,0.045],[112,"Dugtrio-Alola",0.08003,150,0.309],[113,"Abomasnow",0.07992,29,0.06],[114,"Qwilfish",0.07835,139,0.287],[115,"Exeggutor",0.07525,43,0.089],[116,"Butterfree",0.07429,101,0.208],[117,"Grubbin",0.07388,15,0.031],[118,"Froslass",0.07138,32,0.066],[119,"Aromatisse",0.06779,106,0.219],[120,"Mr. Mime-Galar",0.06294,17,0.035],[121,"Lopunny",0.0567,259,0.534],[122,"Seadra",0.05586,14,0.029],[123,"Thievul",0.05464,73,0.151],[124,"Silvally-Poison",0.05103,15,0.031],[125,"Lycanroc-Midnight",0.04862,47,0.097],[126,"Dusknoir",0.04846,31,0.064],[127,"Kangaskhan",0.04615,64,0.132],[128,"Silvally-Ice",0.04566,2,0.004],[129,"Silvally-Fire",0.04542,24,0.049],[130,"Walrein",0.04309,19,0.039],[131,"Avalugg",0.0395,19,0.039],[132,"Unfezant",0.03856,62,0.128],[133,"Metang",0.03664,24,0.049],[134,"Raboot",0.03476,56,0.115],[135,"Shelmet",0.03334,2,0.004],[136,"Lickilicky",0.03236,18,0.037],[137,"Pikachu",0.03233,36,0.074],[138,"Frosmoth",0.03231,50,0.103],[139,"Boltund",0.03134,51,0.105],[140,"Klinklang",0.03074,33,0.068],[141,"Salandit",0.02743,9,0.019],[142,"Dragonair",0.0268,3,0.006],[143,"Stoutland",0.02653,1,0.002],[144,"Manectric",0.02446,60,0.124],[145,"Kadabra",0.02429,20,0.041],[146,"Lurantis",0.02413,24,0.049],[147,"Gourgeist-Large",0.02399,4,0.008],[148,"Hitmonchan",0.02217,45,0.093],[149,"Silvally-Electric",0.02035,30,0.062],[150,"Mawile",0.02008,18,0.037],[151,"Morpeko",0.01965,20,0.041],[152,"Silvally-Flying",0.01962,9,0.019],[153,"Pawniard",0.01614,8,0.016],[154,"Marowak",0.01489,34,0.07],[155,"Raichu",0.0147,21,0.043],[156,"Silvally-Steel",0.01283,11,0.023],[157,"Beheeyem",0.01243,17,0.035],[158,"Dusclops",0.01157,25,0.052],[159,"Swoobat",0.01125,53,0.109],[160,"Vulpix-Alola",0.01111,11,0.023],[161,"Vibrava",0.0099,3,0.006],[162,"Eiscue",0.00958,4,0.008],[163,"Sandslash",0.00952,24,0.049],[164,"Duosion",0.00951,1,0.002],[165,"Silvally",0.00872,64,0.132],[166,"Wailord",0.00807,7,0.014],[167,"Arctozolt",0.00705,4,0.008],[168,"Dubwool",0.00704,28,0.058],[169,"Falinks",0.00695,17,0.035],[170,"Hattrem",0.00688,13,0.027],[171,"Silvally-Grass",0.00669,13,0.027],[172,"Drifblim",0.00601,33,0.068],[173,"Cottonee",0.00591,11,0.023],[174,"Appletun",0.0056,16,0.033],[175,"Combusken",0.00538,37,0.076],[176,"Meowstic",0.00531,41,0.085],[177,"Magmar",0.0047,9,0.019],[178,"Togetic",0.00467,3,0.006],[179,"Corsola",0.00452,25,0.052],[180,"Bouffalant",0.00441,23,0.047],[181,"Electabuzz",0.00427,13,0.027],[182,"Silvally-Rock",0.00416,4,0.008],[183,"Pyukumuku",0.00397,10,0.021],[184,"Lickitung",0.00299,2,0.004],[185,"Hakamo-o",0.00298,5,0.01],[186,"Shedinja",0.0026,55,0.113],[187,"Gabite",0.00253,25,0.052],[188,"Shiinotic",0.00225,15,0.031],[189,"Mudsdale",0.00221,15,0.031],[190,"Lampent",0.00217,29,0.06],[191,"Glaceon",0.00211,22,0.045],[192,"Bellossom",0.00205,13,0.027],[193,"Grapploct",0.00205,18,0.037],[194,"Vanilluxe",0.00199,36,0.074],[195,"Leafeon",0.00149,10,0.021],[196,"Altaria",0.00139,17,0.035],[197,"Mr. Rime",0.00134,39,0.08],[198,"Marill",0.00125,3,0.006],[199,"Crustle",0.00111,34,0.07],[200,"Noctowl",0.00105,20,0.041],[201,"Rapidash-Galar",0.00094,29,0.06],[202,"Delibird",0.00088,8,0.016],[203,"Krokorok",0.00087,1,0.002],[204,"Armaldo",0.00076,49,0.101],[205,"Pinsir",0.0006,9,0.019],[206,"Gourgeist-Super",0.00045,13,0.027],[207,"Rufflet",0.0004,3,0.006],[208,"Machoke",0.00036,9,0.019],[209,"Persian",0.00035,21,0.043],[210,"Charjabug",0.00035,4,0.008],[211,"Lairon",0.00029,7,0.014],[212,"Zubat",0.00027,1,0.002],[213,"Heatmor",0.00024,11,0.023],[214,"Tentacool",0.0002,2,0.004],[215,"Porygon",0.0002,3,0.006],[216,"Archen",0.00018,5,0.01],[217,"Golduck",0.00017,11,0.023],[218,"Emolga",0.00016,6,0.012],[219,"Relicanth",0.00012,15,0.031],[220,"Onix",0.00011,5,0.01],[221,"Woobat",0.00007,1,0.002],[222,"Malamar",0.00006,8,0.016],[223,"Beartic",0.00003,4,0.008],[224,"Solosis",0.00003,2,0.004],[225,"Roselia",0.00002,28,0.058],[226,"Luxray",0.00002,9,0.019],[227,"Yamask",0.00002,2,0.004],[228,"Drednaw",0.00001,91,0.188],[229,"Shelgon",0.00001,1,0.002],[230,"Type: Null",0.00001,4,0.008],[231,"Dedenne",0.00001,7,0.014],[232,