{"total":48059,"weight":0.09,"data":{"header":["Rank","Pokemon","Usage Percentage","Usage Raw","Usage Raw Percentage","Usage Real","Usage Real Percentage"],"rows":[[1,"Flygon",29.48602,20997,21.845,17150,22.189],[2,"Copperajah",21.98803,15094,15.704,12813,16.577],[3,"Vaporeon",21.17896,14174,14.746,11933,15.439],[4,"Sylveon",20.84284,15591,16.221,12394,16.035],[5,"Bronzong",20.39694,16289,16.947,14564,18.843],[6,"Rotom-Mow",20.07202,16238,16.894,13764,17.808],[7,"Mudsdale",17.86845,13330,13.868,11517,14.901],[8,"Blastoise",15.00902,16264,16.921,12638,16.351],[9,"Sirfetch'd",13.69116,12098,12.587,9731,12.59],[10,"Salazzle",13.66128,12731,13.245,9551,12.357],[11,"Xatu",13.4268,5421,5.64,4539,5.873],[12,"Talonflame",13.42279,9594,9.981,7855,10.163],[13,"Starmie",12.77221,12521,13.027,9987,12.921],[14,"Decidueye",11.75821,8414,8.754,6615,8.558],[15,"Diancie",11.34952,10168,10.579,8570,11.088],[16,"Arcanine",10.92301,17502,18.209,14414,18.649],[17,"Dragalge",10.90585,8127,8.455,6660,8.617],[18,"Aerodactyl",10.8252,13394,13.935,11286,14.602],[19,"Drapion",9.71771,10072,10.479,8260,10.687],[20,"Celebi",9.67279,8337,8.674,6761,8.747],[21,"Dhelmise",9.63636,7449,7.75,6173,7.987],[22,"Glastrier",9.31412,5145,5.353,3888,5.03],[23,"Entei",9.26852,5335,5.55,4388,5.677],[24,"Mantine",9.24749,8335,8.672,6869,8.887],[25,"Tyrantrum",9.20355,9494,9.877,6877,8.897],[26,"Guzzlord",8.15968,2939,3.058,2558,3.31],[27,"Espeon",7.66514,11164,11.615,8794,11.378],[28,"Braviary",7.56468,7337,7.633,5692,7.364],[29,"Inteleon",7.24904,9548,9.934,7441,9.627],[30,"Heliolisk",7.06506,3767,3.919,3079,3.984],[31,"Exploud",6.6249,6127,6.374,4816,6.231],[32,"Comfey",6.35267,7743,8.056,5706,7.382],[33,"Ninjask",5.98781,5725,5.956,4611,5.966],[34,"Golurk",5.76795,7585,7.891,6068,7.851],[35,"Zoroark",5.30126,7796,8.111,3179,4.113],[36,"Silvally-Steel",5.08556,2854,2.969,2510,3.247],[37,"Escavalier",5.08075,5752,5.984,4764,6.164],[38,"Goodra",5.02289,8772,9.126,6864,8.881],[39,"Vileplume",4.98319,6460,6.721,5177,6.698],[40,"Articuno-Galar",4.95203,7186,7.476,5377,6.957],[41,"Araquanid",4.94437,8430,8.77,7393,9.565],[42,"Passimian",4.56077,2923,3.041,2425,3.137],[43,"Tauros",4.54732,6098,6.344,4666,6.037],[44,"Toxicroak",4.54564,2844,2.959,2241,2.899],[45,"Machamp",4.21024,5068,5.273,4092,5.294],[46,"Kingdra",4.15886,3671,3.819,2757,3.567],[47,"Indeedee-F",3.95929,3658,3.806,3004,3.887],[48,"Garbodor",3.93669,1461,1.52,1272,1.646],[49,"Scrafty",3.52829,2235,2.325,1869,2.418],[50,"Sceptile",3.34974,5104,5.31,3776,4.885],[51,"Druddigon",3.30539,1965,2.044,1775,2.296],[52,"Hitmonlee",3.26892,3413,3.551,2522,3.263],[53,"Gigalith",3.25186,2128,2.214,1973,2.553],[54,"Arctozolt",3.15313,2968,3.088,2351,3.042],[55,"Silvally-Ghost",2.9123,1548,1.611,1129,1.461],[56,"Duraludon",2.72307,2559,2.662,2165,2.801],[57,"Lycanroc",2.66265,1578,1.642,1223,1.582],[58,"Jellicent",2.54676,1826,1.9,1572,2.034],[59,"Sandslash",2.44282,1007,1.048,896,1.159],[60,"Galvantula",2.37716,3202,3.331,2802,3.625],[61,"Uxie",2.26374,1161,1.208,1079,1.396],[62,"Weezing",2.24057,1801,1.874,1535,1.986],[63,"Virizion",1.99114,2224,2.314,1692,2.189],[64,"Froslass",1.91468,1350,1.405,1167,1.51],[65,"Hitmontop",1.89343,2357,2.452,1965,2.542],[66,"Absol",1.87452,1753,1.824,1340,1.734],[67,"Whimsicott",1.80638,1886,1.962,1577,2.04],[68,"Omastar",1.80221,1785,1.857,1411,1.826],[69,"Qwilfish",1.7748,638,0.664,583,0.754],[70,"Jolteon",1.75058,3155,3.282,2602,3.366],[71,"Vikavolt",1.6177,1196,1.244,1018,1.317],[72,"Ribombee",1.59281,1545,1.607,1301,1.683],[73,"Magneton",1.45563,1076,1.119,917,1.186],[74,"Raichu-Alola",1.45078,2862,2.978,2206,2.854],[75,"Gallade",1.43001,1218,1.267,959,1.241],[76,"Exeggutor-Alola",1.40536,773,0.804,604,0.781],[77,"Pyukumuku",1.38643,768,0.799,582,0.753],[78,"Sandslash-Alola",1.31381,2609,2.714,2162,2.797],[79,"Mesprit",1.2744,853,0.887,725,0.938],[80,"Silvally-Fairy",1.17872,979,1.019,770,0.996],[81,"Pincurchin",1.15023,2066,2.149,1867,2.416],[82,"Tsareena",1.13268,1335,1.389,1102,1.426],[83,"Archeops",1.12528,1203,1.252,986,1.276],[84,"Arctovish",1.0255,1955,2.034,1563,2.022],[85,"Charizard",0.93311,1736,1.806,1344,1.739],[86,"Scyther",0.91285,1690,1.758,1330,1.721],[87,"Cofagrigus",0.90904,1200,1.248,1019,1.318],[88,"Thwackey",0.9017,952,0.99,809,1.047],[89,"Centiskorch",0.8871,847,0.881,667,0.863],[90,"Shuckle",0.82676,1356,1.411,1278,1.653],[91,"Marowak",0.81878,319,0.332,246,0.318],[92,"Sandaconda",0.81783,1348,1.402,1173,1.518],[93,"Piloswine",0.79656,578,0.601,507,0.656],[94,"Miltank",0.79399,650,0.676,564,0.73],[95,"Claydol",0.75098,1125,1.17,937,1.212],[96,"Aggron",0.72733,1293,1.345,1073,1.388],[97,"Gurdurr",0.72097,420,0.437,289,0.374],[98,"Lanturn",0.71985,786,0.818,648,0.838],[99,"Coalossal",0.70789,606,0.63,533,0.69],[100,"Togedemaru",0.70654,828,0.861,694,0.898],[101,"Clawitzer",0.7055,1256,1.307,1020,1.32],[102,"Ferroseed",0.70064,264,0.275,252,0.326],[103,"Turtonator",0.69585,499,0.519,398,0.515],[104,"Rotom",0.67723,566,0.589,497,0.643],[105,"Klinklang",0.66744,460,0.479,341,0.441],[106,"Aromatisse",0.65643,628,0.653,490,0.634],[107,"Ditto",0.63746,993,1.033,691,0.894],[108,"Stunfisk-Galar",0.59673,413,0.43,367,0.475],[109,"Cursola",0.59433,625,0.65,508,0.657],[110,"Sneasel",0.59309,676,0.703,517,0.669],[111,"Pikachu",0.55489,1229,1.279,977,1.264],[112,"Malamar",0.55069,845,0.879,687,0.889],[113,"Shiftry",0.53969,336,0.35,262,0.339],[114,"Palossand",0.539,783,0.815,670,0.867],[115,"Sableye",0.50817,1068,1.111,870,1.126],[116,"Kabutops",0.50667,492,0.512,427,0.552],[117,"Magmortar",0.50251,917,0.954,728,0.942],[118,"Audino",0.48893,437,0.455,341,0.441],[119,"Poliwrath",0.46028,426,0.443,351,0.454],[120,"Accelgor",0.45817,873,0.908,752,0.973],[121,"Kingler",0.45085,863,0.898,694,0.898],[122,"Silvally",0.44998,352,0.366,302,0.391],[123,"Torkoal",0.41601,522,0.543,431,0.558],[124,"Golbat",0.41426,464,0.483,369,0.477],[125,"Runerigus",0.40327,624,0.649,559,0.723],[126,"Aurorus",0.38261,1796,1.869,1377,1.782],[127,"Morpeko",0.36573,565,0.588,455,0.589],[128,"Rhydon",0.36167,533,0.555,460,0.595],[129,"Liepard",0.35358,892,0.928,761,0.985],[130,"Regirock",0.32877,774,0.805,653,0.845],[131,"Frosmoth",0.3252,635,0.661,466,0.603],[132,"Stunfisk",0.32495,136,0.141,124,0.16],[133,"Silvally-Poison",0.29592,120,0.125,94,0.122],[134,"Boltund",0.27656,615,0.64,490,0.634],[135,"Silvally-Dark",0.27455,316,0.329,243,0.314],[136,"Haunter",0.27136,436,0.454,330,0.427],[137,"Cinccino",0.26825,1180,1.228,926,1.198],[138,"Electivire",0.25654,816,0.849,654,0.846],[139,"Perrserker",0.25513,572,0.595,487,0.63],[140,"Tangela",0.25294,484,0.504,380,0.492],[141,"Basculin",0.24761,202,0.21,170,0.22],[142,"Cosmoem",0.24646,60,0.062,46,0.06],[143,"Drifblim",0.24113,1082,1.126,871,1.127],[144,"Exeggutor",0.22735,370,0.385,289,0.374],[145,"Rapidash-Galar",0.22407,453,0.471,337,0.436],[146,"Corsola-Galar",0.22248,604,0.628,507,0.656],[147,"Silvally-Ground",0.21909,157,0.163,122,0.158],[148,"Silvally-Electric",0.2182,147,0.153,121,0.157],[149,"Aron",0.21032,95,0.099,81,0.105],[150,"Vanilluxe",0.20932,957,0.996,807,1.044],[151,"Rapidash",0.20482,290,0.302,210,0.272],[152,"Shedinja",0.20466,501,0.521,379,0.49],[153,"Articuno",0.20263,507,0.527,409,0.529],[154,"Dugtrio",0.2003,222,0.231,191,0.247],[155,"Leafeon",0.19402,761,0.792,602,0.779],[156,"Drednaw",0.1926,166,0.173,141,0.182],[157,"Altaria",0.18911,193,0.201,150,0.194],[158,"Regice",0.18374,335,0.349,270,0.349],[159,"Persian-Alola",0.18257,679,0.706,581,0.752],[160,"Alcremie",0.17852,437,0.455,320,0.414],[161,"Roselia",0.17752,131,0.136,105,0.136],[162,"Swoobat",0.17571,395,0.411,312,0.404],[163,"Carracosta",0.17006,272,0.283,223,0.289],[164,"Mr. Rime",0.16836,321,0.334,241,0.312],[165,"Raboot",0.16453,199,0.207,158,0.204],[166,"Rotom-Fan",0.15574,304,0.316,259,0.335],[167,"Cryogonal",0.14976,350,0.364,295,0.382],[168,"Avalugg",0.14698,686,0.714,561,0.726],[169,"Cradily",0.14607,595,0.619,487,0.63],[170,"Flareon",0.14192,752,0.782,587,0.759],[171,"Hattrem",0.1412,145,