{"total":31649,"weight":0.141,"data":{"header":["Rank","Pokemon","Usage Percentage","Usage Raw","Usage Raw Percentage","Usage Real","Usage Real Percentage"],"rows":[[1,"Sylveon",24.11173,10653,16.83,8534,16.587],[2,"Mienshao",23.52627,11469,18.119,9518,18.5],[3,"Bronzong",23.41113,10530,16.636,9651,18.758],[4,"Copperajah",20.57577,7565,11.951,6662,12.949],[5,"Toxtricity",16.31409,8885,14.037,7176,13.948],[6,"Flygon",15.93695,8688,13.726,6879,13.37],[7,"Arcanine",15.14721,11574,18.285,9408,18.286],[8,"Pangoro",14.17764,6405,10.119,5329,10.358],[9,"Mantine",13.07305,4655,7.354,3940,7.658],[10,"Golisopod",12.14072,4762,7.523,4002,7.779],[11,"Dhelmise",11.8041,5058,7.991,4284,8.327],[12,"Noivern",11.47884,5502,8.692,4445,8.64],[13,"Porygon-Z",11.0428,6794,10.733,5131,9.973],[14,"Tyrantrum",10.72734,6480,10.237,4913,9.549],[15,"Rotom-Mow",10.49979,6283,9.926,5317,10.334],[16,"Diancie",10.49691,5967,9.427,5119,9.95],[17,"Comfey",10.33345,6342,10.019,4919,9.561],[18,"Bewear",10.09195,4385,6.928,3476,6.756],[19,"Mudsdale",9.12608,5587,8.827,4815,9.359],[20,"Starmie",9.07211,6101,9.639,4830,9.388],[21,"Salazzle",8.9355,5942,9.387,4644,9.026],[22,"Porygon2",8.67738,6557,10.359,5389,10.474],[23,"Milotic",8.43416,5497,8.684,4564,8.871],[24,"Dragalge",8.19418,4422,6.986,3568,6.935],[25,"Aerodactyl",7.99043,7489,11.831,6269,12.185],[26,"Blastoise",7.85581,6883,10.874,5482,10.655],[27,"Decidueye",7.46619,4501,7.111,3701,7.193],[28,"Gastrodon",7.15648,5235,8.27,4371,8.496],[29,"Cresselia",6.95488,4181,6.605,3393,6.595],[30,"Inteleon",6.90176,5547,8.763,4362,8.478],[31,"Articuno-Galar",6.85064,5248,8.291,3996,7.767],[32,"Escavalier",6.72996,5433,8.583,4676,9.089],[33,"Tornadus",6.64601,3320,5.245,2620,5.092],[34,"Celebi",6.34455,4660,7.362,3722,7.234],[35,"Slowbro-Galar",6.32608,3939,6.223,3255,6.327],[36,"Golurk",6.16193,2431,3.841,2015,3.916],[37,"Araquanid",5.96229,5648,8.923,4949,9.619],[38,"Espeon",5.82942,5603,8.852,4427,8.605],[39,"Zoroark",5.37395,4594,7.258,1865,3.625],[40,"Ninjask",5.36634,3101,4.899,2431,4.725],[41,"Vileplume",5.06617,1834,2.897,1558,3.028],[42,"Goodra",4.81572,4828,7.627,3818,7.421],[43,"Sigilyph",4.76992,1433,2.264,1108,2.154],[44,"Roserade",4.42708,2088,3.299,1724,3.351],[45,"Heliolisk",3.96771,1570,2.48,1253,2.435],[46,"Guzzlord",3.36103,913,1.442,786,1.528],[47,"Gigalith",3.29579,1404,2.218,1280,2.488],[48,"Vikavolt",3.25824,1246,1.968,1069,2.078],[49,"Talonflame",3.21614,1966,3.106,1628,3.164],[50,"Palossand",2.89062,1140,1.801,985,1.914],[51,"Toxicroak",2.82375,1508,2.382,1233,2.397],[52,"Barbaracle",2.71446,1734,2.739,1270,2.468],[53,"Absol",2.38646,2149,3.395,1708,3.32],[54,"Sirfetch'd",2.33333,1272,2.01,1045,2.031],[55,"Kingdra",2.32747,1356,2.142,1060,2.06],[56,"Scrafty",2.22396,1174,1.855,951,1.848],[57,"Galvantula",2.17557,2332,3.684,2118,4.117],[58,"Politoed",2.17398,1143,1.806,1085,2.109],[59,"Arctovish",2.17292,1246,1.968,994,1.932],[60,"Scyther",2.16549,1438,2.272,1163,2.26],[61,"Indeedee-F",2.15195,1231,1.945,1019,1.981],[62,"Xatu",2.12189,1247,1.97,996,1.936],[63,"Centiskorch",2.09211,1930,3.049,1525,2.964],[64,"Quagsire",2.06264,1066,1.684,827,1.607],[65,"Magneton",2.04753,1136,1.795,986,1.916],[66,"Ribombee",2.02334,1072,1.694,951,1.848],[67,"Weezing",1.99811,1595,2.52,1372,2.667],[68,"Vaporeon",1.96936,1281,2.024,1064,2.068],[69,"Corsola-Galar",1.91056,876,1.384,728,1.415],[70,"Sceptile",1.87324,1867,2.95,1399,2.719],[71,"Coalossal",1.86693,1331,2.103,1181,2.295],[72,"Tauros",1.85465,880,1.39,695,1.351],[73,"Aggron",1.81771,1858,2.935,1552,3.017],[74,"Aurorus",1.79962,1183,1.869,1037,2.016],[75,"Sneasel",1.79591,926,1.463,743,1.444],[76,"Jolteon",1.70278,1311,2.071,1068,2.076],[77,"Silvally-Steel",1.68664,755,1.193,656,1.275],[78,"Druddigon",1.68624,1398,2.209,1220,2.371],[79,"Kabutops",1.65436,941,1.487,762,1.481],[80,"Gallade",1.6543,1136,1.795,878,1.707],[81,"Mesprit",1.65207,678,1.071,567,1.102],[82,"Garbodor",1.59883,564,0.891,502,0.976],[83,"Ferroseed",1.58909,1003,1.585,915,1.778],[84,"Frosmoth",1.58876,520,0.822,412,0.801],[85,"Basculin",1.56897,490,0.774,394,0.766],[86,"Duraludon",1.56135,1553,2.453,1312,2.55],[87,"Articuno",1.53504,864,1.365,705,1.37],[88,"Machamp",1.53144,1702,2.689,1413,2.746],[89,"Charizard",1.52847,1270,2.006,981,1.907],[90,"Piloswine",1.47058,859,1.357,735,1.429],[91,"Aromatisse",1.46881,1005,1.588,849,1.65],[92,"Braviary",1.3884,1224,1.934,987,1.918],[93,"Tsareena",1.38169,1268,2.003,1041,2.023],[94,"Rotom",1.38109,603,0.953,511,0.993],[95,"Exploud",1.28403,1029,1.626,801,1.557],[96,"Silvally-Fairy",1.25781,930,1.469,729,1.417],[97,"Hitmonlee",1.25016,884,1.397,658,1.279],[98,"Silvally-Ghost",1.23609,733,1.158,576,1.12],[99,"Claydol",1.21924,1088,1.719,900,1.749],[100,"Froslass",1.21876,902,1.425,783,1.522],[101,"Regirock",1.19978,1096,1.731,937,1.821],[102,"Shiftry",1.19301,638,1.008,538,1.046],[103,"Uxie",1.09622,757,1.196,678,1.318],[104,"Sandslash",1.07927,539,0.852,468,0.91],[105,"Hitmontop",1.07732,1397,2.207,1155,2.245],[106,"Whimsicott",1.07169,1057,1.67,882,1.714],[107,"Lycanroc",1.05418,654,1.033,512,0.995],[108,"Thwackey",1.00872,854,1.349,693,1.347],[109,"Malamar",1.00831,1200,1.896,937,1.821],[110,"Rhydon",1.00691,612,0.967,520,1.011],[111,"Virizion",0.9725,569,0.899,426,0.828],[112,"Poliwrath",0.92151,493,0.779,416,0.809],[113,"Gurdurr",0.91501,545,0.861,446,0.867],[114,"Marowak",0.91149,437,0.69,347,0.674],[115,"Cryogonal",0.86331,524,0.828,415,0.807],[116,"Passimian",0.85762,731,1.155,589,1.145],[117,"Dugtrio-Alola",0.81787,362,0.572,309,0.601],[118,"Raichu-Alola",0.73497,752,1.188,604,1.174],[119,"Qwilfish",0.71657,572,0.904,496,0.964],[120,"Sandaconda",0.71319,474,0.749,406,0.789],[121,"Jellicent",0.69464,924,1.46,772,1.501],[122,"Togedemaru",0.69405,451,0.713,395,0.768],[123,"Vanilluxe",0.658,407,0.643,322,0.626],[124,"Archeops",0.64192,1112,1.757,937,1.821],[125,"Miltank",0.62814,550,0.869,488,0.949],[126,"Runerigus",0.61617,447,0.706,420,0.816],[127,"Sandslash-Alola",0.59084,937,1.48,756,1.469],[128,"Omastar",0.57039,636,1.005,513,0.997],[129,"Electivire",0.55773,1503,2.374,1185,2.303],[130,"Accelgor",0.55695,696,1.1,595,1.156],[131,"Silvally-Ground",0.52797,200,0.316,169,0.328],[132,"Carracosta",0.526,224,0.354,172,0.334],[133,"Eldegoss",0.52001,772,1.22,627,1.219],[134,"Drampa",0.49205,321,0.507,233,0.453],[135,"Crustle",0.49205,207,0.327,172,0.334],[136,"Pincurchin",0.49062,627,0.991,569,1.106],[137,"Morpeko",0.48723,498,0.787,382,0.742],[138,"Cinccino",0.4784,824,1.302,648,1.259],[139,"Clawitzer",0.47088,752,1.188,581,1.129],[140,"Drednaw",0.4377,240,0.379,216,0.42],[141,"Lanturn",0.42789,1065,1.683,930,1.808],[142,"Stunfisk-Galar",0.41156,286,0.452,251,0.488],[143,"Cofagrigus",0.40636,619,0.978,528,1.026],[144,"Magmortar",0.38725,700,1.106,527,1.024],[145,"Haunter",0.38253,426,0.673,334,0.649],[146,"Golbat",0.3724,583,0.921,479,0.931],[147,"Umbreon",0.37163,214,0.338,169,0.328],[148,"Delibird",0.35428,495,0.782,311,0.604],[149,"Rotom-Fan",0.34092,292,0.461,243,0.472],[150,"Kingler",0.33559,512,0.809,416,0.809],[151,"Ludicolo",0.3313,356,0.562,291,0.566],[152,"Rhyperior",0.32759,235,0.371,193,0.375],[153,"Tangela",0.30653,155,0.245,129,0.251],[154,"Exeggutor-Alola",0.29666,443,0.7,339,0.659],[155,"Abomasnow",0.28874,606,0.957,504,0.98],[156,"Perrserker",0.27829,196,0.31,168,0.327],[157,"Flareon",0.2748,472,0.746,372,0.723],[158,"Meowstic",0.27125,233,0.368,208,0.404],[159,"Kadabra",0.26949,142,0.224,103,0.2],[160,"Clefairy",0.26128,258,0.408,212,0.412],[161,"Audino",0.25814,406,0.641,337,0.655],[162,"Silvally-Dark",0.25296,201,0.318,153,0.297],[163,"Cradily",0.25142,458,0.724,378,0.735],[164,"Alcremie",0.24706,341,0.539,275,0.535],[165,"Flapple",0.24572,336,0.531,261,0.507],[166,"Rapidash-Galar",0.24485,181,0.286,134,0.26],[167,"Persian-Alola",0.24221,263,0.415,228,0.443],[168,"Turtonator",0.23966,387,0.611,295,0.573],[169,"Altaria",0.23774,212,0.335,173,0.336],[170,"Rapidash",0.21412,305,0.482,225,0.437],[171,"Wishiwashi",0.2106,198,0.313,162,0.315],[172,