{"total":50119,"weight":0.112,"data":{"header":["Rank","Pokemon","Usage Percentage","Usage Raw","Usage Raw Percentage","Usage Real","Usage Real Percentage"],"rows":[[1,"Flygon",36.49545,28051,27.984,22983,28.61],[2,"Bronzong",27.54811,21258,21.208,18904,23.532],[3,"Rotom-Mow",23.60932,19589,19.542,16357,20.362],[4,"Sylveon",22.83379,18139,18.096,14370,17.888],[5,"Talonflame",22.47946,15999,15.961,12932,16.098],[6,"Vaporeon",22.29386,15887,15.849,12987,16.167],[7,"Copperajah",21.35171,16133,16.095,13656,17],[8,"Diancie",16.55805,11315,11.288,9587,11.934],[9,"Mudsdale",14.96754,11338,11.311,9907,12.333],[10,"Arcanine",14.87851,18398,18.354,15239,18.97],[11,"Blastoise",14.2009,15414,15.377,12125,15.094],[12,"Sirfetch'd",13.74459,13143,13.112,10293,12.813],[13,"Salazzle",13.65816,14085,14.052,10796,13.439],[14,"Drapion",12.91672,11865,11.837,9791,12.188],[15,"Xatu",11.77344,6534,6.518,5385,6.703],[16,"Decidueye",11.30005,9626,9.603,7673,9.552],[17,"Starmie",9.93139,10798,10.772,8533,10.622],[18,"Braviary",9.91025,8447,8.427,6487,8.075],[19,"Guzzlord",9.42325,4719,4.708,3986,4.962],[20,"Exploud",9.16799,8447,8.427,6548,8.151],[21,"Tyrantrum",9.11494,9754,9.731,7226,8.995],[22,"Vileplume",8.6138,7576,7.558,6200,7.718],[23,"Garbodor",7.8774,3278,3.27,2860,3.56],[24,"Tauros",7.44536,7537,7.519,5721,7.122],[25,"Araquanid",7.27932,9661,9.638,8427,10.49],[26,"Dragalge",7.08714,6070,6.056,4848,6.035],[27,"Comfey",7.07821,8377,8.357,6270,7.805],[28,"Celebi",6.94675,6972,6.955,5469,6.808],[29,"Glastrier",6.94204,7503,7.485,5547,6.905],[30,"Golurk",6.89676,7746,7.728,6265,7.799],[31,"Mantine",6.80833,7086,7.069,5814,7.238],[32,"Aerodactyl",6.78709,11315,11.288,9328,11.612],[33,"Inteleon",6.52438,10720,10.695,8442,10.509],[34,"Ninjask",6.30509,5346,5.333,4342,5.405],[35,"Goodra",6.12273,8760,8.739,6888,8.574],[36,"Escavalier",5.91103,7029,7.012,5935,7.388],[37,"Dhelmise",5.89204,5949,5.935,4896,6.095],[38,"Heliolisk",5.57953,3318,3.31,2749,3.422],[39,"Espeon",4.61143,9156,9.134,7103,8.842],[40,"Silvally-Steel",4.509,2336,2.33,1998,2.487],[41,"Zoroark",4.49037,8905,8.884,3683,4.585],[42,"Passimian",4.31615,2160,2.155,1816,2.261],[43,"Hitmontop",3.98266,4791,4.78,3917,4.876],[44,"Articuno-Galar",3.71996,6032,6.018,4543,5.655],[45,"Toxicroak",3.59173,3365,3.357,2686,3.344],[46,"Druddigon",3.22179,2558,2.552,2299,2.862],[47,"Machamp",3.0909,4018,4.008,3289,4.094],[48,"Magneton",2.9802,2560,2.554,2175,2.708],[49,"Whimsicott",2.80784,2064,2.059,1678,2.089],[50,"Raichu-Alola",2.44455,3872,3.863,3022,3.762],[51,"Hitmonlee",2.38903,3084,3.077,2260,2.813],[52,"Weezing",2.31825,2219,2.214,1894,2.358],[53,"Archeops",2.29213,1571,1.567,1345,1.674],[54,"Scrafty",2.23442,1906,1.901,1551,1.931],[55,"Duraludon",2.18328,3081,3.074,2539,3.161],[56,"Kingdra",2.10936,3130,3.123,2419,3.011],[57,"Jolteon",2.069,3902,3.893,3175,3.952],[58,"Pincurchin",2.03721,3201,3.193,2918,3.632],[59,"Vikavolt",1.98509,1354,1.351,1151,1.433],[60,"Indeedee-F",1.85821,2681,2.675,2165,2.695],[61,"Virizion",1.8082,1767,1.763,1332,1.658],[62,"Silvally-Ghost",1.74369,887,0.885,679,0.845],[63,"Sceptile",1.70669,3514,3.506,2646,3.294],[64,"Gurdurr",1.67287,523,0.522,410,0.51],[65,"Charizard",1.63026,2396,2.39,1914,2.383],[66,"Gallade",1.57043,906,0.904,673,0.838],[67,"Absol",1.56647,1482,1.478,1166,1.451],[68,"Ribombee",1.56645,1693,1.689,1445,1.799],[69,"Arctozolt",1.54432,2760,2.753,2117,2.635],[70,"Gigalith",1.50545,1324,1.321,1186,1.476],[71,"Silvally-Fairy",1.47816,1107,1.104,853,1.062],[72,"Omastar",1.41834,2317,2.311,1831,2.279],[73,"Uxie",1.38403,1392,1.389,1265,1.575],[74,"Piloswine",1.36789,693,0.691,614,0.764],[75,"Ferroseed",1.25151,573,0.572,519,0.646],[76,"Scyther",1.17606,1446,1.443,1182,1.471],[77,"Accelgor",1.17153,1635,1.631,1306,1.626],[78,"Cursola",1.12762,697,0.695,588,0.732],[79,"Lycanroc",1.09919,1118,1.115,852,1.061],[80,"Lanturn",1.09724,1356,1.353,1093,1.361],[81,"Butterfree",1.0817,801,0.799,610,0.759],[82,"Rhydon",1.02876,569,0.568,470,0.585],[83,"Sandaconda",1.01914,1272,1.269,1068,1.329],[84,"Aggron",1.01052,1297,1.294,1073,1.336],[85,"Tsareena",0.99522,1226,1.223,958,1.193],[86,"Thwackey",0.99381,1272,1.269,1071,1.333],[87,"Galvantula",0.96252,2527,2.521,2269,2.825],[88,"Clawitzer",0.90456,1927,1.922,1503,1.871],[89,"Mesprit",0.90255,924,0.922,760,0.946],[90,"Sandslash",0.90157,631,0.63,519,0.646],[91,"Ditto",0.81883,930,0.928,689,0.858],[92,"Exeggutor-Alola",0.81688,545,0.544,429,0.534],[93,"Sneasel",0.79984,911,0.909,745,0.927],[94,"Poliwrath",0.78503,429,0.428,357,0.444],[95,"Cofagrigus",0.72398,949,0.947,776,0.966],[96,"Kingler",0.68205,2128,2.123,1644,2.047],[97,"Palossand",0.67265,903,0.901,738,0.919],[98,"Froslass",0.65936,993,0.991,833,1.037],[99,"Rotom-Fan",0.64556,331,0.33,298,0.371],[100,"Liepard",0.64355,1280,1.277,1092,1.359],[101,"Noctowl",0.60798,242,0.241,201,0.25],[102,"Coalossal",0.60263,493,0.492,418,0.52],[103,"Aurorus",0.59856,504,0.503,416,0.518],[104,"Kabutops",0.59374,665,0.663,566,0.705],[105,"Drifblim",0.56311,715,0.713,562,0.7],[106,"Shuckle",0.55569,1529,1.525,1436,1.788],[107,"Qwilfish",0.53044,639,0.637,549,0.683],[108,"Jellicent",0.49763,739,0.737,613,0.763],[109,"Claydol",0.47796,1210,1.207,997,1.241],[110,"Pyukumuku",0.45582,562,0.561,469,0.584],[111,"Stunfisk-Galar",0.45284,405,0.404,356,0.443],[112,"Stoutland",0.43822,286,0.285,232,0.289],[113,"Togedemaru",0.4363,1385,1.382,1156,1.439],[114,"Dusknoir",0.4212,574,0.573,475,0.591],[115,"Rotom",0.37554,514,0.513,462,0.575],[116,"Sandslash-Alola",0.37272,658,0.656,550,0.685],[117,"Audino",0.37189,524,0.523,396,0.493],[118,"Silvally-Poison",0.35938,138,0.138,119,0.148],[119,"Bouffalant",0.33388,346,0.345,270,0.336],[120,"Corsola-Galar",0.32603,782,0.78,707,0.88],[121,"Stunfisk",0.32304,228,0.227,193,0.24],[122,"Cradily",0.31454,500,0.499,408,0.508],[123,"Miltank",0.31067,439,0.438,377,0.469],[124,"Runerigus",0.30678,588,0.587,503,0.626],[125,"Magmortar",0.30049,956,0.954,727,0.905],[126,"Articuno",0.30017,331,0.33,262,0.326],[127,"Malamar",0.30007,746,0.744,562,0.7],[128,"Pikachu",0.29715,1167,1.164,972,1.21],[129,"Drampa",0.29345,289,0.288,224,0.279],[130,"Persian-Alola",0.27118,849,0.847,733,0.912],[131,"Aromatisse",0.26529,452,0.451,357,0.444],[132,"Centiskorch",0.26377,657,0.655,509,0.634],[133,"Rapidash-Galar",0.26193,596,0.595,401,0.499],[134,"Sawk",0.25247,370,0.369,277,0.345],[135,"Frosmoth",0.23753,486,0.485,338,0.421],[136,"Flapple",0.23674,419,0.418,303,0.377],[137,"Regirock",0.23598,942,0.94,782,0.973],[138,"Electivire",0.22969,791,0.789,639,0.795],[139,"Shiftry",0.22661,255,0.254,201,0.25],[140,"Clefairy",0.22215,298,0.297,248,0.309],[141,"Rotom-Frost",0.21643,201,0.201,158,0.197],[142,"Haunter",0.21393,382,0.381,307,0.382],[143,"Dusclops",0.21305,568,0.567,485,0.604],[144,"Tangela",0.2127,296,0.295,239,0.298],[145,"Shedinja",0.20663,643,0.641,484,0.603],[146,"Marowak",0.20653,266,0.265,207,0.258],[147,"Morpeko",0.20335,581,0.58,475,0.591],[148,"Silvally-Ground",0.19856,308,0.307,244,0.304],[149,"Boltund",0.19131,467,0.466,374,0.466],[150,"Silvally",0.18809,232,0.231,189,0.235],[151,"Torracat",0.18579,346,0.345,307,0.382],[152,"Dubwool",0.1808,218,0.217,167,0.208],[153,"Musharna",0.18014,253,0.252,193,0.24],[154,"Sableye",0.1684,570,0.569,475,0.591],[155,"Cinccino",0.16653,829,0.827,625,0.778],[156,"Mawile",0.16404,222,0.221,183,0.228],[157,"Cramorant",0.1612,347,0.346,296,0.368],[158,"Swoobat",0.14725,305,0.304,215,0.268],[159,"Avalugg",0.14161,574,0.573,437,0.544],[160,"Regigigas",0.14109,288,0.287,221,0.275],[161,"Jynx",0.13663,157,0.157,115,0.143],[162,"Gothitelle",0.13493,100,0.1,83,0.103],[163,"Eiscue",0.13,760,0.758,538,0.67],[164,"Silvally-Dark",0.12904,150,0.15,106,0.132],[165,"Shiinotic",0.12867,104,0.104,83,0.103],[166,"Beheeyem",0.12106,182,0.182,145,0.181],[167,"Slowpoke",0.11619,116,0.116,96,0.12],[168,"Arctovish",0.11473,747,0.745,576,0.717],[169,"Torkoal",0.10527,331,0.33,289,0.36],[170,"Hitmonchan",0.10477,320,0.319,234,0.291],[171,"Raboot",0.10379,226,0.225,177,0.22],