{"total":34280,"weight":0.082,"data":{"header":["Rank","Pokemon","Usage Percentage","Usage Raw","Usage Raw Percentage","Usage Real","Usage Real Percentage"],"rows":[[1,"Comfey",21.41598,10570,15.417,7970,14.607],[2,"Salazzle",20.25422,11009,16.057,8618,15.795],[3,"Porygon2",19.85285,9559,13.943,7508,13.76],[4,"Sceptile",18.57645,11887,17.338,8694,15.934],[5,"Inteleon",15.54664,11275,16.445,8803,16.134],[6,"Escavalier",14.94214,7809,11.39,6537,11.981],[7,"Centiskorch",14.91968,8558,12.482,6890,12.628],[8,"Vaporeon",13.73418,5776,8.425,4645,8.513],[9,"Mudsdale",13.69333,5664,8.261,4807,8.81],[10,"Silvally-Fairy",13.52559,4909,7.16,3872,7.096],[11,"Absol",13.41604,8106,11.823,5965,10.932],[12,"Duraludon",13.22548,7982,11.642,6336,11.612],[13,"Espeon",13.20213,10189,14.861,7836,14.361],[14,"Druddigon",11.47421,7637,11.139,6709,12.296],[15,"Gallade",11.01776,8259,12.046,6279,11.508],[16,"Aggron",11.01253,8567,12.496,7063,12.945],[17,"Toxicroak",10.85232,6271,9.147,4990,9.145],[18,"Xatu",10.64549,5992,8.74,4803,8.803],[19,"Ninjask",10.33805,6050,8.824,4874,8.933],[20,"Gastrodon",10.27695,6713,9.791,5479,10.042],[21,"Tauros",9.98459,7620,11.114,5677,10.405],[22,"Rotom",9.55473,4991,7.28,4159,7.622],[23,"Regirock",8.87845,4993,7.283,4174,7.65],[24,"Thwackey",8.85268,5791,8.447,4798,8.794],[25,"Weezing",8.4338,5472,7.981,4656,8.533],[26,"Whimsicott",8.39753,5479,7.992,4497,8.242],[27,"Mesprit",8.3952,4328,6.313,3568,6.539],[28,"Aurorus",8.34547,4967,7.245,4094,7.503],[29,"Malamar",8.13482,5565,8.117,4344,7.961],[30,"Hitmontop",7.88133,6754,9.851,5539,10.152],[31,"Clawitzer",7.81815,6620,9.656,5194,9.519],[32,"Coalossal",7.68562,3865,5.637,3257,5.969],[33,"Exeggutor-Alola",7.40021,3378,4.927,2681,4.914],[34,"Silvally-Ghost",7.04936,2525,3.683,1999,3.664],[35,"Magneton",6.8463,4405,6.425,3647,6.684],[36,"Gigalith",6.19998,3833,5.591,3359,6.156],[37,"Jellicent",5.83685,5173,7.545,4141,7.589],[38,"Golbat",5.66963,1735,2.531,1450,2.657],[39,"Sandslash-Alola",5.53917,3153,4.599,2526,4.63],[40,"Lanturn",5.34341,4009,5.847,3296,6.041],[41,"Galvantula",5.26927,4200,6.126,3736,6.847],[42,"Claydol",5.1533,5385,7.854,4478,8.207],[43,"Piloswine",4.89267,2940,4.288,2422,4.439],[44,"Aromatisse",4.8797,2768,4.037,2183,4.001],[45,"Cramorant",4.8696,4689,6.839,3706,6.792],[46,"Gurdurr",4.72722,3427,4.999,2777,5.09],[47,"Sneasel",4.70585,2709,3.951,2019,3.7],[48,"Eldegoss",4.52361,4094,5.971,3218,5.898],[49,"Electivire",4.51788,5942,8.667,4527,8.297],[50,"Magmortar",4.28533,5477,7.989,4295,7.872],[51,"Turtonator",3.80668,2821,4.115,2161,3.961],[52,"Garbodor",3.66261,1695,2.472,1463,2.681],[53,"Cofagrigus",3.33661,3854,5.621,3185,5.837],[54,"Spiritomb",3.08342,1551,2.262,1250,2.291],[55,"Cradily",3.06276,3771,5.5,3032,5.557],[56,"Guzzlord",3.05416,1972,2.876,1574,2.885],[57,"Ferroseed",2.91433,1209,1.763,1062,1.946],[58,"Stunfisk-Galar",2.75898,1750,2.553,1519,2.784],[59,"Cryogonal",2.73433,894,1.304,746,1.367],[60,"Miltank",2.7192,3071,4.479,2439,4.47],[61,"Lycanroc",2.50621,1617,2.359,1290,2.364],[62,"Haunter",2.45996,3374,4.921,2508,4.597],[63,"Sandslash",2.2083,982,1.432,803,1.472],[64,"Froslass",2.17646,2687,3.919,2213,4.056],[65,"Rotom-Fan",2.10131,1185,1.728,975,1.787],[66,"Rhydon",2.08587,704,1.027,593,1.087],[67,"Clefairy",2.06518,1159,1.69,927,1.699],[68,"Runerigus",1.99027,993,1.448,849,1.556],[69,"Poliwrath",1.94675,961,1.402,765,1.402],[70,"Accelgor",1.93946,1543,2.251,1247,2.285],[71,"Jolteon",1.80422,1919,2.799,1478,2.709],[72,"Sawk",1.76374,1023,1.492,786,1.441],[73,"Torkoal",1.72666,1220,1.779,1058,1.939],[74,"Crustle",1.51683,546,0.796,433,0.794],[75,"Quagsire",1.49043,1231,1.796,957,1.754],[76,"Kingler",1.40492,1297,1.892,960,1.759],[77,"Basculin",1.33506,1282,1.87,1043,1.912],[78,"Sableye",1.33054,1203,1.755,962,1.763],[79,"Audino",1.31764,1078,1.572,848,1.554],[80,"Pincurchin",1.30522,902,1.316,787,1.442],[81,"Perrserker",1.30082,927,1.352,756,1.386],[82,"Flapple",1.27077,1554,2.267,1170,2.144],[83,"Stoutland",1.25096,623,0.909,465,0.852],[84,"Regice",1.2303,1830,2.669,1427,2.615],[85,"Persian-Alola",1.22983,1595,2.326,1388,2.544],[86,"Togedemaru",1.22611,931,1.358,747,1.369],[87,"Corsola-Galar",1.15896,970,1.415,788,1.444],[88,"Rotom-Frost",1.1494,666,0.971,515,0.944],[89,"Crobat",1.03859,567,0.827,476,0.872],[90,"Qwilfish",1.02375,891,1.3,792,1.452],[91,"Tangela",0.98356,629,0.917,499,0.915],[92,"Hitmonchan",0.98065,628,0.916,497,0.911],[93,"Carbink",0.91496,513,0.748,469,0.86],[94,"Gourgeist-Small",0.90636,383,0.559,325,0.596],[95,"Frosmoth",0.84941,861,1.256,662,1.213],[96,"Shuckle",0.8363,1023,1.492,940,1.723],[97,"Swoobat",0.81542,894,1.304,643,1.178],[98,"Skuntank",0.7864,1533,2.236,1280,2.346],[99,"Thievul",0.75987,978,1.426,746,1.367],[100,"Altaria",0.75943,700,1.021,547,1.003],[101,"Sandaconda",0.73517,1037,1.513,865,1.585],[102,"Ninetales",0.73339,583,0.85,448,0.821],[103,"Silvally-Dragon",0.73109,464,0.677,338,0.619],[104,"Trevenant",0.71546,672,0.98,511,0.937],[105,"Silvally-Poison",0.7057,557,0.812,441,0.808],[106,"Ditto",0.69947,664,0.968,478,0.876],[107,"Emolga",0.67111,202,0.295,170,0.312],[108,"Silvally-Dark",0.63893,398,0.581,312,0.572],[109,"Cinccino",0.62881,1196,1.744,969,1.776],[110,"Wishiwashi",0.6155,701,1.022,546,1.001],[111,"Jynx",0.61117,308,0.449,248,0.455],[112,"Drampa",0.55507,730,1.065,550,1.008],[113,"Butterfree",0.54257,1220,1.779,932,1.708],[114,"Combusken",0.53929,566,0.826,390,0.715],[115,"Silvally-Ground",0.53926,386,0.563,323,0.592],[116,"Luxray",0.53238,224,0.327,173,0.317],[117,"Drifblim",0.52898,719,1.049,565,1.036],[118,"Silvally-Water",0.52302,402,0.586,333,0.61],[119,"Morpeko",0.5153,808,1.179,625,1.145],[120,"Boltund",0.47774,504,0.735,386,0.707],[121,"Exeggutor",0.4737,542,0.791,411,0.753],[122,"Liepard",0.46811,547,0.798,446,0.817],[123,"Orbeetle",0.46782,1300,1.896,1089,1.996],[124,"Klinklang",0.45245,492,0.718,376,0.689],[125,"Stunfisk",0.43189,193,0.282,172,0.315],[126,"Marowak",0.4269,175,0.255,142,0.26],[127,"Rapidash",0.42461,905,1.32,668,1.224],[128,"Rapidash-Galar",0.42337,335,0.489,242,0.444],[129,"Unfezant",0.42328,400,0.583,316,0.579],[130,"Flareon",0.42184,563,0.821,460,0.843],[131,"Dugtrio-Alola",0.41107,1240,1.809,1064,1.95],[132,"Appletun",0.3879,441,0.643,356,0.652],[133,"Glaceon",0.38733,323,0.471,262,0.48],[134,"Falinks",0.38211,410,0.598,291,0.533],[135,"Avalugg",0.37601,522,0.761,407,0.746],[136,"Noctowl",0.34138,700,1.021,541,0.992],[137,"Raboot",0.32249,353,0.515,293,0.537],[138,"Cursola",0.32232,510,0.744,361,0.662],[139,"Pikachu",0.30435,475,0.693,391,0.717],[140,"Gourgeist-Super",0.29758,226,0.33,201,0.368],[141,"Sudowoodo",0.29214,30,0.044,26,0.048],[142,"Lapras",0.28424,343,0.5,278,0.51],[143,"Gloom",0.28266,78,0.114,65,0.119],[144,"Ludicolo",0.28085,389,0.567,303,0.555],[145,"Roselia",0.27981,198,0.289,160,0.293],[146,"Alcremie",0.27909,560,0.817,397,0.728],[147,"Beartic",0.26326,204,0.298,153,0.28],[148,"Manectric",0.26174,227,0.331,170,0.312],[149,"Silvally-Grass",0.25043,134,0.195,105,0.192],[150,"Whiscash",0.24485,38,0.055,33,0.06],[151,"Pinsir",0.24417,338,0.493,264,0.484],[152,"Dusknoir",0.23827,375,0.547,314,0.575],[153,"Gothitelle",0.22834,102,0.149,70,0.128],[154,"Swirlix",0.22474,63,0.092,59,0.108],[155,"Hippopotas",0.2216,129,0.188,90,0.165],[156,"Ribombee",0.21926,150,0.219,127,0.233],[157,"Silvally-Fighting",0.20979,188,0.274,140,0.257],[158,"Fletchinder",0.20145,56,0.082,39,0.071],[159,"Vullaby",0.20074,64,0.093,49,0.09],[160,"Leafeon",0.18843,303,0.442,224,0.411],[161,"Arctovish",0.17935,101,0.147,85,0.156],[162,"Lilligant",0.1697,171,0.249,140,0.257],[163,"Metang",0.16679,198,0.289,174,0.319],[164,"Pyukumuku",0.16623,316,0.461,252,0.462],[165,"Mr. Rime",0.16373,524,0.764,416,0.762],[166,"Eiscue",0.15709,304,0.443,195,0.357],[167,"Dugtrio",0.15351,203,0.296,153,0.28],[168,"Calyrex",0.14293,102,0.149,73,0.134],[169,"Meowstic",0.13243,242,0.353,188,0.345],[170,"Togetic",0.13215,186,0.271,132,0.242],[171,"Silvally",0.12716,215,0.314,178,0.326],[172,"Carracosta",0.11598,