{"total":7727,"weight":0.072,"data":{"header":["Rank","Pokemon","Usage Percentage","Usage Raw","Usage Raw Percentage","Usage Real","Usage Real Percentage"],"rows":[[1,"Piloswine",24.66707,1294,8.373,1074,8.625],[2,"Gallade",23.9451,2721,17.607,2031,16.31],[3,"Vanilluxe",19.89403,2011,13.013,1727,13.869],[4,"Arctozolt",19.70783,1739,11.253,1346,10.809],[5,"Aromatisse",18.43322,1160,7.506,941,7.557],[6,"Ninjask",17.67176,1980,12.812,1574,12.64],[7,"Ninetales",17.33198,1541,9.972,1257,10.094],[8,"Jellicent",17.09737,1617,10.463,1325,10.64],[9,"Mudsdale",16.40474,2030,13.136,1711,13.74],[10,"Rotom",16.0011,1519,9.829,1251,10.046],[11,"Sandslash-Alola",14.58863,1856,12.01,1469,11.797],[12,"Duraludon",14.5396,2358,15.258,1942,15.595],[13,"Skuntank",14.30694,1407,9.104,1119,8.986],[14,"Miltank",13.74354,1483,9.596,1198,9.621],[15,"Arctovish",12.96634,1307,8.457,1054,8.464],[16,"Whimsicott",12.40583,1928,12.476,1603,12.873],[17,"Ribombee",12.33726,1969,12.741,1592,12.785],[18,"Garbodor",12.16225,967,6.257,847,6.802],[19,"Cramorant",12.07147,1000,6.471,805,6.465],[20,"Abomasnow",11.69437,1642,10.625,1411,11.331],[21,"Escavalier",11.17154,2024,13.097,1696,13.62],[22,"Weezing",11.04106,1784,11.544,1585,12.728],[23,"Persian-Alola",10.24513,1346,8.71,1161,9.323],[24,"Lanturn",10.14889,1640,10.612,1398,11.227],[25,"Silvally-Ghost",9.44498,618,3.999,479,3.847],[26,"Gurdurr",8.12768,967,6.257,759,6.095],[27,"Rapidash",8.083,1599,10.347,1242,9.974],[28,"Thwackey",8.01367,1075,6.956,882,7.083],[29,"Clefairy",7.38697,1262,8.166,1030,8.271],[30,"Stunfisk-Galar",7.28397,712,4.607,657,5.276],[31,"Clawitzer",7.22728,1673,10.826,1281,10.287],[32,"Wishiwashi",6.60661,837,5.416,680,5.461],[33,"Hitmontop",6.6051,1785,11.55,1431,11.492],[34,"Silvally-Steel",6.42571,928,6.005,817,6.561],[35,"Eldegoss",6.40148,1312,8.49,1053,8.456],[36,"Poliwrath",6.3819,993,6.426,771,6.192],[37,"Golbat",6.2541,486,3.145,404,3.244],[38,"Trevenant",6.00257,249,1.611,203,1.63],[39,"Silvally-Dragon",5.83983,662,4.284,512,4.112],[40,"Sableye",5.56685,873,5.649,681,5.469],[41,"Cofagrigus",5.02975,1728,11.182,1435,11.524],[42,"Gastrodon",4.63755,1312,8.49,1051,8.44],[43,"Magneton",3.8777,1017,6.581,838,6.73],[44,"Quagsire",3.67121,527,3.41,422,3.389],[45,"Accelgor",3.51621,1115,7.215,940,7.549],[46,"Basculin",3.50061,1082,7.001,801,6.432],[47,"Combusken",3.38587,263,1.702,196,1.574],[48,"Togedemaru",3.3707,915,5.921,772,6.2],[49,"Frosmoth",3.29342,985,6.374,716,5.75],[50,"Malamar",3.29169,1437,9.299,1143,9.179],[51,"Kingler",3.0184,956,6.186,707,5.678],[52,"Rotom-Fan",2.96759,1002,6.484,869,6.979],[53,"Swoobat",2.74074,277,1.792,203,1.63],[54,"Cinccino",2.66882,1969,12.741,1493,11.99],[55,"Rhydon",2.63946,779,5.041,607,4.875],[56,"Galvantula",2.61558,1068,6.911,904,7.26],[57,"Hattrem",2.47171,308,1.993,256,2.056],[58,"Runerigus",2.39964,232,1.501,202,1.622],[59,"Sandaconda",2.37952,855,5.533,698,5.605],[60,"Silvally",2.2851,165,1.068,130,1.044],[61,"Ferroseed",2.09978,265,1.715,245,1.967],[62,"Raichu",2.09591,158,1.022,132,1.06],[63,"Sawk",1.85416,365,2.362,268,2.152],[64,"Jolteon",1.8469,594,3.844,459,3.686],[65,"Dusclops",1.78194,176,1.139,151,1.213],[66,"Avalugg",1.7731,271,1.754,217,1.743],[67,"Froslass",1.7663,1127,7.293,943,7.573],[68,"Thievul",1.75669,467,3.022,373,2.995],[69,"Gourgeist-Super",1.73836,145,0.938,120,0.964],[70,"Orbeetle",1.49327,401,2.595,338,2.714],[71,"Exeggutor",1.42912,192,1.242,158,1.269],[72,"Golduck",1.39528,110,0.712,86,0.691],[73,"Corsola-Galar",1.38313,445,2.88,375,3.011],[74,"Raboot",1.36824,207,1.339,155,1.245],[75,"Silvally-Poison",1.3437,145,0.938,120,0.964],[76,"Qwilfish",1.34185,222,1.437,192,1.542],[77,"Sandslash",1.30651,107,0.692,98,0.787],[78,"Rotom-Frost",1.2769,332,2.148,278,2.232],[79,"Hitmonchan",1.2359,195,1.262,164,1.317],[80,"Lycanroc-Midnight",1.22946,124,0.802,106,0.851],[81,"Gourgeist-Small",1.22842,169,1.094,146,1.172],[82,"Silvally-Dark",1.13083,192,1.242,132,1.06],[83,"Alcremie",1.04343,266,1.721,193,1.55],[84,"Shedinja",1.02697,92,0.595,57,0.458],[85,"Liepard",0.90844,221,1.43,191,1.534],[86,"Drifblim",0.87799,311,2.012,255,2.048],[87,"Pincurchin",0.87051,149,0.964,133,1.068],[88,"Flapple",0.86562,490,3.171,360,2.891],[89,"Morpeko",0.8597,254,1.644,193,1.55],[90,"Ludicolo",0.83468,73,0.472,63,0.506],[91,"Mareanie",0.81875,53,0.343,42,0.337],[92,"Lairon",0.79611,62,0.401,50,0.402],[93,"Falinks",0.78673,208,1.346,162,1.301],[94,"Dusknoir",0.77896,164,1.061,129,1.036],[95,"Cursola",0.76038,297,1.922,238,1.911],[96,"Flareon",0.75652,425,2.75,349,2.803],[97,"Silvally-Water",0.71944,213,1.378,174,1.397],[98,"Kadabra",0.71401,174,1.126,128,1.028],[99,"Drednaw",0.66735,92,0.595,69,0.554],[100,"Kangaskhan",0.64079,108,0.699,94,0.755],[101,"Appletun",0.58988,171,1.107,114,0.915],[102,"Butterfree",0.44445,366,2.368,295,2.369],[103,"Crustle",0.42196,179,1.158,149,1.197],[104,"Boltund",0.41273,100,0.647,73,0.586],[105,"Gabite",0.40147,51,0.33,38,0.305],[106,"Klinklang",0.39493,166,1.074,130,1.044],[107,"Bouffalant",0.36566,100,0.647,73,0.586],[108,"Mr. Mime-Galar",0.36128,121,0.783,90,0.723],[109,"Stunfisk",0.35928,102,0.66,90,0.723],[110,"Whiscash",0.34421,38,0.246,30,0.241],[111,"Pinsir",0.32449,195,1.262,145,1.164],[112,"Munchlax",0.32269,21,0.136,20,0.161],[113,"Silvally-Ice",0.3164,37,0.239,28,0.225],[114,"Luxray",0.29668,45,0.291,37,0.297],[115,"Torracat",0.28388,28,0.181,26,0.209],[116,"Eiscue",0.28042,143,0.925,104,0.835],[117,"Larvesta",0.27826,8,0.052,7,0.056],[118,"Rapidash-Galar",0.27537,211,1.365,160,1.285],[119,"Unfezant",0.22022,217,1.404,160,1.285],[120,"Silvally-Flying",0.21976,71,0.459,62,0.498],[121,"Noctowl",0.21096,180,1.165,139,1.116],[122,"Perrserker",0.2076,244,1.579,195,1.566],[123,"Lapras",0.20413,146,0.945,124,0.996],[124,"Glaceon",0.20084,105,0.679,82,0.659],[125,"Seaking",0.19961,15,0.097,12,0.096],[126,"Dugtrio-Alola",0.1941,245,1.585,206,1.654],[127,"Silvally-Fire",0.18398,120,0.776,100,0.803],[128,"Mr. Mime",0.18094,54,0.349,47,0.377],[129,"Machoke",0.1616,4,0.026,4,0.032],[130,"Politoed",0.15595,85,0.55,73,0.586],[131,"Krokorok",0.15262,25,0.162,24,0.193],[132,"Zigzagoon",0.14786,6,0.039,4,0.032],[133,"Lilligant",0.12996,62,0.401,49,0.393],[134,"Lurantis",0.11627,221,1.43,178,1.429],[135,"Zweilous",0.10094,66,0.427,44,0.353],[136,"Lopunny",0.10048,37,0.239,32,0.257],[137,"Silvally-Ground",0.09948,54,0.349,47,0.377],[138,"Throh",0.09428,35,0.226,28,0.225],[139,"Lampent",0.09166,198,1.281,181,1.454],[140,"Silvally-Fighting",0.09083,54,0.349,44,0.353],[141,"Amaura",0.09065,14,0.091,10,0.08],[142,"Shelgon",0.08922,1,0.006,1,0.008],[143,"Manectric",0.07784,61,0.395,55,0.442],[144,"Shuckle",0.07741,229,1.482,206,1.654],[145,"Bellossom",0.07099,43,0.278,30,0.241],[146,"Delibird",0.06519,60,0.388,53,0.426],[147,"Emolga",0.0643,95,0.615,64,0.514],[148,"Roselia",0.05872,60,0.388,51,0.41],[149,"Heatmor",0.05751,50,0.324,37,0.297],[150,"Wartortle",0.05587,28,0.181,20,0.161],[151,"Type: Null",0.05268,39,0.252,30,0.241],[152,"Ivysaur",0.04285,23,0.149,20,0.161],[153,"Leafeon",0.04246,96,0.621,67,0.538],[154,"Dubwool",0.04067,82,0.531,63,0.506],[155,"Drilbur",0.03736,45,0.291,42,0.337],[156,"Grovyle",0.03724,17,0.11,13,0.104],[157,"Mr. Rime",0.03538,255,1.65,213,1.71],[158,"Marowak",0.03403,53,0.343,50,0.402],[159,"Lickilicky",0.03328,77,0.498,62,0.498],[160,"Mawile",0.03128,43,0.278,39,0.313],[161,"Natu",0.0284,29,0.188,23,0.185],[162,"Maractus",0.0284,39,0.252,26,0.209],[163,"Dugtrio",0.02574,16,0.104,13,0.104],[164,"Grapploct",0.02422,65,0.421,45,0.361],[165,"Wigglytuff",0.02163,24,0.155,22,0.177],[166,"Shiinotic",0.01963,100,0.647,85,0.683],[167,"Slowpoke",0.01879,21,0.136,15,0.12],[168,"Stoutland",0.01848,47,0.304,38,0.305],[169,"Sliggoo",0.0183,14,0.091,10,0.08],[170,"Persian",0.01824,47,0.304,44,0.353],[171,"Gourgeist",0.01585,16,0.104,10,0.08],[172,"Stonjourner",0.0151,42,0.272,32,0.257],[173,"Pyukumuku",0.01335,89,0.576,70,0.562],[174,"Beheeyem",0.01023,50,0.324,41,0.329],[175,"Silvally-Rock",0.01003,9,0.058,7,0.056],[176,