{"total":24252,"weight":0.064,"data":{"header":["Rank","Pokemon","Usage Percentage","Usage Raw","Usage Raw Percentage","Usage Real","Usage Real Percentage"],"rows":[[1,"Crobat",40.43765,15034,30.995,12484,31.815],[2,"Escavalier",15.26148,4930,10.164,4180,10.653],[3,"Porygon2",14.47101,4427,9.127,3625,9.238],[4,"Gallade",13.93627,6453,13.304,5096,12.987],[5,"Vaporeon",13.6317,4475,9.226,3704,9.44],[6,"Duraludon",13.53129,5937,12.24,4940,12.589],[7,"Sceptile",13.11349,6718,13.85,5164,13.16],[8,"Regirock",12.09393,5649,11.646,4845,12.347],[9,"Mesprit",11.57805,3517,7.251,2956,7.533],[10,"Aurorus",11.52029,5763,11.881,4916,12.528],[11,"Aggron",11.3354,6982,14.395,5862,14.939],[12,"Gastrodon",11.29111,4587,9.457,3819,9.733],[13,"Weezing",11.21638,3841,7.919,3368,8.583],[14,"Claydol",10.95606,5362,11.055,4565,11.634],[15,"Centiskorch",10.92074,5935,12.236,4780,12.182],[16,"Silvally-Fairy",10.76354,3811,7.857,2961,7.546],[17,"Rotom",10.18303,3305,6.814,2678,6.825],[18,"Whimsicott",9.71825,4028,8.304,3321,8.463],[19,"Coalossal",9.55035,2772,5.715,2412,6.147],[20,"Tauros",9.19579,4803,9.902,3654,9.312],[21,"Ribombee",8.80036,5173,10.665,4244,10.816],[22,"Hitmontop",8.73222,5047,10.405,4122,10.505],[23,"Clawitzer",8.6935,5522,11.385,4383,11.17],[24,"Absol",8.57048,3129,6.451,2429,6.19],[25,"Jellicent",8.29889,3820,7.876,3141,8.005],[26,"Lanturn",7.97536,3823,7.882,3064,7.808],[27,"Piloswine",7.9154,2337,4.818,2031,5.176],[28,"Exeggutor-Alola",7.65423,2446,5.043,1985,5.059],[29,"Miltank",7.01563,3867,7.973,3149,8.025],[30,"Toxicroak",6.9371,3587,7.395,2879,7.337],[31,"Cradily",6.2247,2954,6.09,2425,6.18],[32,"Cofagrigus",6.18927,3134,6.461,2621,6.68],[33,"Ninjask",6.11158,3500,7.216,2781,7.087],[34,"Stunfisk-Galar",6.10133,1910,3.938,1703,4.34],[35,"Eldegoss",6.06481,2957,6.096,2353,5.997],[36,"Gurdurr",5.90414,2784,5.74,2302,5.867],[37,"Magneton",5.73844,1927,3.973,1609,4.1],[38,"Magmortar",5.64229,3384,6.977,2649,6.751],[39,"Thwackey",5.60139,3141,6.476,2697,6.873],[40,"Silvally-Ghost",5.5953,1799,3.709,1434,3.654],[41,"Arctovish",5.40108,3146,6.486,2493,6.353],[42,"Electivire",5.34521,4834,9.966,3749,9.554],[43,"Aromatisse",5.1498,2237,4.612,1718,4.378],[44,"Haunter",5.08516,3586,7.393,2750,7.008],[45,"Sandslash-Alola",5.06745,2803,5.779,2237,5.701],[46,"Turtonator",5.06023,2853,5.882,2192,5.586],[47,"Cramorant",4.67314,3330,6.865,2685,6.843],[48,"Sneasel",4.65836,2142,4.416,1606,4.093],[49,"Lycanroc",4.28528,2765,5.701,2282,5.816],[50,"Tangela",4.27058,1668,3.439,1326,3.379],[51,"Poliwrath",4.07545,1861,3.837,1498,3.818],[52,"Spiritomb",4.05478,2402,4.952,1970,5.02],[53,"Guzzlord",4.02049,1540,3.175,1217,3.101],[54,"Garbodor",4.0124,1974,4.07,1681,4.284],[55,"Runerigus",3.88117,1222,2.519,1103,2.811],[56,"Clefairy",3.88012,2168,4.47,1730,4.409],[57,"Drampa",3.81792,2193,4.521,1648,4.2],[58,"Ninetales",3.74125,1814,3.74,1399,3.565],[59,"Accelgor",3.69524,1335,2.752,1044,2.661],[60,"Audino",3.50658,2537,5.23,2002,5.102],[61,"Sableye",3.32324,2304,4.75,1935,4.931],[62,"Rhydon",3.29939,1163,2.398,911,2.322],[63,"Trevenant",3.19731,1948,4.016,1528,3.894],[64,"Quagsire",3.16547,952,1.963,783,1.995],[65,"Galvantula",2.9657,2458,5.068,2162,5.51],[66,"Golbat",2.89916,1589,3.276,1307,3.331],[67,"Politoed",2.58573,373,0.769,343,0.874],[68,"Sandaconda",2.48633,1127,2.324,969,2.469],[69,"Skuntank",2.47604,1691,3.486,1348,3.435],[70,"Kingdra",2.41136,399,0.823,322,0.821],[71,"Ludicolo",2.39125,282,0.581,224,0.571],[72,"Rotom-Fan",2.34899,1245,2.567,1082,2.757],[73,"Persian-Alola",2.28032,2286,4.713,1887,4.809],[74,"Jolteon",2.05995,1549,3.194,1233,3.142],[75,"Carracosta",2.00529,573,1.181,445,1.134],[76,"Cinccino",1.97712,1629,3.358,1273,3.244],[77,"Corsola-Galar",1.91086,815,1.68,712,1.815],[78,"Carbink",1.88656,1365,2.814,1233,3.142],[79,"Pincurchin",1.76367,746,1.538,660,1.682],[80,"Zygarde-10%",1.71245,513,1.058,412,1.05],[81,"Flareon",1.70151,721,1.486,585,1.491],[82,"Rapidash",1.59518,1983,4.088,1467,3.739],[83,"Ferroseed",1.55362,492,1.014,447,1.139],[84,"Tyrantrum",1.54827,475,0.979,377,0.961],[85,"Sawk",1.53743,551,1.136,421,1.073],[86,"Togedemaru",1.4158,721,1.486,600,1.529],[87,"Throh",1.41177,295,0.608,241,0.614],[88,"Flapple",1.40488,810,1.67,595,1.516],[89,"Frosmoth",1.31405,1199,2.472,857,2.184],[90,"Silvally-Dragon",1.26059,712,1.468,536,1.366],[91,"Cryogonal",1.24005,731,1.507,608,1.549],[92,"Wishiwashi",1.22421,1209,2.493,975,2.485],[93,"Basculin",1.20973,1174,2.42,924,2.355],[94,"Alcremie",1.18841,512,1.056,392,0.999],[95,"Kingler",1.18394,1168,2.408,880,2.243],[96,"Swoobat",1.15366,672,1.385,518,1.32],[97,"Appletun",1.13221,294,0.606,232,0.591],[98,"Perrserker",1.09414,681,1.404,567,1.445],[99,"Rotom-Frost",1.02867,478,0.985,391,0.996],[100,"Gourgeist-Small",0.96342,229,0.472,180,0.459],[101,"Silvally-Dark",0.91954,602,1.241,475,1.211],[102,"Thievul",0.8504,585,1.206,463,1.18],[103,"Stunfisk",0.83696,164,0.338,150,0.382],[104,"Lapras",0.80918,266,0.548,208,0.53],[105,"Altaria",0.79311,351,0.724,294,0.749],[106,"Silvally-Poison",0.77799,282,0.581,207,0.528],[107,"Cursola",0.77203,543,1.119,414,1.055],[108,"Avalugg",0.74518,430,0.887,331,0.844],[109,"Drifblim",0.68972,410,0.845,308,0.785],[110,"Emolga",0.67282,70,0.144,62,0.158],[111,"Jynx",0.66416,268,0.553,213,0.543],[112,"Liepard",0.65474,398,0.821,320,0.816],[113,"Lickilicky",0.63758,215,0.443,177,0.451],[114,"Marowak",0.61472,320,0.66,255,0.65],[115,"Pikachu",0.60093,241,0.497,181,0.461],[116,"Silvally-Ground",0.59587,416,0.858,323,0.823],[117,"Gourgeist-Super",0.58719,391,0.806,321,0.818],[118,"Kadabra",0.58347,349,0.72,251,0.64],[119,"Walrein",0.57538,265,0.546,208,0.53],[120,"Kangaskhan",0.52797,455,0.938,337,0.859],[121,"Morpeko",0.50979,340,0.701,271,0.691],[122,"Orbeetle",0.49833,663,1.367,539,1.374],[123,"Silvally-Grass",0.49803,138,0.285,109,0.278],[124,"Combusken",0.49398,333,0.687,245,0.624],[125,"Dugtrio-Alola",0.47628,513,1.058,430,1.096],[126,"Rapidash-Galar",0.46786,301,0.621,220,0.561],[127,"Unfezant",0.43093,336,0.693,256,0.652],[128,"Shuckle",0.4166,710,1.464,637,1.623],[129,"Silvally-Fighting",0.40162,178,0.367,133,0.339],[130,"Butterfree",0.40014,533,1.099,399,1.017],[131,"Silvally-Water",0.39326,273,0.563,225,0.573],[132,"Beheeyem",0.38585,237,0.489,161,0.41],[133,"Boltund",0.38168,320,0.66,230,0.586],[134,"Lurantis",0.38127,250,0.515,197,0.502],[135,"Hippopotas",0.34983,146,0.301,130,0.331],[136,"Stoutland",0.3446,85,0.175,64,0.163],[137,"Dusclops",0.34277,277,0.571,240,0.612],[138,"Silvally-Fire",0.34101,232,0.478,178,0.454],[139,"Hattrem",0.33789,266,0.548,224,0.571],[140,"Sandslash",0.32855,160,0.33,134,0.341],[141,"Arctozolt",0.32397,107,0.221,72,0.183],[142,"Dubwool",0.29422,284,0.586,232,0.591],[143,"Lycanroc-Midnight",0.29364,183,0.377,144,0.367],[144,"Exeggutor",0.2731,407,0.839,299,0.762],[145,"Dragonair",0.27013,76,0.157,56,0.143],[146,"Armaldo",0.26526,213,0.439,175,0.446],[147,"Beartic",0.2576,144,0.297,92,0.234],[148,"Musharna",0.25382,125,0.258,84,0.214],[149,"Qwilfish",0.24542,447,0.922,394,1.004],[150,"Hitmonchan",0.2424,401,0.827,299,0.762],[151,"Wigglytuff",0.24009,196,0.404,151,0.385],[152,"Raichu",0.23713,149,0.307,106,0.27],[153,"Meowstic",0.22842,161,0.332,128,0.326],[154,"Mareanie",0.22763,29,0.06,28,0.071],[155,"Lunatone",0.22751,98,0.202,72,0.183],[156,"Dugtrio",0.21453,66,0.136,53,0.135],[157,"Abomasnow",0.20364,111,0.229,94,0.24],[158,"Ivysaur",0.20103,105,0.216,80,0.204],[159,"Golduck",0.19383,123,0.254,93,0.237],[160,"Silvally",0.19038,223,0.46,182,0.464],[161,"Silvally-Flying",0.1786,85,0.175,69,0.176],[162,"Pawniard",0.17471,125,0.258,96,0.245],[163,"Mr. Rime",0.17166,268,0.553,202,0.515],[164,"Mr. Mime-Galar",0.16703,111,0.229,85,0.217],[165,"Falinks",0.16562,196,0.404,142,0.362],[166,"Glaceon",0.16561,192,0.396,146,0.372],[167,"Hakamo-o",0.16106,53,0.109,46,0.117],[168,"Dusknoir",0.15976,240,0.495,194,0.494],[169,"Raboot",0.15245,181,0.373,157,0.4],[170,"Lopunny",0.1454,603,1.243,544,1.386],[171,"Drednaw",0.14354,179,0.369,151,0.385],[172,